#VRML V2.0 utf8
# 3D model generated by easyeda2kicad.py (https://github.com/uPesy/easyeda2kicad.py)

Shape{
    appearance Appearance {
        material  Material 	{
            diffuseColor 0.8117647058823529 0.8117647058823529 0.8117647058823529
            specularColor 0.403921568627451 0.403921568627451 0.403921568627451
            ambientIntensity 0.8118
            transparency 0.0
            shininess 0.5
        }
    }
    geometry IndexedFaceSet {
        ccw TRUE
        solid FALSE
        coord DEF co Coordinate {
            point [
                1.7275 -2.2106 4.4882, 1.7224 -2.2736 4.4882, 1.7224 -2.0768 4.4882, 1.959 -1.9127 4.4882, 1.9193 -1.8799 4.4882, 2.0531 -1.885 4.4882, 2.1161 -1.8799 4.4882, 1.9193 -1.378 4.4882, 1.8602 -1.378 4.4882, 1.845 -1.3759 4.4882, 0.6472 -1.976 4.4882, -0.4724 -1.648 4.4882, 0.6595 -1.9666 4.4882, 0.6737 -1.9607 4.4882, 1.8746 -1.9627 4.4882, 1.8052 -2.0321 4.4882, 1.7552 -2.1164 4.4882, 1.8032 -1.3342 4.4882, -0.0344 -1.6042 4.4882, 0.2467 -1.5175 4.4882, 1.4173 -1.6929 4.4882, 1.1614 -1.9587 4.4882, 0.689 -1.9587 4.4882, 1.154 -0.7939 4.4882, 1.3011 -0.5391 4.4882, 1.8091 -0.8169 4.4882, 1.5945 -1.7952 4.4882, 1.619 -1.7764 4.4882, 0.5118 -1.3898 4.4882, 0.7549 -1.2241 4.4882, 0.9706 -1.024 4.4882, 1.1767 -1.9607 4.4882, 1.4214 -1.7235 4.4882, 1.1909 -1.9666 4.4882, 0.6378 -1.9882 4.4882, 0.6319 -2.0024 4.4882, -0.4724 -2.0768 4.4882, 0.6299 -2.0177 4.4882, 0.6299 -2.0768 4.4882, 1.8185 -0.8047 4.4882, 1.4086 -0.2653 4.4882, 1.8307 -0.7953 4.4882, 1.4741 0.0216 4.4882, 1.845 -0.7894 4.4882, 1.4961 0.315 4.4882, 1.8602 -0.7874 4.4882, 1.9193 0.315 4.4882, 1.9193 -0.7874 4.4882, 1.5049 -1.807 4.4882, 1.5354 -1.811 4.4882, 1.2185 -2.0024 4.4882, 1.566 -1.807 4.4882, 1.2205 -2.0177 4.4882, 1.2205 -2.0768 4.4882, 1.8032 -0.8312 4.4882, 1.8012 -0.8465 4.4882, 1.8012 -1.3189 4.4882, 1.6377 -1.752 4.4882, 1.6495 -1.7235 4.4882, 1.6535 -1.6929 4.4882, 1.6495 -1.6623 4.4882, 1.6377 -1.6339 4.4882, 1.619 -1.6094 4.4882, 1.8307 -1.37 4.4882, 1.2032 -1.976 4.4882, 1.4332 -1.752 4.4882, 1.2126 -1.9882 4.4882, 1.4519 -1.7764 4.4882, 1.4764 -1.7952 4.4882, 1.4519 -1.6094 4.4882, 1.4332 -1.6339 4.4882, 1.4214 -1.6623 4.4882, -0.3253 -1.648 4.4882, 1.8185 -1.3607 4.4882, 1.5945 -1.5906 4.4882, 1.8091 -1.3484 4.4882, 1.566 -1.5788 4.4882, 1.5354 -1.5748 4.4882, 1.5049 -1.5788 4.4882, 1.4764 -1.5906 4.4882, -2.7514 -2.0304 4.4882, -2.8207 -1.9618 4.4882, -2.8642 -1.8799 4.4882, -2.9047 -1.9123 4.4882, -2.9983 -1.8849 4.4882, -3.061 -1.8799 4.4882, -1.5768 -2.0024 4.4882, -1.5827 -1.9882 4.4882, -1.5921 -1.976 4.4882, -1.6043 -1.9666 4.4882, -1.6186 -1.9607 4.4882, -2.8642 -1.378 4.4882, -2.8051 -1.378 4.4882, -2.6673 -2.2736 4.4882, -2.6729 -2.2073 4.4882, -2.6673 -2.0768 4.4882, -2.7012 -2.1139 4.4882, -2.5826 -1.752 4.4882, -2.5638 -1.7764 4.4882, -2.1633 -2.0024 4.4882, -2.1653 -2.0177 4.4882, -2.1653 -2.0768 4.4882, -2.5826 -1.6339 4.4882, -2.5944 -1.6623 4.4882, -2.7898 -1.3759 4.4882, -2.5984 -1.6929 4.4882, -2.7481 -1.3342 4.4882, -1.6998 -1.2241 4.4882, -1.4567 -1.3898 4.4882, -1.1916 -1.5175 4.4882, -0.9105 -1.6042 4.4882, -0.6195 -1.648 4.4882, -1.5748 -2.0177 4.4882, -1.5748 -2.0768 4.4882, -2.5944 -1.7235 4.4882, -2.4497 -1.5788 4.4882, -2.4803 -1.5748 4.4882, -2.5109 -1.5788 4.4882, -1.9155 -1.024 4.4882, -2.7461 -1.3189 4.4882, -2.0989 -0.7939 4.4882, -1.6339 -1.9587 4.4882, -2.1063 -1.9587 4.4882, -2.3622 -1.6929 4.4882, -2.1216 -1.9607 4.4882, -2.1358 -1.9666 4.4882, -2.3662 -1.6623 4.4882, -2.378 -1.6339 4.4882, -2.3968 -1.6094 4.4882, -2.4213 -1.5906 4.4882, -2.7461 -0.8465 4.4882, -2.7481 -0.8312 4.4882, -2.246 -0.5391 4.4882, -2.754 -0.8169 4.4882, -2.3535 -0.2653 4.4882, -2.7634 -0.8047 4.4882, -2.419 0.0216 4.4882, -2.7756 -0.7953 4.4882, -2.4409 0.315 4.4882, -2.7898 -0.7894 4.4882, -2.8642 0.315 4.4882, -2.8051 -0.7874 4.4882, -2.8642 -0.7874 4.4882, -2.5394 -1.7952 4.4882, -2.5109 -1.807 4.4882, -2.4803 -1.811 4.4882, -2.4497 -1.807 4.4882, -2.4213 -1.7952 4.4882, -2.3968 -1.7764 4.4882, -2.1574 -1.9882 4.4882, -2.5638 -1.6094 4.4882, -2.7756 -1.37 4.4882, -2.5394 -1.5906 4.4882, -2.7634 -1.3607 4.4882, -2.754 -1.3484 4.4882, -2.1481 -1.976 4.4882, -2.378 -1.752 4.4882, -2.3662 -1.7235 4.4882, -2.5944 2.3534 4.4882, -2.5984 2.3228 4.4882, -2.8642 2.5098 4.4882, -2.6673 2.7067 4.4882, -2.8195 2.5926 4.4882, -2.7501 2.662 4.4882, -2.7001 2.7464 4.4882, -2.6724 2.8405 4.4882, -2.6673 2.9035 4.4882, -3.061 2.5098 4.4882, -2.9979 2.5149 4.4882, -2.9038 2.5426 4.4882, -2.0989 1.4239 4.4882, -2.246 1.1691 4.4882, -2.754 1.4468 4.4882, -1.5921 2.6059 4.4882, -0.4724 2.278 4.4882, -1.6043 2.5965 4.4882, -1.6186 2.5906 4.4882, -2.3968 2.4063 4.4882, -2.4213 2.4251 4.4882, -2.4497 2.4369 4.4882, -2.4803 2.4409 4.4882, -1.1916 2.1474 4.4882, -1.4567 2.0197 4.4882, -2.7481 1.9641 4.4882, -1.6998 1.854 4.4882, -1.9155 1.6539 4.4882, -2.7898 2.0059 4.4882, -2.5944 2.2923 4.4882, -2.4213 2.2205 4.4882, -2.3968 2.2393 4.4882, -0.9105 2.2341 4.4882, -2.8051 2.0079 4.4882, -2.8642 2.0079 4.4882, -2.3662 2.3534 4.4882, -2.1216 2.5906 4.4882, -2.3622 2.3228 4.4882, -2.1063 2.5886 4.4882, -1.6339 2.5886 4.4882, -2.5109 2.4369 4.4882, -2.5394 2.4251 4.4882, -2.5638 2.4063 4.4882, -2.5826 2.3819 4.4882, -2.7634 1.4346 4.4882, -2.3535 0.8952 4.4882, -2.7756 1.4252 4.4882, -2.419 0.6083 4.4882, -2.7898 1.4193 4.4882, -2.8051 1.4173 4.4882, -2.8642 1.4173 4.4882, -2.5826 2.2638 4.4882, -2.5638 2.2393 4.4882, -2.7756 2.0 4.4882, -2.1653 2.7067 4.4882, -2.1653 2.6476 4.4882, -2.1633 2.6323 4.4882, -2.1574 2.6181 4.4882, -2.378 2.3819 4.4882, -2.1481 2.6059 4.4882, -2.1358 2.5965 4.4882, -1.5827 2.6181 4.4882, -1.5768 2.6323 4.4882, -0.4724 2.7067 4.4882, -1.5748 2.6476 4.4882, -1.5748 2.7067 4.4882, -2.7481 1.4611 4.4882, -2.7461 1.4764 4.4882, -2.7461 1.9488 4.4882, -2.4497 2.2087 4.4882, -2.378 2.2638 4.4882, -2.3662 2.2923 4.4882, -0.6195 2.278 4.4882, -2.7634 1.9906 4.4882, -2.5394 2.2205 4.4882, -2.754 1.9783 4.4882, -2.5109 2.2087 4.4882, -2.4803 2.2047 4.4882, 0.6378 2.6181 4.4882, 0.6472 2.6059 4.4882, 1.7224 2.7067 4.4882, 1.7224 2.9035 4.4882, 1.7275 2.8405 4.4882, 2.1161 2.5098 4.4882, 1.9193 2.5098 4.4882, 2.0531 2.5149 4.4882, 1.959 2.5426 4.4882, 0.6319 2.6323 4.4882, 1.7552 2.7464 4.4882, 1.8052 2.662 4.4882, 1.8746 2.5926 4.4882, 1.566 2.4369 4.4882, 1.5354 2.4409 4.4882, 1.1767 2.5906 4.4882, 1.5049 2.4369 4.4882, 1.4173 2.3228 4.4882, 0.2467 2.1474 4.4882, -0.0344 2.2341 4.4882, 1.8032 1.9641 4.4882, 1.8012 1.9488 4.4882, 0.9706 1.6539 4.4882, 1.154 1.4239 4.4882, 0.6299 2.6476 4.4882, 0.6299 2.7067 4.4882, -0.3253 2.278 4.4882, 1.4214 2.3534 4.4882, 1.8012 1.4764 4.4882, 1.8032 1.4611 4.4882, 1.3011 1.1691 4.4882, 1.8091 1.4468 4.4882, 1.4086 0.8952 4.4882, 1.8185 1.4346 4.4882, 1.4741 0.6083 4.4882, 1.8307 1.4252 4.4882, 1.845 1.4193 4.4882, 1.8602 1.4173 4.4882, 1.9193 1.4173 4.4882, 0.6595 2.5965 4.4882, 0.6737 2.5906 4.4882, 0.689 2.5886 4.4882, 1.4332 2.3819 4.4882, 1.1614 2.5886 4.4882, 1.4519 2.4063 4.4882, 1.4764 2.4251 4.4882, 1.6495 2.2923 4.4882, 1.6535 2.3228 4.4882, 1.845 2.0059 4.4882, 1.5049 2.2087 4.4882, 1.5354 2.2047 4.4882, 1.566 2.2087 4.4882, 1.1909 2.5965 4.4882, 1.2032 2.6059 4.4882, 1.5945 2.4251 4.4882, 1.6377 2.3819 4.4882, 1.619 2.4063 4.4882, 1.6377 2.2638 4.4882, 1.6495 2.3534 4.4882, 1.8602 2.0079 4.4882, 1.9193 2.0079 4.4882, 0.5118 2.0197 4.4882, 1.4214 2.2923 4.4882, 0.7549 1.854 4.4882, 1.4332 2.2638 4.4882, 1.4519 2.2393 4.4882, 1.4764 2.2205 4.4882, 1.2205 2.7067 4.4882, 1.2205 2.6476 4.4882, 1.2185 2.6323 4.4882, 1.2126 2.6181 4.4882, 1.619 2.2393 4.4882, 1.8307 2.0 4.4882, 1.5945 2.2205 4.4882, 1.8185 1.9906 4.4882, 1.8091 1.9783 4.4882, -2.4409 0.315 4.685, -2.419 0.0216 4.685, -2.3535 -0.2653 4.685, -2.246 -0.5391 4.685, -2.0989 -0.7939 4.685, -1.9155 -1.024 4.685, -1.6998 -1.2241 4.685, -1.4567 -1.3898 4.685, -1.1916 -1.5175 4.685, -0.9105 -1.6042 4.685, -0.6195 -1.648 4.685, -0.4724 -1.648 4.685, -0.3253 -1.648 4.685, -0.0344 -1.6042 4.685, 0.2467 -1.5175 4.685, 0.5118 -1.3898 4.685, 0.7549 -1.2241 4.685, 0.9706 -1.024 4.685, 1.154 -0.7939 4.685, 1.3011 -0.5391 4.685, 1.4086 -0.2653 4.685, 1.4741 0.0216 4.685, 1.4961 0.315 4.685, 1.4741 0.6083 4.685, 1.4086 0.8952 4.685, 1.3011 1.1691 4.685, 1.154 1.4239 4.685, 0.9706 1.6539 4.685, 0.7549 1.854 4.685, 0.5118 2.0197 4.685, 0.2467 2.1474 4.685, -0.0344 2.2341 4.685, -0.3253 2.278 4.685, -0.4724 2.278 4.685, -0.6195 2.278 4.685, -0.9105 2.2341 4.685, -1.1916 2.1474 4.685, -1.4567 2.0197 4.685, -1.6998 1.854 4.685, -1.9155 1.6539 4.685, -2.0989 1.4239 4.685, -2.246 1.1691 4.685, -2.3535 0.8952 4.685, -2.419 0.6083 4.685, -1.6339 -1.9587 4.685, -1.6186 -1.9607 4.685, -1.6043 -1.9666 4.685, -1.5921 -1.976 4.685, -2.5944 -1.7235 4.685, -2.5984 -1.6929 4.685, -2.7481 -1.3342 4.685, -2.5944 -1.6623 4.685, -2.7481 -0.8312 4.685, -2.754 -0.8169 4.685, -2.7634 -0.8047 4.685, -2.7756 -0.7953 4.685, -2.7898 -0.7894 4.685, -2.8051 -0.7874 4.685, -2.8642 0.315 4.685, -2.8642 -0.7874 4.685, -2.4497 -1.807 4.685, -2.4803 -1.811 4.685, -2.1633 -2.0024 4.685, -2.8642 -1.378 4.685, -2.8642 -1.9327 4.685, -2.8051 -1.378 4.685, -2.8207 -1.9618 4.685, -2.7898 -1.3759 4.685, -2.7514 -2.0304 4.685, -2.7201 -2.0768 4.685, -1.5827 -1.9882 4.685, -1.5768 -2.0024 4.685, -0.4724 -2.0768 4.685, -1.5748 -2.0177 4.685, -1.5748 -2.0768 4.685, -2.4213 -1.5906 4.685, -2.3968 -1.6094 4.685, -2.378 -1.6339 4.685, -2.3662 -1.6623 4.685, -2.3622 -1.6929 4.685, -2.7756 -1.37 4.685, -2.5826 -1.752 4.685, -2.7634 -1.3607 4.685, -2.754 -1.3484 4.685, -2.4213 -1.7952 4.685, -2.5109 -1.807 4.685, -2.5394 -1.7952 4.685, -2.1653 -2.0177 4.685, -2.1653 -2.0768 4.685, -2.1063 -1.9587 4.685, -2.5826 -1.6339 4.685, -2.5638 -1.6094 4.685, -2.7461 -1.3189 4.685, -2.5394 -1.5906 4.685, -2.7461 -0.8465 4.685, -2.5109 -1.5788 4.685, -2.4803 -1.5748 4.685, -2.4497 -1.5788 4.685, -2.5638 -1.7764 4.685, -2.3968 -1.7764 4.685, -2.1574 -1.9882 4.685, -2.378 -1.752 4.685, -2.1481 -1.976 4.685, -2.3662 -1.7235 4.685, -2.1358 -1.9666 4.685, -2.1216 -1.9607 4.685, 0.6319 -2.0024 4.685, 0.6378 -1.9882 4.685, 0.6472 -1.976 4.685, 0.6595 -1.9666 4.685, 0.6737 -1.9607 4.685, 1.6535 -1.6929 4.685, 1.6495 -1.7235 4.685, 1.9193 -1.9327 4.685, 1.6377 -1.752 4.685, 1.619 -1.7764 4.685, 1.8032 -1.3342 4.685, 1.2205 -2.0768 4.685, 1.7752 -2.0768 4.685, 1.2205 -2.0177 4.685, 1.8052 -2.0321 4.685, 1.2185 -2.0024 4.685, 1.8746 -1.9627 4.685, 1.6377 -1.6339 4.685, 1.6495 -1.6623 4.685, 1.845 -1.3759 4.685, 1.8602 -1.378 4.685, 1.9193 -1.378 4.685, 0.6299 -2.0177 4.685, 0.6299 -2.0768 4.685, 1.5354 -1.811 4.685, 1.566 -1.807 4.685, 1.5945 -1.7952 4.685, 1.5049 -1.807 4.685, 1.4764 -1.7952 4.685, 1.4519 -1.7764 4.685, 0.689 -1.9587 4.685, 1.4173 -1.6929 4.685, 1.4214 -1.6623 4.685, 1.8012 -1.3189 4.685, 1.1614 -1.9587 4.685, 1.1767 -1.9607 4.685, 1.4214 -1.7235 4.685, 1.1909 -1.9666 4.685, 1.4332 -1.752 4.685, 1.2032 -1.976 4.685, 1.2126 -1.9882 4.685, 1.5049 -1.5788 4.685, 1.5354 -1.5748 4.685, 1.566 -1.5788 4.685, 1.8012 -0.8465 4.685, 1.8032 -0.8312 4.685, 1.8091 -0.8169 4.685, 1.8185 -0.8047 4.685, 1.8307 -0.7953 4.685, 1.845 -0.7894 4.685, 1.9193 0.315 4.685, 1.8602 -0.7874 4.685, 1.9193 -0.7874 4.685, 1.4332 -1.6339 4.685, 1.4519 -1.6094 4.685, 1.4764 -1.5906 4.685, 1.619 -1.6094 4.685, 1.8307 -1.37 4.685, 1.5945 -1.5906 4.685, 1.8185 -1.3607 4.685, 1.8091 -1.3484 4.685, 1.8032 1.9641 4.685, 0.6472 2.6059 4.685, 0.6595 2.5965 4.685, 0.6737 2.5906 4.685, 1.845 2.0059 4.685, 1.6535 2.3228 4.685, 1.6495 2.2923 4.685, 1.9193 2.5626 4.685, 1.8602 2.0079 4.685, 1.9193 2.0079 4.685, 1.8052 2.662 4.685, 1.7752 2.7067 4.685, 1.2205 2.7067 4.685, 1.8091 1.4468 4.685, 1.6377 2.2638 4.685, 1.619 2.2393 4.685, 1.8307 2.0 4.685, 1.8746 2.5926 4.685, 1.2185 2.6323 4.685, 1.2205 2.6476 4.685, 1.5945 2.4251 4.685, 1.619 2.4063 4.685, 1.4173 2.3228 4.685, 1.1614 2.5886 4.685, 0.689 2.5886 4.685, 0.6378 2.6181 4.685, 0.6319 2.6323 4.685, -0.4724 2.7067 4.685, 0.6299 2.6476 4.685, 0.6299 2.7067 4.685, 1.8185 1.4346 4.685, 1.8307 1.4252 4.685, 1.845 1.4193 4.685, 1.8602 1.4173 4.685, 1.9193 1.4173 4.685, 1.6377 2.3819 4.685, 1.6495 2.3534 4.685, 1.4519 2.2393 4.685, 1.4332 2.2638 4.685, 1.4214 2.2923 4.685, 1.4764 2.4251 4.685, 1.4519 2.4063 4.685, 1.2126 2.6181 4.685, 1.4332 2.3819 4.685, 1.2032 2.6059 4.685, 1.4214 2.3534 4.685, 1.1909 2.5965 4.685, 1.1767 2.5906 4.685, 1.5049 2.4369 4.685, 1.5354 2.4409 4.685, 1.566 2.4369 4.685, 1.8032 1.4611 4.685, 1.8012 1.4764 4.685, 1.8012 1.9488 4.685, 1.8185 1.9906 4.685, 1.5945 2.2205 4.685, 1.8091 1.9783 4.685, 1.566 2.2087 4.685, 1.5354 2.2047 4.685, 1.5049 2.2087 4.685, 1.4764 2.2205 4.685, -2.7481 1.9641 4.685, -1.5768 2.6323 4.685, -1.5827 2.6181 4.685, -1.5921 2.6059 4.685, -1.6043 2.5965 4.685, -1.6186 2.5906 4.685, -2.5109 2.4369 4.685, -2.4803 2.4409 4.685, -2.1216 2.5906 4.685, -2.4497 2.4369 4.685, -2.4213 2.4251 4.685, -2.3968 2.4063 4.685, -2.1063 2.5886 4.685, -2.378 2.3819 4.685, -1.6339 2.5886 4.685, -2.3662 2.3534 4.685, -1.5748 2.6476 4.685, -1.5748 2.7067 4.685, -2.1653 2.7067 4.685, -2.7201 2.7067 4.685, -2.1653 2.6476 4.685, -2.7501 2.662 4.685, -2.1633 2.6323 4.685, -2.8195 2.5926 4.685, -2.8642 2.5626 4.685, -2.1574 2.6181 4.685, -2.5394 2.4251 4.685, -2.1481 2.6059 4.685, -2.1358 2.5965 4.685, -2.5944 2.2923 4.685, -2.5984 2.3228 4.685, -2.7898 2.0059 4.685, -2.5638 2.4063 4.685, -2.5826 2.3819 4.685, -2.3662 2.2923 4.685, -2.3622 2.3228 4.685, -2.5826 2.2638 4.685, -2.5944 2.3534 4.685, -2.8051 2.0079 4.685, -2.8642 2.0079 4.685, -2.378 2.2638 4.685, -2.3968 2.2393 4.685, -2.4213 2.2205 4.685, -2.4497 2.2087 4.685, -2.4803 2.2047 4.685, -2.5109 2.2087 4.685, -2.7461 1.9488 4.685, -2.7461 1.4764 4.685, -2.7481 1.4611 4.685, -2.754 1.4468 4.685, -2.7634 1.4346 4.685, -2.7756 1.4252 4.685, -2.7898 1.4193 4.685, -2.8051 1.4173 4.685, -2.8642 1.4173 4.685, -2.5638 2.2393 4.685, -2.7756 2.0 4.685, -2.5394 2.2205 4.685, -2.7634 1.9906 4.685, -2.754 1.9783 4.685, -2.8642 1.4173 4.5079, -3.06 1.4173 4.5079, -3.0543 1.4173 4.5391, -3.0346 1.4173 4.5866, -3.0034 1.4173 4.6274, -2.9626 1.4173 4.6587, -2.9151 1.4173 4.6783, -3.0582 2.0079 4.5212, -3.06 2.0079 4.5079, -2.8642 2.0079 4.5079, -3.0443 2.0079 4.5676, -2.8971 2.0079 4.6823, -2.9436 2.0079 4.6683, -2.9852 2.0079 4.6435, -3.0194 2.0079 4.6092, -2.8642 1.4193 4.4926, -2.8642 1.6142 0.7087, -2.8642 2.0866 0.7087, -2.8642 2.9035 4.0157, -2.8642 -1.3759 4.4926, -2.8642 -1.378 4.5079, -2.8642 2.4803 0.0787, -2.8642 2.4803 -0.632, -2.8642 2.0866 -0.632, -2.8642 -1.37 4.4783, -2.8642 2.6673 0.0787, -2.8642 2.6673 2.2441, -2.8642 2.9035 2.2441, -2.8642 -1.4567 0.7087, -2.8642 -0.9843 0.7087, -2.8642 -0.9843 2.6378, -2.8642 2.0906 -0.662, -2.8642 2.1726 -0.7441, -2.8642 2.2027 -0.748, -2.8642 2.1022 -0.69, -2.8642 2.1206 -0.714, -2.8642 2.1446 -0.7325, -2.8642 -0.7874 4.5079, -2.8642 -0.7894 4.4926, -2.8642 -0.7953 4.4783, -2.8642 -0.8047 4.4661, -2.8642 -2.0374 2.2441, -2.8642 -2.0374 0.0787, -2.8642 -1.8504 0.0787, -2.8642 2.3643 -0.748, -2.8642 2.3943 -0.7441, -2.8642 2.4223 -0.7325, -2.8642 2.4463 -0.714, -2.8642 2.4648 -0.69, -2.8642 2.4764 -0.662, -2.8642 -0.8169 4.4567, -2.8642 -0.8312 4.4508, -2.8642 -0.8465 4.4488, -2.8642 1.9906 4.4661, -2.8642 2.5399 4.3476, -2.8642 2.5235 4.3761, -2.8642 1.6142 2.6378, -2.8642 0.943 2.8061, -2.8642 0.9652 2.6378, -2.8642 -1.7644 -0.7441, -2.8642 -1.8504 -0.632, -2.8642 -1.8464 -0.662, -2.8642 -1.8349 -0.69, -2.8642 -1.8164 -0.714, -2.8642 -1.7924 -0.7325, -2.8642 -1.3189 4.4488, -2.8642 -1.3342 4.4508, -2.8642 -2.2736 2.2441, -2.8642 -1.3484 4.4567, -2.8642 -2.2736 4.0157, -2.8642 -1.3607 4.4661, -2.8642 -1.9321 4.3232, -2.8642 -1.91 4.3476, -2.8642 -1.7343 -0.748, -2.8642 -1.5727 -0.748, -2.8642 -1.4567 -0.632, -2.8642 -1.5427 -0.7441, -2.8642 -1.5147 -0.7325, -2.8642 -1.4907 -0.714, -2.8642 -1.4722 -0.69, -2.8642 -1.4607 -0.662, -2.8642 -1.8799 4.4402, -2.8642 -1.8834 4.4075, -2.8642 -1.8935 4.3761, -2.8642 -0.2482 2.9629, -2.8642 -0.3131 2.8061, -2.8642 -0.3353 2.6378, -2.8642 -0.1448 3.0976, -2.8642 -0.0102 3.2009, -2.8642 2.5098 4.4402, -2.8642 1.9641 4.4508, -2.8642 1.9783 4.4567, -2.8642 2.562 4.3232, -2.8642 1.9488 4.4488, -2.8642 1.4764 4.4488, -2.8642 1.4611 4.4508, -2.8642 2.5133 4.4075, -2.8642 2.0 4.4783, -2.8642 2.0059 4.4926, -2.8642 0.1467 3.2659, -2.8642 0.315 3.288, -2.8642 0.4832 3.2659, -2.8642 0.6401 3.2009, -2.8642 0.7747 3.0976, -2.8642 0.8781 2.9629, -2.8642 1.4468 4.4567, -2.8642 1.4346 4.4661, -2.8642 1.4252 4.4783, -3.061 -0.9843 0.7087, -3.061 -0.9843 2.6378, -3.061 -1.0021 4.1847, -3.061 -0.9595 4.1194, -3.061 -0.9488 4.0541, -3.061 -1.1727 3.8472, -3.061 -1.2154 3.9125, -3.061 -1.226 3.9778, -3.061 -1.226 4.0541, -3.061 -0.9488 3.9778, -3.061 -1.0021 3.8472, -3.061 -1.0341 3.8254, -3.061 -1.0874 3.8145, -3.061 -0.9595 3.9125, -3.061 -1.1407 3.8254, -3.061 -1.0874 4.2174, -3.061 -1.0341 4.2065, -3.061 -1.1407 4.2065, -3.061 -1.1727 4.1847, -3.061 -1.2154 4.1194, -3.061 1.6427 3.841, -3.061 1.6571 3.8257, -3.061 1.6602 3.8084, -3.061 1.6566 3.7958, -3.061 1.6474 3.7823, -3.061 1.6325 3.7677, -3.061 1.558 3.7603, -3.061 1.6025 3.8695, -3.061 1.5704 3.7565, -3.061 1.594 3.7548, -3.061 1.6166 3.7589, -3.061 1.5762 3.9839, -3.061 1.5885 3.9802, -3.061 1.5485 3.9432, -3.061 1.5952 3.9754, -3.061 1.6029 3.9649, -3.061 1.5896 3.9089, -3.061 1.5629 3.9279, -3.061 1.5978 3.9283, -3.061 1.605 3.9534, -3.061 1.5464 3.9548, -3.061 1.5546 3.9741, -3.061 1.5649 3.9819, -3.061 -0.3131 2.8061, -3.061 -0.3353 2.6378, -3.061 -0.6396 2.6378, -3.061 -1.322 0.7087, -3.061 1.4926 3.8319, -3.061 1.4989 3.7973, -3.061 1.4801 3.748, -3.061 1.5153 3.7705, -3.061 1.4801 4.2642, -3.061 1.5607 4.005, -3.061 1.5448 3.9962, -3.061 1.5345 3.9884, -3.061 1.5263 3.969, -3.061 1.5238 3.9507, -3.061 1.5152 3.836, -3.061 1.5424 3.9123, -3.061 1.5215 3.8013, -3.061 1.5825 3.8838, -3.061 1.5302 3.785, -3.061 1.5379 3.7745, -3.061 1.6097 3.8946, -3.061 1.6215 3.9265, -3.061 1.6498 3.8661, -3.061 1.6286 3.9517, -3.061 1.6709 3.8461, -3.061 1.6869 4.2642, -3.061 1.6255 3.969, -3.061 1.6167 3.9853, -3.061 1.5269 3.9334, -3.061 1.6023 4.0006, -3.061 1.59 4.0043, -3.061 1.572 4.007, -3.061 1.6572 3.7602, -3.061 1.671 3.7806, -3.061 1.6869 3.748, -3.061 1.6792 3.7999, -3.061 1.6818 3.8182, -3.061 1.6797 3.8298, -3.061 1.5418 3.7219, -3.061 1.5498 3.7409, -3.061 1.5745 3.7334, -3.061 1.5981 3.7317, -3.061 1.6151 3.7348, -3.061 1.6869 3.7219, -3.061 1.6367 3.7446, -3.061 1.6412 3.748, -3.061 1.5134 3.7165, -3.061 1.4801 3.7219, -3.061 1.5157 3.7219, -3.061 1.5267 3.748, -3.061 1.5298 3.7552, -3.061 -1.322 3.748, -3.061 -1.3753 3.8472, -3.061 -1.3647 3.8798, -3.061 -1.5779 3.9996, -3.061 -1.5886 3.8145, -3.061 -1.6419 3.8254, -3.061 -1.3753 4.1521, -3.061 -1.386 4.1956, -3.061 -1.322 4.2642, -3.061 -1.4286 4.2392, -3.061 -1.6419 4.261, -3.061 -1.6845 4.2392, -3.061 -1.9976 4.2642, -3.061 -1.7272 4.1956, -3.061 -1.7378 4.1521, -3.061 -1.7165 3.9996, -3.061 -2.0111 4.2521, -3.061 -1.7378 3.9669, -3.061 -1.5246 3.8145, -3.061 -1.5353 3.9996, -3.061 -1.4713 3.8254, -3.061 -1.7378 4.1303, -3.061 -1.7272 4.0867, -3.061 -1.7059 4.0541, -3.061 -1.6632 4.0214, -3.061 -1.7378 3.8472, -3.061 -1.7165 3.8145, -3.061 -2.0111 3.748, -3.061 -1.6845 3.7927, -3.061 -1.6419 3.7709, -3.061 -1.5992 3.76, -3.061 -1.5139 3.76, -3.061 -1.4713 3.7709, -3.061 -1.6952 3.9234, -3.061 -1.6739 3.9669, -3.061 -1.6419 3.9887, -3.061 -1.5779 4.0432, -3.061 -1.6419 4.0649, -3.061 -1.5779 4.2174, -3.061 -1.6632 4.0867, -3.061 -1.5353 4.0432, -3.061 -1.5353 4.2174, -3.061 -1.4819 4.2065, -3.061 -1.7485 3.9234, -3.061 -1.7485 3.8798, -3.061 -1.4286 3.7927, -3.061 -1.3966 3.8145, -3.061 -1.6312 4.2065, -3.061 -1.6632 4.1847, -3.061 -1.6845 4.1521, -3.061 -1.6845 4.1303, -3.061 -1.4286 4.1521, -3.061 -1.45 4.1847, -3.061 -1.6632 3.8363, -3.061 -1.6845 3.858, -3.061 -1.6952 3.8798, -3.061 -1.4713 4.261, -3.061 -1.4934 4.2642, -3.061 -1.3484 4.4567, -3.061 -1.6198 4.2642, -3.061 -1.9321 4.3232, -3.061 -1.91 4.3476, -3.061 -1.3607 4.4661, -3.061 -1.5459 4.2719, -3.061 -1.37 4.4783, -3.061 -1.5672 4.2719, -3.061 -1.3746 4.4882, -3.061 -1.8799 4.4402, -3.061 -1.8834 4.4075, -3.061 -1.8935 4.3761, -3.061 -1.1324 4.2642, -3.061 -1.1514 4.261, -3.061 -0.9701 3.8036, -3.061 -0.9381 3.8363, -3.061 -0.8528 3.748, -3.061 -1.2047 3.8036, -3.061 -1.1514 3.7709, -3.061 -1.0874 3.76, -3.061 -1.0234 3.7709, -3.061 -1.2047 4.2283, -3.061 -1.2367 4.1956, -3.061 -1.258 4.1521, -3.061 -0.9381 4.1956, -3.061 -0.9701 4.2283, -3.061 -0.8528 4.2642, -3.061 -1.0234 4.261, -3.061 -1.0424 4.2642, -3.061 -1.2687 4.1194, -3.061 -1.2793 4.0649, -3.061 -1.2793 3.9669, -3.061 -1.2687 3.9125, -3.061 -1.258 3.8798, -3.061 -1.2367 3.8363, -3.061 -1.45 3.8363, -3.061 -1.4286 3.858, -3.061 -1.418 3.8798, -3.061 -0.8955 4.0649, -3.061 -0.9062 4.1194, -3.061 -0.9168 4.1521, -3.061 -0.9168 3.8798, -3.061 -0.9062 3.9125, -3.061 -0.8955 3.9669, -3.061 -1.3342 4.4508, -3.061 -1.322 4.4492, -3.061 -1.3189 4.4488, -3.061 -1.0874 4.2719, -3.061 -0.7462 3.76, -3.061 -0.7462 4.1847, -3.061 -0.6822 4.1085, -3.061 -0.8102 4.2642, -3.061 -0.8102 3.76, -3.061 -0.6396 3.748, -3.061 -0.8528 4.4488, -3.061 -0.8102 4.2719, -3.061 -0.6822 4.1956, -3.061 -0.6396 4.2642, -3.061 -0.7398 4.2642, -3.061 -0.6396 4.4882, -3.061 -0.7462 4.2719, -3.061 -0.8465 4.4488, -3.061 -0.8312 4.4508, -3.061 -0.8169 4.4567, -3.061 -0.8047 4.4661, -3.061 -0.7953 4.4783, -3.061 -0.7908 4.4882, -3.061 -0.2237 4.1521, -3.061 -0.2344 4.1956, -3.061 0.3782 4.2642, -3.061 -0.2771 4.2392, -3.061 -0.3197 4.261, -3.061 -0.3418 4.2642, -3.061 -0.2984 3.8145, -3.061 -0.5969 3.8145, -3.061 -0.5649 4.0541, -3.061 -0.5863 4.0867, -3.061 -0.5436 4.2392, -3.061 -0.5863 4.1956, -3.061 -0.5969 4.1521, -3.061 -0.5969 4.1303, -3.061 -0.5969 3.76, -3.061 -0.2131 3.76, -3.061 0.3782 3.748, -3.061 -0.2131 3.8145, -3.061 -0.3837 4.2174, -3.061 -0.4263 4.2174, -3.061 -0.5116 4.0867, -3.061 -0.4796 4.2065, -3.061 -0.5116 4.1847, -3.061 -0.533 4.1521, -3.061 -0.533 4.1303, -3.061 -0.3943 4.2719, -3.061 -0.437 4.2719, -3.061 -0.482 4.2642, -3.061 -0.501 4.261, -3.061 1.0399 3.748, -3.061 1.033 3.736, -3.061 0.3782 3.7219, -3.061 1.3967 3.748, -3.061 1.3992 3.736, -3.061 1.1095 3.736, -3.061 1.1163 3.748, -3.061 1.2571 3.9954, -3.061 1.3643 3.9022, -3.061 -0.3304 4.2065, -3.061 -0.2984 4.1847, -3.061 -0.2771 4.1521, -3.061 0.9695 4.2478, -3.061 1.4677 3.736, -3.061 1.4651 3.748, -3.061 1.2924 4.2478, -3.061 1.3437 4.0013, -3.061 1.0658 4.2478, -3.061 1.3608 4.2478, -3.061 1.7033 4.1438, -3.061 1.6921 4.0956, -3.061 1.756 4.0896, -3.061 1.7833 3.9161, -3.061 1.7155 3.9067, -3.061 1.9133 3.7864, -3.061 1.8807 3.7967, -3.061 1.8457 3.8184, -3.061 1.9824 3.7888, -3.061 1.8299 3.8329, -3.061 1.8048 3.8665, -3.061 2.0427 3.8253, -3.061 2.0354 3.818, -3.061 2.0811 3.9317, -3.061 2.0729 3.88, -3.061 2.0604 3.8497, -3.061 2.01 3.7998, -3.061 2.1382 4.0426, -3.061 2.6275 4.2642, -3.061 2.1495 3.9472, -3.061 2.9035 4.0157, -3.061 2.1401 3.8673, -3.061 2.9035 3.748, -3.061 1.738 3.8565, -3.061 1.7722 3.8068, -3.061 1.8091 3.7726, -3.061 1.9418 3.7838, -3.061 2.0479 4.0891, -3.061 2.0714 4.0285, -3.061 2.0814 3.9458, -3.061 2.0428 3.748, -3.061 2.0615 3.7567, -3.061 2.0951 3.7841, -3.061 2.1106 4.114, -3.061 2.0664 4.1759, -3.061 2.0391 4.202, -3.061 2.0312 4.1166, -3.061 1.7676 4.1291, -3.061 1.781 4.1536, -3.061 2.0998 3.7891, -3.061 2.1228 3.8226, -3.061 1.7979 4.1724, -3.061 1.8171 4.1856, -3.061 1.9973 4.1555, -3.061 1.8824 4.2565, -3.061 1.8243 4.25, -3.061 1.7844 4.2354, -3.061 1.7509 4.2128, -3.061 1.8419 4.1954, -3.061 1.8793 4.2, -3.061 1.9638 4.1794, -3.061 1.9239 4.1948, -3.061 1.9901 4.2333, -3.061 1.9381 4.2509, -3.061 1.747 4.2093, -3.061 1.7214 4.1794, -3.061 1.8409 3.7527, -3.061 1.8537 3.748, -3.061 1.8948 3.7329, -3.061 1.947 3.7273, -3.061 2.0217 3.7383, -3.061 2.9035 3.7219, -3.061 1.9747 3.7286, -3.061 -0.2482 2.9629, -3.061 -0.1448 3.0976, -3.061 -0.6396 3.7219, -3.061 -0.8528 3.7219, -3.061 -0.8528 2.6378, -3.061 -1.322 3.7219, -3.061 0.3782 3.2797, -3.061 0.315 3.288, -3.061 0.1467 3.2659, -3.061 -0.0102 3.2009, -3.061 1.4801 2.6378, -3.061 0.9652 2.6378, -3.061 0.943 2.8061, -3.061 0.8781 2.9629, -3.061 0.7747 3.0976, -3.061 0.6401 3.2009, -3.061 0.4832 3.2659, -3.061 1.5416 3.7216, -3.061 1.6142 2.6378, -3.061 2.9035 2.2441, -3.061 2.6673 2.2441, -3.061 2.6673 0.0787, -3.061 2.4803 0.0787, -3.061 1.6142 0.7087, -3.061 1.6869 0.7087, -3.061 2.0866 0.7087, -3.061 2.0866 -0.632, -3.061 2.4803 -0.632, -3.061 2.3643 -0.748, -3.061 2.4463 -0.714, -3.061 2.4648 -0.69, -3.061 2.4764 -0.662, -3.061 2.4223 -0.7325, -3.061 2.3943 -0.7441, -3.061 2.1022 -0.69, -3.061 2.1726 -0.7441, -3.061 2.1206 -0.714, -3.061 2.1446 -0.7325, -3.061 2.2027 -0.748, -3.061 2.0906 -0.662, -3.061 1.9641 4.4508, -3.061 1.9783 4.4567, -3.061 2.5235 4.3761, -3.061 2.5399 4.3476, -3.061 2.0 4.4783, -3.061 1.9488 4.4488, -3.061 2.5133 4.4075, -3.061 1.9906 4.4661, -3.061 2.562 4.3232, -3.061 2.0045 4.4882, -3.061 2.5098 4.4402, -3.061 0.3782 4.4882, -3.061 1.4207 4.4882, -3.061 1.4611 4.4508, -3.061 1.4764 4.4488, -3.061 1.4801 4.4488, -3.061 1.6869 4.4488, -3.061 1.4252 4.4783, -3.061 1.4346 4.4661, -3.061 1.4468 4.4567, -3.061 -2.2736 3.748, -3.061 -2.2736 4.0157, -3.061 -2.2736 2.2441, -3.061 -2.2736 3.7219, -3.061 -2.0374 2.2441, -3.061 -2.0111 3.7219, -3.061 -1.4567 0.7087, -3.061 -2.0374 0.0787, -3.061 -2.0111 0.0787, -3.061 -1.8504 0.0787, -3.061 -1.8504 -0.632, -3.061 -1.4567 -0.632, -3.061 -1.5727 -0.748, -3.061 -1.4907 -0.714, -3.061 -1.4722 -0.69, -3.061 -1.4607 -0.662, -3.061 -1.5147 -0.7325, -3.061 -1.5427 -0.7441, -3.061 -1.8349 -0.69, -3.061 -1.7644 -0.7441, -3.061 -1.8164 -0.714, -3.061 -1.7924 -0.7325, -3.061 -1.7343 -0.748, -3.061 -1.8464 -0.662, -3.061 1.2072 4.0394, -3.065 1.8457 3.8184, -3.065 1.8302 3.8332, -3.065 1.8259 3.8373, -3.065 1.7833 3.9161, -3.065 1.8031 3.8695, -3.065 1.8051 3.8667, -3.065 1.7155 3.9067, -3.065 1.738 3.8565, -3.065 1.7722 3.8068, -3.065 1.8091 3.7726, -3.065 1.8409 3.7527, -3.065 1.8948 3.7329, -3.065 1.947 3.7273, -3.065 1.9747 3.7286, -3.065 2.0217 3.7383, -3.065 2.0615 3.7567, -3.065 2.0951 3.7841, -3.065 2.0998 3.7891, -3.065 2.1228 3.8226, -3.065 2.1401 3.8673, -3.065 2.1495 3.9472, -3.065 2.1382 4.0426, -3.065 2.1106 4.114, -3.065 2.0664 4.1759, -3.065 2.0391 4.202, -3.065 1.9901 4.2333, -3.065 1.9381 4.2509, -3.065 1.8824 4.2565, -3.065 1.8243 4.25, -3.065 1.7844 4.2354, -3.065 1.7509 4.2128, -3.065 1.747 4.2093, -3.065 1.7214 4.1794, -3.065 1.7033 4.1438, -3.065 1.6921 4.0956, -3.065 1.756 4.0896, -3.065 1.7676 4.1291, -3.065 1.781 4.1536, -3.065 1.7979 4.1724, -3.065 1.8793 4.2, -3.065 1.8149 4.1845, -3.065 1.8172 4.1854, -3.065 1.8417 4.1953, -3.065 1.8419 4.1954, -3.065 1.8825 4.1999, -3.065 1.9239 4.1946, -3.065 1.9255 4.1944, -3.065 1.9637 4.1793, -3.065 1.9643 4.1791, -3.065 2.0312 4.1166, -3.065 1.9995 4.1536, -3.065 1.9971 4.1553, -3.065 2.0391 4.1045, -3.065 2.0814 3.9458, -3.065 2.0764 4.0055, -3.065 2.047 4.0887, -3.065 2.0614 4.0596, -3.065 2.0701 4.0282, -3.065 2.074 3.8839, -3.065 2.0807 3.9258, -3.065 2.0809 3.9317, -3.065 2.0725 3.8802, -3.065 2.0604 3.8497, -3.065 2.0427 3.8253, -3.065 2.0104 3.8, -3.065 2.0327 3.8156, -3.065 2.0353 3.8181, -3.065 1.9418 3.7838, -3.065 1.9821 3.7888, -3.065 1.9824 3.7889, -3.065 2.01 3.7998, -3.065 1.9159 3.786, -3.065 1.9134 3.7867, -3.065 1.8807 3.7967, -3.065 1.8807 3.7967, -3.065 1.2924 4.2478, -3.065 1.3608 4.2478, -3.065 1.3437 4.0013, -3.065 1.4677 3.736, -3.065 1.3992 3.736, -3.065 1.3643 3.9022, -3.065 1.1095 3.736, -3.065 1.033 3.736, -3.065 1.2571 3.9954, -3.065 1.2072 4.0394, -3.065 1.0658 4.2478, -3.065 0.9695 4.2478, -3.065 -0.5969 3.76, -3.065 -0.5969 3.8145, -3.065 -0.2131 3.76, -3.065 -0.2984 3.8145, -3.065 -0.533 4.1521, -3.065 -0.533 4.1303, -3.065 -0.5969 4.1303, -3.065 -0.5863 4.0867, -3.065 -0.5116 4.0867, -3.065 -0.5649 4.0541, -3.065 -0.2131 3.8145, -3.065 -0.5969 4.1521, -3.065 -0.5863 4.1956, -3.065 -0.5116 4.1847, -3.065 -0.5436 4.2392, -3.065 -0.4796 4.2065, -3.065 -0.501 4.261, -3.065 -0.4263 4.2174, -3.065 -0.437 4.2719, -3.065 -0.3837 4.2174, -3.065 -0.3943 4.2719, -3.065 -0.3304 4.2065, -3.065 -0.3197 4.261, -3.065 -0.2984 4.1847, -3.065 -0.2771 4.2392, -3.065 -0.2771 4.1521, -3.065 -0.2344 4.1956, -3.065 -0.2237 4.1521, -3.065 -0.7462 3.76, -3.065 -0.8102 3.76, -3.065 -0.7462 4.1847, -3.065 -0.8102 4.2719, -3.065 -0.7462 4.2719, -3.065 -0.6822 4.1956, -3.065 -0.6822 4.1085, -3.065 -1.2687 4.1194, -3.065 -1.2154 4.1194, -3.065 -1.226 4.0541, -3.065 -1.258 4.1521, -3.065 -1.2367 4.1956, -3.065 -1.1727 4.1847, -3.065 -1.2047 4.2283, -3.065 -1.1407 4.2065, -3.065 -1.1514 4.261, -3.065 -1.0874 4.2174, -3.065 -1.0874 4.2719, -3.065 -1.0341 4.2065, -3.065 -1.0234 4.261, -3.065 -1.0021 4.1847, -3.065 -1.2154 3.9125, -3.065 -1.2687 3.9125, -3.065 -1.226 3.9778, -3.065 -1.2793 3.9669, -3.065 -1.2793 4.0649, -3.065 -0.9595 3.9125, -3.065 -0.9381 3.8363, -3.065 -1.0021 3.8472, -3.065 -0.9701 3.8036, -3.065 -1.0341 3.8254, -3.065 -1.0234 3.7709, -3.065 -1.0874 3.8145, -3.065 -1.0874 3.76, -3.065 -1.1407 3.8254, -3.065 -1.1514 3.7709, -3.065 -1.1727 3.8472, -3.065 -0.9488 3.9778, -3.065 -0.9062 3.9125, -3.065 -0.9168 3.8798, -3.065 -0.9595 4.1194, -3.065 -0.9062 4.1194, -3.065 -0.9488 4.0541, -3.065 -0.8955 4.0649, -3.065 -0.8955 3.9669, -3.065 -1.2047 3.8036, -3.065 -1.2367 3.8363, -3.065 -1.258 3.8798, -3.065 -0.9701 4.2283, -3.065 -0.9381 4.1956, -3.065 -0.9168 4.1521, -3.065 -1.5779 4.0432, -3.065 -1.5353 4.0432, -3.065 -1.5353 3.9996, -3.065 -1.5779 3.9996, -3.065 -1.6632 4.0214, -3.065 -1.6419 3.9887, -3.065 -1.7165 3.9996, -3.065 -1.6739 3.9669, -3.065 -1.7378 3.9669, -3.065 -1.6952 3.9234, -3.065 -1.6845 3.858, -3.065 -1.7378 3.8472, -3.065 -1.6952 3.8798, -3.065 -1.7485 3.8798, -3.065 -1.7485 3.9234, -3.065 -1.6632 4.0867, -3.065 -1.7272 4.0867, -3.065 -1.6845 4.1303, -3.065 -1.7378 4.1303, -3.065 -1.6845 4.1521, -3.065 -1.6419 4.0649, -3.065 -1.7059 4.0541, -3.065 -1.418 3.8798, -3.065 -1.3647 3.8798, -3.065 -1.3753 3.8472, -3.065 -1.7378 4.1521, -3.065 -1.7272 4.1956, -3.065 -1.6632 4.1847, -3.065 -1.6845 4.2392, -3.065 -1.6312 4.2065, -3.065 -1.6419 4.261, -3.065 -1.5779 4.2174, -3.065 -1.5672 4.2719, -3.065 -1.5353 4.2174, -3.065 -1.5459 4.2719, -3.065 -1.4819 4.2065, -3.065 -1.4713 4.261, -3.065 -1.45 4.1847, -3.065 -1.4286 4.2392, -3.065 -1.4286 4.1521, -3.065 -1.386 4.1956, -3.065 -1.3753 4.1521, -3.065 -1.4286 3.858, -3.065 -1.3966 3.8145, -3.065 -1.45 3.8363, -3.065 -1.4286 3.7927, -3.065 -1.4713 3.8254, -3.065 -1.4713 3.7709, -3.065 -1.5246 3.8145, -3.065 -1.5139 3.76, -3.065 -1.5886 3.8145, -3.065 -1.5992 3.76, -3.065 -1.6419 3.8254, -3.065 -1.6419 3.7709, -3.065 -1.6632 3.8363, -3.065 -1.6845 3.7927, -3.065 -1.7165 3.8145, -3.065 1.5825 3.8838, -3.065 1.5424 3.9123, -3.065 1.5269 3.9334, -3.065 1.5379 3.7745, -3.065 1.5298 3.7552, -3.065 1.5302 3.785, -3.065 1.5153 3.7705, -3.065 1.5215 3.8013, -3.065 1.4989 3.7973, -3.065 1.5152 3.836, -3.065 1.4926 3.8319, -3.065 1.5485 3.9432, -3.065 1.5629 3.9279, -3.065 1.6025 3.8695, -3.065 1.5896 3.9089, -3.065 1.6427 3.841, -3.065 1.6571 3.8257, -3.065 1.558 3.7603, -3.065 1.5546 3.9741, -3.065 1.5464 3.9548, -3.065 1.5263 3.969, -3.065 1.5238 3.9507, -3.065 1.5345 3.9884, -3.065 1.5448 3.9962, -3.065 1.5649 3.9819, -3.065 1.5607 4.005, -3.065 1.5762 3.9839, -3.065 1.572 4.007, -3.065 1.59 4.0043, -3.065 1.5885 3.9802, -3.065 1.6023 4.0006, -3.065 1.5952 3.9754, -3.065 1.6167 3.9853, -3.065 1.6029 3.9649, -3.065 1.6255 3.969, -3.065 1.605 3.9534, -3.065 1.6286 3.9517, -3.065 1.5978 3.9283, -3.065 1.6215 3.9265, -3.065 1.6097 3.8946, -3.065 1.6498 3.8661, -3.065 1.5134 3.7165, -3.065 1.5416 3.7216, -3.065 1.5498 3.7409, -3.065 1.5745 3.7334, -3.065 1.5704 3.7565, -3.065 1.5981 3.7317, -3.065 1.594 3.7548, -3.065 1.6151 3.7348, -3.065 1.6166 3.7589, -3.065 1.6367 3.7446, -3.065 1.6325 3.7677, -3.065 1.6572 3.7602, -3.065 1.6474 3.7823, -3.065 1.671 3.7806, -3.065 1.6566 3.7958, -3.065 1.6792 3.7999, -3.065 1.6602 3.8084, -3.065 1.6818 3.8182, -3.065 1.6797 3.8298, -3.065 1.6709 3.8461, -2.8971 2.5457 4.6821, -2.895 2.5466 4.6826, -2.904 2.5429 4.6802, -2.9329 2.5313 4.6727, -2.9432 2.5282 4.6676, -2.9667 2.5213 4.6563, -2.9846 2.5176 4.6427, -2.9973 2.515 4.6332, -2.998 2.5149 4.6325, -3.0191 2.5122 4.6089, -3.0227 2.5117 4.605, -3.0423 2.5103 4.572, -3.0439 2.5102 4.5674, -3.0609 2.0056 4.4927, -3.0557 2.5099 4.5337, -3.0572 2.5099 4.521, -3.0606 2.0074 4.5002, -3.0609 -0.7897 4.4927, -3.0609 1.4186 4.4956, -3.0609 1.4194 4.4926, -2.9151 -0.7874 4.6783, -2.9626 -0.7874 4.6587, -3.0034 -0.7874 4.6274, -3.0346 -0.7874 4.5866, -3.0543 -0.7874 4.5391, -3.06 -0.7874 4.5079, -3.0606 -0.7879 4.5002, -3.0609 -1.3758 4.4926, -3.0582 -1.378 4.5212, -3.06 -1.378 4.5079, -3.0608 -1.8799 4.4961, -3.0609 -1.3767 4.4956, -3.057 -1.88 4.521, -3.0539 -1.88 4.5407, -3.0443 -1.378 4.5676, -3.0432 -1.8804 4.5671, -3.0194 -1.378 4.6092, -3.0368 -1.8807 4.5828, -3.0186 -1.8824 4.6086, -2.9852 -1.378 4.6435, -3.0115 -1.8831 4.6188, -2.9984 -1.8852 4.6308, -2.9849 -1.8875 4.6431, -2.9436 -1.378 4.6683, -2.9814 -1.8881 4.6464, -2.9452 -1.8974 4.6676, -2.9435 -1.898 4.6682, -2.8971 -1.378 4.6823, -2.905 -1.9122 4.6808, -2.9047 -1.9123 4.6808, -2.8971 -1.9161 4.6816, -3.0606 2.0074 4.5002, -2.6704 2.854 4.6188, -2.6698 2.8612 4.6086, -2.6681 2.8793 4.5828, -2.6678 2.8857 4.5671, -2.6674 2.8965 4.5406, -2.6674 2.8996 4.521, -2.6673 2.9034 4.4965, -2.7001 2.7464 4.6809, -2.6996 2.7475 4.6808, -2.6854 2.786 4.6682, -2.6847 2.7877 4.6676, -2.6755 2.8239 4.6464, -2.6749 2.8274 4.6431, -2.6727 2.8405 4.6312, -2.7035 2.7396 4.6816, 1.7583 2.7396 4.6821, 1.2205 2.7397 4.6823, 1.7592 2.7375 4.6826, 1.7555 2.7465 4.6802, 1.7439 2.7754 4.6727, 1.2205 2.7861 4.6683, 1.7408 2.7858 4.6676, 1.7339 2.8092 4.6563, 1.2205 2.8277 4.6435, 1.7302 2.8271 4.6427, 1.7276 2.8398 4.6332, 1.2205 2.862 4.6092, 1.7276 2.8405 4.6325, 1.7248 2.8617 4.6089, 1.7243 2.8652 4.605, 1.2205 2.8868 4.5676, 1.7229 2.8848 4.572, 1.7228 2.8864 4.5674, 1.2205 2.9008 4.5212, 1.2171 2.9035 4.4882, 1.2182 2.9034 4.4927, 1.7225 2.8982 4.5337, 1.7225 2.8997 4.521, 1.2205 2.9026 4.5079, 1.22 2.9032 4.5002, 0.6299 2.7576 4.6783, -1.5771 2.9034 4.4927, -1.5753 2.9032 4.5002, 0.6312 2.9034 4.4956, -1.5748 2.9026 4.5079, 0.6299 2.8968 4.5391, 0.6299 2.9026 4.5079, -1.5782 2.9035 4.4882, 0.6321 2.9035 4.4926, 0.6333 2.9035 4.4882, -1.5748 2.7576 4.6783, 0.6299 2.8051 4.6587, -1.5748 2.8051 4.6587, 0.6299 2.8459 4.6274, -1.5748 2.8459 4.6274, 0.6299 2.8772 4.5866, -1.5748 2.8772 4.5866, -1.5748 2.8968 4.5391, -2.1632 2.9035 4.4926, -2.162 2.9035 4.4882, -2.1653 2.9008 4.5212, -2.1653 2.9026 4.5079, -2.1641 2.9034 4.4956, -2.1653 2.8868 4.5676, -2.1653 2.862 4.6092, -2.1653 2.8277 4.6435, -2.1653 2.7861 4.6683, -2.1653 2.7397 4.6823, 1.2205 2.7067 4.5079, 0.6299 2.7067 4.5079, 0.6319 2.7067 4.4926, 0.6378 2.7067 4.4783, 0.689 2.7067 4.4488, 0.689 2.9035 4.4488, 0.6737 2.7067 4.4508, 0.6737 2.9035 4.4508, 0.6595 2.7067 4.4567, 0.6595 2.9035 4.4567, 0.6472 2.7067 4.4661, 0.6472 2.9035 4.4661, 0.6378 2.9035 4.4783, 1.1614 2.7067 4.4488, 1.1614 2.9035 4.4488, -2.1063 2.7067 4.4488, -1.6339 2.7067 4.4488, -2.1063 2.9035 4.4488, -1.6339 2.9035 4.4488, 1.22 2.9032 4.5002, 1.2185 2.7067 4.4926, 1.1767 2.9035 4.4508, 1.1767 2.7067 4.4508, 1.1909 2.9035 4.4567, 1.1909 2.7067 4.4567, 1.2032 2.9035 4.4661, 1.2032 2.7067 4.4661, 1.2126 2.9035 4.4783, 1.2126 2.7067 4.4783, 0.8563 2.9035 0.8341, 0.8563 2.9035 0.0787, 0.3051 2.9035 0.0787, 1.8799 2.9035 0.2538, 1.3287 2.9035 0.2538, 1.3287 2.9035 0.8341, -1.25 2.9035 0.0787, -1.8012 2.9035 0.0787, -1.25 2.9035 1.3853, -1.8012 2.9035 0.8341, 0.3051 2.9035 1.3853, 1.8799 2.9035 4.0157, 1.8799 2.9035 2.1965, 2.1161 2.9035 0.2538, 2.1161 2.9035 2.1965, -2.8248 2.9035 4.0157, -2.8248 2.9035 2.1965, -3.061 2.9035 2.1965, -2.2736 2.9035 0.8341, -2.2736 2.9035 0.2538, -2.8248 2.9035 0.2538, -3.061 2.9035 0.2538, -2.1358 2.9035 4.4567, -2.1216 2.9035 4.4508, -1.6043 2.9035 4.4567, -1.5921 2.9035 4.4661, -1.5827 2.9035 4.4783, 1.7259 2.9035 4.3708, 1.736 2.9035 4.3395, -2.6809 2.9035 4.3395, -2.1574 2.9035 4.4783, -2.1481 2.9035 4.4661, -1.6186 2.9035 4.4508, 1.7224 2.9035 4.4035, -2.6673 2.9035 4.4035, -2.6707 2.9035 4.3708, 0.3051 2.7067 0.0787, 0.3051 2.7067 1.3853, 2.1161 2.7067 2.1965, 1.8799 2.7067 2.1965, 0.8563 2.7067 0.8341, 1.3287 2.7067 0.8341, 1.3287 2.7067 0.2538, 1.8012 2.7067 0.2538, 1.8079 2.7067 0.2068, 1.8023 2.7067 0.1883, 1.8012 2.7067 0.1751, 2.1161 2.7067 0.2538, 1.8799 2.7067 0.2538, 1.8667 2.7067 0.2527, -2.1633 2.7067 4.4926, -2.1653 2.7067 4.5079, -2.1574 2.7067 4.4783, 1.8178 2.7067 0.2235, 1.8315 2.7067 0.2372, 1.8482 2.7067 0.2471, -1.8012 2.7067 0.0787, -1.25 2.7067 0.0787, -1.8012 2.7067 0.8341, -1.25 2.7067 1.3853, -2.7461 2.7067 0.2538, -2.2736 2.7067 0.2538, -3.061 2.7067 2.1965, -2.2736 2.7067 0.8341, -2.8248 2.7067 2.1965, 1.8799 2.7067 4.0157, 0.8563 2.7067 0.0787, -3.061 2.7067 0.2538, -2.8248 2.7067 0.2538, -2.7627 2.7067 0.2235, -2.7527 2.7067 0.2068, -2.7472 2.7067 0.1883, -2.7461 2.7067 0.1751, -2.8116 2.7067 0.2527, -2.793 2.7067 0.2471, -2.7764 2.7067 0.2372, 1.7224 2.7067 4.4035, -1.5827 2.7067 4.4783, -1.5921 2.7067 4.4661, 1.736 2.7067 4.3395, 1.7259 2.7067 4.3708, -1.6043 2.7067 4.4567, -1.6186 2.7067 4.4508, -2.8248 2.7067 4.0157, -2.1216 2.7067 4.4508, -1.5748 2.7067 4.5079, -1.5768 2.7067 4.4926, -2.6673 2.7067 4.4035, -2.6707 2.7067 4.3708, -2.1481 2.7067 4.4661, -2.1358 2.7067 4.4567, -2.6809 2.7067 4.3395, -2.2736 2.3917 0.2538, -2.2736 2.3917 0.057, -2.2736 2.7067 0.057, -2.2736 2.7397 0.0598, -2.2736 2.862 0.1328, -2.2736 2.8868 0.1744, -2.2736 2.9008 0.2208, -2.2736 2.7861 0.0737, -2.2736 2.8277 0.0985, -2.2776 2.3612 0.2538, -2.2776 2.3612 0.057, -2.2894 2.3327 0.2538, -2.2894 2.3327 0.057, -2.3082 2.3082 0.2538, -2.3082 2.3082 0.057, -2.3327 2.2894 0.2538, -2.3327 2.2894 0.057, -2.3612 2.2776 0.2538, -2.3612 2.2776 0.057, -2.3917 2.2736 0.2538, -2.3917 2.2736 0.057, 1.8012 2.3917 0.2538, 1.6831 2.2736 0.2538, 1.3287 2.3917 0.2538, 1.4469 2.2736 0.2538, 1.7421 2.2894 0.2538, 1.7666 2.3082 0.2538, 1.7854 2.3327 0.2538, 1.3446 2.3327 0.2538, 1.3633 2.3082 0.2538, 1.3878 2.2894 0.2538, 1.7136 2.2776 0.2538, 1.7972 2.3612 0.2538, 1.3328 2.3612 0.2538, 1.4163 2.2776 0.2538, -2.7302 2.3327 0.2538, -2.7115 2.3082 0.2538, -2.687 2.2894 0.2538, -2.7461 2.3917 0.2538, -2.6279 2.2736 0.2538, -2.742 2.3612 0.2538, -2.6585 2.2776 0.2538, 1.4469 2.2736 0.057, 1.4163 2.2776 0.057, 1.3878 2.2894 0.057, 1.3633 2.3082 0.057, 1.3446 2.3327 0.057, 1.3328 2.3612 0.057, 1.3287 2.3917 0.057, 1.6831 2.2736 0.057, 1.8012 2.3917 0.057, 1.7972 2.3612 0.057, 1.7854 2.3327 0.057, 1.7666 2.3082 0.057, 1.7421 2.2894 0.057, 1.7136 2.2776 0.057, 1.8012 2.7067 0.057, 1.8012 2.7397 0.0598, 1.8012 2.7861 0.0737, 1.8012 2.8277 0.0985, 1.8012 2.862 0.1328, 1.8012 2.8868 0.1744, 1.8012 2.8871 0.1751, 1.8668 2.9035 0.2521, 1.8601 2.9035 0.2513, 1.8418 2.9033 0.244, 1.8484 2.9034 0.2466, 1.8162 2.9007 0.2209, 1.8182 2.901 0.2232, 1.8261 2.9024 0.2326, 1.8318 2.9027 0.2367, 1.8141 2.9003 0.2183, 1.8083 2.8976 0.2066, 1.8058 2.8965 0.2018, 1.8026 2.8921 0.1882, 1.8017 2.8908 0.1842, -2.8129 2.9035 0.2529, -2.7461 2.8871 0.1751, -2.7476 2.8921 0.1882, -2.7483 2.8941 0.1937, -2.7531 2.8977 0.2067, -2.7546 2.8988 0.2107, -2.7613 2.9006 0.2209, -2.7646 2.9015 0.2259, -2.7629 2.9011 0.2233, -2.778 2.9029 0.2384, -2.7765 2.9028 0.237, -2.8117 2.9035 0.2526, -2.7944 2.9034 0.2477, -2.7931 2.9034 0.247, -2.7461 2.3917 0.057, -2.7461 2.7067 0.057, -2.7461 2.8868 0.1744, -2.7461 2.862 0.1328, -2.7461 2.8277 0.0985, -2.7461 2.7861 0.0737, -2.7461 2.7397 0.0598, -2.6279 2.2736 0.057, -2.6585 2.2776 0.057, -2.687 2.2894 0.057, -2.7115 2.3082 0.057, -2.7302 2.3327 0.057, -2.742 2.3612 0.057, 1.3287 2.7067 0.057, 1.3287 2.7397 0.0598, 1.3287 2.7861 0.0737, 1.3287 2.8277 0.0985, 1.3287 2.862 0.1328, 1.3287 2.8868 0.1744, 1.3287 2.9008 0.2208, 2.0683 2.5128 4.6169, 2.074 2.5122 4.6088, 2.0911 2.5106 4.5844, 2.0985 2.5103 4.5672, 2.1069 2.5099 4.5479, 2.1125 2.5099 4.521, 2.1151 2.5098 4.5086, 1.959 2.5426 4.6809, 1.9601 2.5421 4.6808, 1.9987 2.5278 4.6682, 1.9995 2.5275 4.668, 2.036 2.5181 4.6468, 2.04 2.5174 4.6431, 2.0531 2.5153 4.6309, 1.9522 2.5461 4.6816, 1.9521 -1.9163 4.6815, 1.9523 -1.378 4.6823, 1.9378 -1.9227 4.6842, 1.9592 -1.9131 4.6801, 1.974 -1.9065 4.6773, 1.9987 -1.378 4.6683, 1.9984 -1.8983 4.6677, 2.0083 -1.895 4.6638, 2.0403 -1.378 4.6435, 2.0403 -1.8873 4.6434, 2.0746 -1.378 4.6092, 2.0407 -1.8872 4.6432, 2.0531 -1.8853 4.631, 2.0717 -1.8824 4.6129, 2.0742 -1.8822 4.609, 2.0994 -1.378 4.5676, 2.0956 -1.8805 4.5757, 2.0987 -1.8804 4.5673, 2.1134 -1.378 4.5212, 2.1161 -1.3746 4.4882, 2.116 -1.3757 4.4927, 2.1109 -1.88 4.5335, 2.1123 -1.88 4.521, 2.1152 -1.378 4.5079, 2.1158 -1.3775 4.5002, 1.9702 -0.7874 4.6783, 2.116 1.4196 4.4927, 2.1158 1.4178 4.5002, 2.116 -0.7887 4.4956, 2.1152 1.4173 4.5079, 2.1094 -0.7874 4.5391, 2.1152 -0.7874 4.5079, 2.1161 1.4207 4.4882, 2.1161 -0.7895 4.4926, 2.1161 -0.7908 4.4882, 1.9702 1.4173 4.6783, 2.0177 -0.7874 4.6587, 2.0177 1.4173 4.6587, 2.0585 -0.7874 4.6274, 2.0585 1.4173 4.6274, 2.0898 -0.7874 4.5866, 2.0898 1.4173 4.5866, 2.1094 1.4173 4.5391, 2.1161 2.0045 4.4882, 2.1161 2.0057 4.4926, 2.116 2.0066 4.4956, 2.1152 2.0079 4.5079, 2.1134 2.0079 4.5212, 2.0994 2.0079 4.5676, 2.0746 2.0079 4.6092, 2.0403 2.0079 4.6435, 1.9987 2.0079 4.6683, 1.9523 2.0079 4.6823, 1.9193 -1.378 4.5079, 1.9193 -0.7874 4.5079, 1.9193 -0.7894 4.4926, 1.9193 -0.7953 4.4783, 1.9193 -0.8465 4.4488, 2.1161 -0.8465 4.4488, 1.9193 -0.8312 4.4508, 2.1161 -0.8312 4.4508, 1.9193 -0.8169 4.4567, 2.1161 -0.8169 4.4567, 1.9193 -0.8047 4.4661, 2.1161 -0.8047 4.4661, 2.1161 -0.7953 4.4783, 1.9193 -1.3189 4.4488, 2.1161 -1.3189 4.4488, 1.9193 1.9488 4.4488, 1.9193 1.4764 4.4488, 2.1161 1.9488 4.4488, 2.1161 1.4764 4.4488, 2.1158 -1.3775 4.5002, 1.9193 -1.3759 4.4926, 2.1161 -1.3342 4.4508, 1.9193 -1.3342 4.4508, 2.1161 -1.3484 4.4567, 1.9193 -1.3484 4.4567, 2.1161 -1.3607 4.4661, 1.9193 -1.3607 4.4661, 2.1161 -1.37 4.4783, 1.9193 -1.37 4.4783, 2.1161 -0.9843 0.7087, 2.1161 -0.9843 0.0787, 2.1161 -0.4331 0.0787, 2.1161 2.6673 2.2441, 2.1161 2.9035 2.2441, 2.1161 2.9035 4.0157, 2.1161 1.4252 4.4783, 2.1161 -2.0374 2.2441, 2.1161 -1.8834 4.4075, 2.1161 -1.8935 4.3761, 2.1161 -1.91 4.3476, 2.1161 -1.9321 4.3232, 2.1161 -2.2736 4.0157, 2.1161 -2.0374 0.0787, 2.1161 -1.8504 0.0787, 2.1161 -2.2736 2.2441, 2.1161 -0.4331 1.2598, 2.1161 -1.4567 0.7087, 2.1161 -1.4567 -0.632, 2.1161 -1.8504 -0.632, 2.1161 -1.8464 -0.662, 2.1161 -1.7644 -0.7441, 2.1161 -1.7343 -0.748, 2.1161 -1.8349 -0.69, 2.1161 -1.8164 -0.714, 2.1161 -1.7924 -0.7325, 2.1161 -1.8799 4.4402, 2.1161 -1.5727 -0.748, 2.1161 -1.5427 -0.7441, 2.1161 -1.5147 -0.7325, 2.1161 -1.4907 -0.714, 2.1161 -1.4722 -0.69, 2.1161 -1.4607 -0.662, 2.1161 1.063 1.2598, 2.1161 1.4611 4.4508, 2.1161 1.4468 4.4567, 2.1161 1.4346 4.4661, 2.1161 2.1726 -0.7441, 2.1161 2.2027 -0.748, 2.1161 2.0866 -0.632, 2.1161 2.4803 -0.632, 2.1161 2.0866 0.7087, 2.1161 2.4803 0.0787, 2.1161 2.6673 0.0787, 2.1161 1.063 0.0787, 2.1161 1.6142 0.0787, 2.1161 1.6142 0.7087, 2.1161 2.0 4.4783, 2.1161 1.9906 4.4661, 2.1161 1.9783 4.4567, 2.1161 1.9641 4.4508, 2.1161 2.562 4.3232, 2.1161 2.5399 4.3476, 2.1161 2.5235 4.3761, 2.1161 2.0906 -0.662, 2.1161 2.1022 -0.69, 2.1161 2.1446 -0.7325, 2.1161 2.1206 -0.714, 2.1161 2.3643 -0.748, 2.1161 2.3943 -0.7441, 2.1161 2.4223 -0.7325, 2.1161 2.4463 -0.714, 2.1161 2.4648 -0.69, 2.1161 2.4764 -0.662, 2.1161 2.5098 4.4402, 2.1161 2.5133 4.4075, 1.9193 -2.2736 4.0157, 1.9193 -1.9321 4.3232, 1.9193 -1.91 4.3476, 1.9193 -1.8935 4.3761, 1.9193 -1.8834 4.4075, 1.9193 -1.8799 4.4402, 1.9193 2.0059 4.4926, 1.9193 2.0079 4.5079, 1.9193 2.0 4.4783, 1.9193 1.6142 0.7087, 1.9193 1.6142 0.0787, 1.9193 1.063 0.0787, 1.9193 1.4173 4.5079, 1.9193 1.4193 4.4926, 1.9193 1.4252 4.4783, 1.9193 -2.0374 2.2441, 1.9193 -2.2736 2.2441, 1.9193 2.6673 2.2441, 1.9193 2.6673 0.0787, 1.9193 2.4803 0.0787, 1.9193 1.4346 4.4661, 1.9193 1.4468 4.4567, 1.9193 1.4611 4.4508, 1.9193 1.063 1.2598, 1.9193 2.4803 -0.632, 1.9193 2.4764 -0.662, 1.9193 2.4648 -0.69, 1.9193 2.4463 -0.714, 1.9193 2.4223 -0.7325, 1.9193 2.3943 -0.7441, 1.9193 1.9641 4.4508, 1.9193 2.9035 2.2441, 1.9193 1.9783 4.4567, 1.9193 2.9035 4.0157, 1.9193 1.9906 4.4661, 1.9193 2.562 4.3232, 1.9193 2.5399 4.3476, 1.9193 2.0866 0.7087, 1.9193 2.0866 -0.632, 1.9193 2.3643 -0.748, 1.9193 2.1022 -0.69, 1.9193 2.1726 -0.7441, 1.9193 2.1206 -0.714, 1.9193 2.1446 -0.7325, 1.9193 2.2027 -0.748, 1.9193 2.0906 -0.662, 1.9193 2.5098 4.4402, 1.9193 2.5133 4.4075, 1.9193 2.5235 4.3761, 1.9193 -1.4567 0.7087, 1.9193 -1.8504 0.0787, 1.9193 -2.0374 0.0787, 1.9193 -1.8504 -0.632, 1.9193 -1.4567 -0.632, 1.9193 -1.5727 -0.748, 1.9193 -0.4331 0.0787, 1.9193 -0.9843 0.0787, 1.9193 -0.4331 1.2598, 1.9193 -0.9843 0.7087, 1.9193 -1.4907 -0.714, 1.9193 -1.4722 -0.69, 1.9193 -1.4607 -0.662, 1.9193 -1.5147 -0.7325, 1.9193 -1.5427 -0.7441, 1.9193 -1.8349 -0.69, 1.9193 -1.7644 -0.7441, 1.9193 -1.8164 -0.714, 1.9193 -1.7924 -0.7325, 1.9193 -1.7343 -0.748, 1.9193 -1.8464 -0.662, 1.7256 -2.2241 4.6188, 1.7249 -2.2313 4.6086, 1.7232 -2.2494 4.5828, 1.7229 -2.2558 4.5671, 1.7225 -2.2665 4.5407, 1.7225 -2.2696 4.521, 1.7224 -2.2734 4.4961, 1.7552 -2.1165 4.6809, 1.7547 -2.1176 4.6808, 1.7405 -2.1561 4.6682, 1.7399 -2.1578 4.6676, 1.7306 -2.194 4.6464, 1.73 -2.1975 4.6431, 1.7278 -2.2106 4.6312, 1.7587 -2.1097 4.6816, -2.7032 -2.1097 4.6821, -2.1653 -2.1098 4.6823, -2.704 -2.1076 4.6826, -2.7014 -2.1141 4.6809, -2.6888 -2.1455 4.6727, -2.1653 -2.1562 4.6683, -2.6751 -2.1972 4.6427, -2.1653 -2.1978 4.6435, -2.6788 -2.1793 4.6563, -2.6857 -2.1558 4.6676, -2.673 -2.2073 4.6352, -2.6725 -2.2099 4.6332, -2.1653 -2.232 4.6092, -2.6697 -2.2318 4.6089, -2.6692 -2.2353 4.605, -2.1653 -2.2569 4.5676, -2.6678 -2.2549 4.572, -2.6677 -2.2565 4.5674, -2.1653 -2.2708 4.5212, -2.162 -2.2736 4.4882, -2.163 -2.2735 4.4927, -2.6673 -2.2689 4.5311, -2.6673 -2.27 4.5211, -2.1653 -2.2726 4.5079, -2.1649 -2.2733 4.5002, -1.5748 -2.1277 4.6783, 0.6322 -2.2735 4.4927, 0.6304 -2.2733 4.5002, -1.5761 -2.2735 4.4956, 0.6299 -2.2726 4.5079, -1.5748 -2.2669 4.5391, -1.5748 -2.2726 4.5079, 0.6333 -2.2736 4.4882, -1.5769 -2.2735 4.4926, -1.5782 -2.2736 4.4882, 0.6299 -2.1277 4.6783, -1.5748 -2.1752 4.6587, 0.6299 -2.1752 4.6587, -1.5748 -2.216 4.6274, 0.6299 -2.216 4.6274, -1.5748 -2.2473 4.5866, 0.6299 -2.2473 4.5866, 0.6299 -2.2669 4.5391, 1.2183 -2.2735 4.4926, 1.2171 -2.2736 4.4882, 1.2205 -2.2708 4.5212, 1.2205 -2.2726 4.5079, 1.2192 -2.2735 4.4956, 1.2205 -2.2569 4.5676, 1.2205 -2.232 4.6092, 1.2205 -2.1978 4.6435, 1.2205 -2.1562 4.6683, 1.2205 -2.1098 4.6823, -2.1653 -2.0768 4.5079, -1.5748 -2.0768 4.5079, -1.5768 -2.0768 4.4926, -1.5827 -2.0768 4.4783, -1.6339 -2.0768 4.4488, -1.6339 -2.2736 4.4488, -1.6186 -2.0768 4.4508, -1.6186 -2.2736 4.4508, -1.6043 -2.0768 4.4567, -1.6043 -2.2736 4.4567, -1.5921 -2.0768 4.4661, -1.5921 -2.2736 4.4661, -1.5827 -2.2736 4.4783, -2.1063 -2.0768 4.4488, -2.1063 -2.2736 4.4488, 1.1614 -2.0768 4.4488, 0.689 -2.0768 4.4488, 1.1614 -2.2736 4.4488, 0.689 -2.2736 4.4488, -2.1649 -2.2733 4.5002, -2.1633 -2.0768 4.4926, -2.1216 -2.2736 4.4508, -2.1216 -2.0768 4.4508, -2.1358 -2.2736 4.4567, -2.1358 -2.0768 4.4567, -2.1481 -2.2736 4.4661, -2.1481 -2.0768 4.4661, -2.1574 -2.2736 4.4783, -2.1574 -2.0768 4.4783, 1.3287 -2.2736 0.8341, 1.3287 -2.2736 0.2538, 2.1161 -2.2736 2.1965, 1.8799 -2.2736 0.2538, 2.1161 -2.2736 0.2538, -2.8248 -2.2736 0.2538, -2.2736 -2.2736 0.2538, -2.2736 -2.2736 0.8341, -3.061 -2.2736 0.2538, -3.061 -2.2736 2.1965, -2.8248 -2.2736 2.1965, -2.185 -2.2736 0.8341, -2.8248 -2.2736 4.0157, -2.185 -2.2736 3.3465, -1.437 -2.2736 4.0945, 0.6378 -2.2736 4.4783, -2.6707 -2.2736 4.3708, -2.6809 -2.2736 4.3395, 0.6472 -2.2736 4.4661, 0.4921 -2.2736 4.0945, 0.6595 -2.2736 4.4567, 0.6737 -2.2736 4.4508, -2.6673 -2.2736 4.4035, 1.2402 -2.2736 0.8341, 1.8799 -2.2736 2.1965, 1.2402 -2.2736 3.3465, 1.8799 -2.2736 4.0157, 1.1909 -2.2736 4.4567, 1.736 -2.2736 4.3395, 1.2126 -2.2736 4.4783, 1.2032 -2.2736 4.4661, 1.1767 -2.2736 4.4508, 1.7224 -2.2736 4.4035, 1.7259 -2.2736 4.3708, 1.2402 -2.0768 0.8341, 1.2402 -2.0768 3.3465, 0.4921 -2.0768 4.0945, -1.437 -2.0768 4.0945, -2.185 -2.0768 3.3465, -2.185 -2.0768 0.8341, -2.2736 -2.0768 0.2538, -2.7461 -2.0768 0.2538, -3.061 -2.0768 2.1965, -2.7527 -2.0768 0.2068, -2.7472 -2.0768 0.1883, -2.7461 -2.0768 0.1751, 1.2185 -2.0768 4.4926, 1.2205 -2.0768 4.5079, 0.6299 -2.0768 4.5079, 0.6319 -2.0768 4.4926, -2.793 -2.0768 0.2471, -2.7764 -2.0768 0.2372, -2.7627 -2.0768 0.2235, -2.8116 -2.0768 0.2527, -2.8248 -2.0768 0.2538, -3.061 -2.0768 0.2538, 1.2126 -2.0768 4.4783, 0.6378 -2.0768 4.4783, 0.6472 -2.0768 4.4661, 0.6595 -2.0768 4.4567, 2.1161 -2.0768 2.1965, 2.1161 -2.0768 0.2538, 1.8799 -2.0768 0.2538, 1.8178 -2.0768 0.2235, 1.8079 -2.0768 0.2068, 1.8012 -2.0768 0.2538, 1.8023 -2.0768 0.1883, 1.8012 -2.0768 0.1751, 1.3287 -2.0768 0.2538, 1.3287 -2.0768 0.8341, 1.8799 -2.0768 2.1965, 1.8799 -2.0768 4.0157, 1.1767 -2.0768 4.4508, 1.8667 -2.0768 0.2527, 1.8482 -2.0768 0.2471, 1.8315 -2.0768 0.2372, 0.6737 -2.0768 4.4508, 1.7224 -2.0768 4.4035, 1.7259 -2.0768 4.3708, 1.2032 -2.0768 4.4661, -2.8248 -2.0768 4.0157, -2.6809 -2.0768 4.3395, 1.1909 -2.0768 4.4567, 1.736 -2.0768 4.3395, -2.6673 -2.0768 4.4035, -2.6707 -2.0768 4.3708, -2.8248 -2.0768 2.1965, -2.2736 -2.0768 0.8341, 1.3287 -1.7618 0.2538, 1.3287 -1.7618 0.057, 1.3287 -2.2708 0.2208, 1.3287 -2.2569 0.1744, 1.3287 -2.0768 0.057, 1.3287 -2.1098 0.0598, 1.3287 -2.1562 0.0737, 1.3287 -2.1978 0.0985, 1.3287 -2.232 0.1328, 1.4469 -1.6437 0.2538, 1.4469 -1.6437 0.057, 1.4163 -1.6477 0.057, 1.4163 -1.6477 0.2538, 1.3878 -1.6595 0.057, 1.3878 -1.6595 0.2538, 1.3633 -1.6783 0.057, 1.3633 -1.6783 0.2538, 1.3446 -1.7028 0.057, 1.3446 -1.7028 0.2538, 1.3328 -1.7312 0.057, 1.3328 -1.7312 0.2538, 1.8012 -1.7618 0.057, 1.8012 -2.0768 0.057, 1.6831 -1.6437 0.057, 1.7421 -1.6595 0.057, 1.7666 -1.6783 0.057, 1.7854 -1.7028 0.057, 1.7136 -1.6477 0.057, 1.7972 -1.7312 0.057, -2.2736 -1.7618 0.057, -2.2736 -2.0768 0.057, -2.7461 -2.0768 0.057, -2.7302 -1.7028 0.057, -2.7115 -1.6783 0.057, -2.687 -1.6595 0.057, -2.7461 -1.7618 0.057, -2.6279 -1.6437 0.057, -2.3917 -1.6437 0.057, -2.742 -1.7312 0.057, -2.6585 -1.6477 0.057, -2.3327 -1.6595 0.057, -2.3082 -1.6783 0.057, -2.2894 -1.7028 0.057, -2.3612 -1.6477 0.057, -2.2776 -1.7312 0.057, 1.8164 -2.2707 0.2209, 1.8181 -2.2712 0.2233, 1.8197 -2.2716 0.2259, 1.8317 -2.2729 0.237, 1.8331 -2.273 0.2384, 1.8483 -2.2735 0.247, 1.8495 -2.2735 0.2477, 1.8668 -2.2736 0.2526, 1.868 -2.2736 0.2529, 1.8012 -2.2569 0.1744, 1.8012 -2.2572 0.1751, 1.8028 -2.2621 0.1882, 1.8034 -2.2642 0.1937, 1.8082 -2.2678 0.2067, 1.8097 -2.2688 0.2107, 1.8012 -2.232 0.1328, 1.8012 -2.1978 0.0985, 1.8012 -2.1562 0.0737, 1.8012 -2.1098 0.0598, -2.8117 -2.2736 0.2521, -2.805 -2.2736 0.2513, -2.7867 -2.2734 0.244, -2.7933 -2.2735 0.2466, -2.7611 -2.2708 0.2209, -2.7631 -2.2711 0.2232, -2.771 -2.2725 0.2326, -2.7767 -2.2728 0.2367, -2.759 -2.2704 0.2183, -2.7531 -2.2677 0.2066, -2.7507 -2.2666 0.2018, -2.7475 -2.2622 0.1882, -2.7466 -2.2609 0.1842, -2.7461 -2.2572 0.1751, -2.2736 -2.1098 0.0598, -2.7461 -2.1098 0.0598, -2.2736 -2.1562 0.0737, -2.7461 -2.1562 0.0737, -2.2736 -2.1978 0.0985, -2.7461 -2.1978 0.0985, -2.2736 -2.232 0.1328, -2.7461 -2.232 0.1328, -2.2736 -2.2569 0.1744, -2.7461 -2.2569 0.1744, -2.2736 -2.2708 0.2208, -2.7461 -1.7618 0.2538, -2.6279 -1.6437 0.2538, -2.6585 -1.6477 0.2538, -2.687 -1.6595 0.2538, -2.7115 -1.6783 0.2538, -2.7302 -1.7028 0.2538, -2.742 -1.7312 0.2538, -2.3917 -1.6437 0.2538, -2.2736 -1.7618 0.2538, -2.2776 -1.7312 0.2538, -2.2894 -1.7028 0.2538, -2.3082 -1.6783 0.2538, -2.3327 -1.6595 0.2538, -2.3612 -1.6477 0.2538, 1.7854 -1.7028 0.2538, 1.7666 -1.6783 0.2538, 1.7421 -1.6595 0.2538, 1.8012 -1.7618 0.2538, 1.6831 -1.6437 0.2538, 1.7972 -1.7312 0.2538, 1.7136 -1.6477 0.2538
            ]
        }
        coordIndex [
            0,1,2,-1,3,4,5,-1,5,4,6,-1,7,4,8,-1,8,4,2,-1,8,2,9,-1,10,11,12,-1,12,11,13,-1,3,14,4,-1,4,14,15,-1,4,15,2,-1,2,15,16,-1,2,16,0,-1,17,18,19,-1,20,21,22,-1,23,24,25,-1,26,27,2,-1,19,28,17,-1,17,28,29,-1,17,29,30,-1,21,20,31,-1,31,20,32,-1,31,32,33,-1,10,34,11,-1,11,34,35,-1,11,35,36,-1,36,35,37,-1,36,37,38,-1,25,24,39,-1,39,24,40,-1,39,40,41,-1,41,40,42,-1,41,42,43,-1,43,42,44,-1,43,44,45,-1,45,44,46,-1,45,46,47,-1,48,49,50,-1,49,51,50,-1,50,51,26,-1,50,26,52,-1,52,26,2,-1,52,2,53,-1,25,54,23,-1,23,54,55,-1,23,55,30,-1,30,55,56,-1,30,56,17,-1,27,57,2,-1,2,57,58,-1,2,58,9,-1,9,58,59,-1,9,59,60,-1,60,61,9,-1,9,61,62,-1,9,62,63,-1,33,32,64,-1,64,32,65,-1,64,65,66,-1,66,65,67,-1,66,67,50,-1,50,67,68,-1,50,68,48,-1,69,70,18,-1,18,70,71,-1,18,71,72,-1,72,71,20,-1,72,20,11,-1,11,20,22,-1,11,22,13,-1,63,62,73,-1,73,62,74,-1,73,74,75,-1,75,74,76,-1,75,76,17,-1,76,77,17,-1,17,77,78,-1,17,78,18,-1,18,78,79,-1,18,79,69,-1,80,81,82,-1,81,83,82,-1,82,83,84,-1,82,84,85,-1,86,87,11,-1,87,88,11,-1,11,88,89,-1,11,89,90,-1,82,91,92,-1,93,94,95,-1,95,94,96,-1,95,96,80,-1,97,98,82,-1,82,99,100,-1,80,82,95,-1,95,82,100,-1,95,100,101,-1,102,103,104,-1,104,103,105,-1,104,105,92,-1,106,107,108,-1,108,109,106,-1,106,109,110,-1,106,110,111,-1,86,11,112,-1,112,11,36,-1,112,36,113,-1,92,105,82,-1,82,105,114,-1,82,114,97,-1,115,116,106,-1,106,116,117,-1,107,106,118,-1,118,106,119,-1,118,119,120,-1,121,122,123,-1,123,122,124,-1,123,124,125,-1,90,121,11,-1,11,121,123,-1,11,123,111,-1,111,123,126,-1,126,127,111,-1,111,127,128,-1,111,128,106,-1,106,128,129,-1,106,129,115,-1,119,130,120,-1,120,130,131,-1,120,131,132,-1,132,131,133,-1,132,133,134,-1,134,133,135,-1,134,135,136,-1,136,135,137,-1,136,137,138,-1,138,137,139,-1,138,139,140,-1,140,139,141,-1,140,141,142,-1,98,143,82,-1,82,143,144,-1,82,144,99,-1,99,144,145,-1,99,145,146,-1,146,147,99,-1,99,147,148,-1,99,148,149,-1,102,104,150,-1,150,104,151,-1,150,151,152,-1,152,151,153,-1,152,153,117,-1,117,153,154,-1,117,154,106,-1,149,148,155,-1,155,148,156,-1,155,156,125,-1,125,156,157,-1,125,157,123,-1,158,159,160,-1,161,162,163,-1,163,164,161,-1,161,164,165,-1,161,165,166,-1,167,168,160,-1,160,168,169,-1,160,169,162,-1,170,171,172,-1,173,174,175,-1,175,174,176,-1,177,178,161,-1,161,178,179,-1,161,179,180,-1,181,182,183,-1,183,182,184,-1,183,184,185,-1,186,159,187,-1,188,189,190,-1,159,186,160,-1,160,186,191,-1,160,191,192,-1,193,194,195,-1,195,194,196,-1,195,196,197,-1,180,198,161,-1,161,198,199,-1,161,199,162,-1,162,199,200,-1,162,200,160,-1,160,200,201,-1,160,201,158,-1,172,171,202,-1,202,171,203,-1,202,203,204,-1,204,203,205,-1,204,205,206,-1,206,205,138,-1,206,138,207,-1,207,138,140,-1,207,140,208,-1,187,209,186,-1,186,209,210,-1,186,210,211,-1,212,213,161,-1,161,213,214,-1,161,214,177,-1,177,214,215,-1,177,215,216,-1,216,215,217,-1,216,217,193,-1,193,217,218,-1,193,218,194,-1,173,219,174,-1,174,219,220,-1,174,220,221,-1,221,220,222,-1,221,222,223,-1,172,224,170,-1,170,224,225,-1,170,225,185,-1,185,225,226,-1,185,226,183,-1,181,183,190,-1,190,183,227,-1,190,227,188,-1,189,228,190,-1,190,228,229,-1,190,229,230,-1,230,229,195,-1,230,195,174,-1,174,195,197,-1,174,197,176,-1,211,210,231,-1,231,210,232,-1,231,232,233,-1,233,232,234,-1,233,234,183,-1,183,234,235,-1,183,235,227,-1,236,237,174,-1,238,239,240,-1,241,242,243,-1,243,242,244,-1,236,174,245,-1,240,246,238,-1,238,246,247,-1,238,247,242,-1,242,247,248,-1,242,248,244,-1,249,250,251,-1,251,250,252,-1,253,254,255,-1,256,257,258,-1,258,257,259,-1,245,174,260,-1,260,174,221,-1,260,221,261,-1,255,262,253,-1,253,262,174,-1,253,174,263,-1,257,264,259,-1,259,264,265,-1,259,265,266,-1,266,265,267,-1,266,267,268,-1,268,267,269,-1,268,269,270,-1,270,269,271,-1,270,271,44,-1,44,271,272,-1,44,272,46,-1,46,272,273,-1,46,273,274,-1,237,275,174,-1,174,275,276,-1,174,276,263,-1,263,276,277,-1,263,277,278,-1,278,277,279,-1,278,279,280,-1,280,279,251,-1,280,251,281,-1,281,251,252,-1,282,283,284,-1,285,286,256,-1,256,286,287,-1,251,288,249,-1,249,288,289,-1,249,289,290,-1,291,292,242,-1,242,292,290,-1,282,284,293,-1,283,294,284,-1,284,294,291,-1,284,291,295,-1,295,291,242,-1,295,242,296,-1,254,253,297,-1,297,253,298,-1,297,298,299,-1,299,298,300,-1,299,300,258,-1,258,300,301,-1,258,301,256,-1,256,301,302,-1,256,302,285,-1,303,238,304,-1,304,238,242,-1,304,242,305,-1,305,242,290,-1,305,290,306,-1,306,290,289,-1,293,284,307,-1,307,284,308,-1,307,308,309,-1,309,308,310,-1,309,310,287,-1,287,310,311,-1,287,311,256,-1,138,312,136,-1,136,312,313,-1,136,313,134,-1,134,313,314,-1,134,314,132,-1,132,314,315,-1,132,315,120,-1,120,315,316,-1,120,316,118,-1,118,316,317,-1,118,317,107,-1,107,317,318,-1,107,318,108,-1,108,318,319,-1,108,319,109,-1,109,319,320,-1,109,320,110,-1,110,320,321,-1,110,321,111,-1,111,321,322,-1,111,322,11,-1,11,322,323,-1,11,323,72,-1,72,323,324,-1,72,324,18,-1,18,324,325,-1,18,325,19,-1,19,325,326,-1,19,326,28,-1,28,326,327,-1,28,327,29,-1,29,327,328,-1,29,328,30,-1,30,328,329,-1,30,329,23,-1,23,329,330,-1,23,330,24,-1,24,330,331,-1,24,331,40,-1,40,331,332,-1,40,332,42,-1,42,332,333,-1,42,333,44,-1,44,333,334,-1,44,334,270,-1,270,334,335,-1,270,335,268,-1,268,335,336,-1,268,336,266,-1,266,336,337,-1,266,337,259,-1,259,337,338,-1,259,338,258,-1,258,338,339,-1,258,339,299,-1,299,339,340,-1,299,340,297,-1,297,340,341,-1,297,341,254,-1,254,341,342,-1,254,342,255,-1,255,342,343,-1,255,343,262,-1,262,343,344,-1,262,344,174,-1,174,344,345,-1,174,345,230,-1,230,345,346,-1,230,346,190,-1,190,346,347,-1,190,347,181,-1,181,347,348,-1,181,348,182,-1,182,348,349,-1,182,349,184,-1,184,349,350,-1,184,350,185,-1,185,350,351,-1,185,351,170,-1,170,351,352,-1,170,352,171,-1,171,352,353,-1,171,353,203,-1,203,353,354,-1,203,354,205,-1,205,354,355,-1,205,355,138,-1,138,355,312,-1,356,357,323,-1,323,357,358,-1,323,358,359,-1,360,361,362,-1,362,361,363,-1,364,316,365,-1,365,316,315,-1,365,315,366,-1,366,315,314,-1,366,314,367,-1,367,314,313,-1,367,313,368,-1,368,313,312,-1,368,312,369,-1,369,312,370,-1,369,370,371,-1,372,373,374,-1,375,376,377,-1,377,376,378,-1,377,378,379,-1,379,378,380,-1,379,380,381,-1,359,382,323,-1,323,382,383,-1,323,383,384,-1,384,383,385,-1,384,385,386,-1,316,387,317,-1,317,387,388,-1,317,388,318,-1,318,388,389,-1,318,389,319,-1,319,389,390,-1,319,390,320,-1,320,390,391,-1,320,391,321,-1,392,393,394,-1,394,393,360,-1,394,360,395,-1,395,360,362,-1,372,374,396,-1,373,397,374,-1,374,397,398,-1,374,398,399,-1,399,398,381,-1,399,381,400,-1,391,401,356,-1,363,402,362,-1,362,402,403,-1,362,403,404,-1,404,403,405,-1,404,405,406,-1,406,405,407,-1,406,407,364,-1,364,407,408,-1,364,408,316,-1,316,408,409,-1,316,409,387,-1,356,323,391,-1,391,323,322,-1,391,322,321,-1,392,379,393,-1,393,379,381,-1,393,381,410,-1,410,381,398,-1,396,374,411,-1,411,374,412,-1,411,412,413,-1,413,412,414,-1,413,414,415,-1,415,414,416,-1,415,416,391,-1,391,416,417,-1,391,417,401,-1,418,419,323,-1,419,420,323,-1,323,420,421,-1,323,421,422,-1,423,424,425,-1,425,424,426,-1,425,426,427,-1,327,326,428,-1,428,326,325,-1,428,325,324,-1,429,430,431,-1,431,430,432,-1,431,432,433,-1,433,432,434,-1,433,434,425,-1,435,436,437,-1,437,436,423,-1,437,423,438,-1,438,423,425,-1,438,425,439,-1,418,323,440,-1,440,323,384,-1,440,384,441,-1,442,433,443,-1,443,433,425,-1,443,425,444,-1,444,425,427,-1,442,445,433,-1,433,445,446,-1,433,446,447,-1,422,448,323,-1,323,448,449,-1,323,449,324,-1,324,449,450,-1,330,329,451,-1,451,329,428,-1,428,329,328,-1,428,328,327,-1,448,452,449,-1,449,452,453,-1,449,453,454,-1,454,453,455,-1,454,455,456,-1,456,455,457,-1,456,457,447,-1,447,457,458,-1,447,458,433,-1,459,460,428,-1,428,460,461,-1,451,462,330,-1,330,462,463,-1,330,463,331,-1,331,463,464,-1,331,464,332,-1,332,464,465,-1,332,465,333,-1,333,465,466,-1,333,466,334,-1,334,466,467,-1,334,467,468,-1,468,467,469,-1,468,469,470,-1,450,471,324,-1,324,471,472,-1,324,472,428,-1,428,472,473,-1,428,473,459,-1,435,437,474,-1,474,437,475,-1,474,475,476,-1,476,475,477,-1,476,477,461,-1,461,477,478,-1,461,478,428,-1,479,343,342,-1,480,345,481,-1,481,345,482,-1,483,484,485,-1,484,483,486,-1,486,483,487,-1,486,487,488,-1,489,490,491,-1,338,337,492,-1,485,493,483,-1,483,493,494,-1,483,494,495,-1,486,496,497,-1,497,496,489,-1,497,489,498,-1,498,489,491,-1,499,500,486,-1,342,341,479,-1,479,341,340,-1,479,340,339,-1,501,502,503,-1,480,504,345,-1,345,504,505,-1,345,505,506,-1,506,505,507,-1,506,507,508,-1,492,337,509,-1,509,337,336,-1,509,336,510,-1,510,336,335,-1,510,335,511,-1,511,335,334,-1,511,334,512,-1,512,334,468,-1,512,468,513,-1,500,514,486,-1,486,514,515,-1,486,515,484,-1,516,517,343,-1,343,517,518,-1,343,518,344,-1,344,518,501,-1,344,501,345,-1,345,501,503,-1,345,503,482,-1,519,497,520,-1,520,497,521,-1,520,521,522,-1,522,521,523,-1,522,523,524,-1,524,523,525,-1,524,525,501,-1,501,525,526,-1,501,526,502,-1,519,527,497,-1,497,527,528,-1,497,528,486,-1,486,528,529,-1,486,529,499,-1,492,530,338,-1,338,530,531,-1,338,531,339,-1,339,531,532,-1,339,532,479,-1,495,494,533,-1,533,494,534,-1,533,534,535,-1,535,534,536,-1,535,536,479,-1,536,537,479,-1,479,537,538,-1,479,538,343,-1,343,538,539,-1,343,539,516,-1,347,346,540,-1,541,542,345,-1,542,543,345,-1,345,543,544,-1,345,544,545,-1,546,547,548,-1,548,547,549,-1,549,550,548,-1,548,550,551,-1,548,551,552,-1,552,551,553,-1,552,553,554,-1,554,553,555,-1,541,345,556,-1,556,345,506,-1,556,506,557,-1,558,559,560,-1,560,559,561,-1,560,561,562,-1,562,561,563,-1,562,563,564,-1,565,566,567,-1,567,566,546,-1,567,546,568,-1,568,546,548,-1,569,570,571,-1,350,349,540,-1,540,349,348,-1,540,348,347,-1,565,562,566,-1,566,562,564,-1,566,564,572,-1,572,564,573,-1,574,346,575,-1,575,346,345,-1,575,345,555,-1,555,345,545,-1,555,545,554,-1,569,571,576,-1,570,577,571,-1,571,577,573,-1,571,573,578,-1,578,573,564,-1,578,564,579,-1,574,580,346,-1,346,580,581,-1,346,581,540,-1,540,581,582,-1,582,583,540,-1,540,583,584,-1,540,584,585,-1,350,540,351,-1,351,540,586,-1,351,586,352,-1,586,587,352,-1,352,587,588,-1,352,588,353,-1,353,588,589,-1,353,589,354,-1,354,589,590,-1,354,590,355,-1,355,590,591,-1,355,591,312,-1,312,591,592,-1,312,592,370,-1,370,592,593,-1,370,593,594,-1,576,571,595,-1,595,571,596,-1,595,596,597,-1,597,596,598,-1,597,598,585,-1,585,598,599,-1,585,599,540,-1,159,570,187,-1,187,570,569,-1,187,569,209,-1,209,569,576,-1,209,576,210,-1,210,576,595,-1,210,595,232,-1,232,595,597,-1,232,597,234,-1,234,597,585,-1,234,585,235,-1,235,585,584,-1,235,584,227,-1,227,584,583,-1,227,583,188,-1,188,583,582,-1,188,582,189,-1,189,582,581,-1,189,581,228,-1,228,581,580,-1,228,580,229,-1,229,580,574,-1,229,574,195,-1,195,574,575,-1,195,575,193,-1,193,575,555,-1,193,555,216,-1,216,555,553,-1,216,553,177,-1,177,553,551,-1,177,551,178,-1,178,551,550,-1,178,550,179,-1,179,550,549,-1,179,549,180,-1,180,549,547,-1,180,547,198,-1,198,547,546,-1,198,546,199,-1,199,546,566,-1,199,566,200,-1,200,566,572,-1,200,572,201,-1,201,572,573,-1,201,573,158,-1,158,573,577,-1,158,577,159,-1,159,577,570,-1,253,501,298,-1,298,501,518,-1,298,518,300,-1,300,518,517,-1,300,517,301,-1,301,517,516,-1,301,516,302,-1,302,516,539,-1,302,539,285,-1,285,539,538,-1,285,538,286,-1,286,538,537,-1,286,537,287,-1,287,537,536,-1,287,536,309,-1,309,536,534,-1,309,534,307,-1,307,534,494,-1,307,494,293,-1,293,494,493,-1,293,493,282,-1,282,493,485,-1,282,485,283,-1,283,485,484,-1,283,484,294,-1,294,484,515,-1,294,515,291,-1,291,515,514,-1,291,514,292,-1,292,514,500,-1,292,500,290,-1,290,500,499,-1,290,499,249,-1,249,499,529,-1,249,529,250,-1,250,529,528,-1,250,528,252,-1,252,528,527,-1,252,527,281,-1,281,527,519,-1,281,519,280,-1,280,519,520,-1,280,520,278,-1,278,520,522,-1,278,522,263,-1,263,522,524,-1,263,524,253,-1,253,524,501,-1,105,361,114,-1,114,361,360,-1,114,360,97,-1,97,360,393,-1,97,393,98,-1,98,393,410,-1,98,410,143,-1,143,410,398,-1,143,398,144,-1,144,398,397,-1,144,397,145,-1,145,397,373,-1,145,373,146,-1,146,373,372,-1,146,372,147,-1,147,372,396,-1,147,396,148,-1,148,396,411,-1,148,411,156,-1,156,411,413,-1,156,413,157,-1,157,413,415,-1,157,415,123,-1,123,415,391,-1,123,391,126,-1,126,391,390,-1,126,390,127,-1,127,390,389,-1,127,389,128,-1,128,389,388,-1,128,388,129,-1,129,388,387,-1,129,387,115,-1,115,387,409,-1,115,409,116,-1,116,409,408,-1,116,408,117,-1,117,408,407,-1,117,407,152,-1,152,407,405,-1,152,405,150,-1,150,405,403,-1,150,403,102,-1,102,403,402,-1,102,402,103,-1,103,402,363,-1,103,363,105,-1,105,363,361,-1,20,449,32,-1,32,449,454,-1,32,454,65,-1,65,454,456,-1,65,456,67,-1,67,456,447,-1,67,447,68,-1,68,447,446,-1,68,446,48,-1,48,446,445,-1,48,445,49,-1,49,445,442,-1,49,442,51,-1,51,442,443,-1,51,443,26,-1,26,443,444,-1,26,444,27,-1,27,444,427,-1,27,427,57,-1,57,427,426,-1,57,426,58,-1,58,426,424,-1,58,424,59,-1,59,424,423,-1,59,423,60,-1,60,423,436,-1,60,436,61,-1,61,436,435,-1,61,435,62,-1,62,435,474,-1,62,474,74,-1,74,474,476,-1,74,476,76,-1,76,476,461,-1,76,461,77,-1,77,461,460,-1,77,460,78,-1,78,460,459,-1,78,459,79,-1,79,459,473,-1,79,473,69,-1,69,473,472,-1,69,472,70,-1,70,472,471,-1,70,471,71,-1,71,471,450,-1,71,450,20,-1,20,450,449,-1,207,208,593,-1,593,208,600,-1,600,601,602,-1,602,603,600,-1,600,603,604,-1,600,604,605,-1,605,606,600,-1,600,606,594,-1,600,594,593,-1,587,225,588,-1,588,225,224,-1,588,224,589,-1,589,224,172,-1,589,172,590,-1,590,172,202,-1,590,202,591,-1,591,202,204,-1,591,204,592,-1,592,204,206,-1,592,206,593,-1,593,206,207,-1,587,586,225,-1,225,586,226,-1,578,191,571,-1,571,191,186,-1,571,186,596,-1,596,186,211,-1,596,211,598,-1,598,211,231,-1,598,231,599,-1,599,231,233,-1,599,233,540,-1,540,233,183,-1,540,183,586,-1,586,183,226,-1,607,608,609,-1,192,191,609,-1,609,191,578,-1,607,609,610,-1,578,579,609,-1,609,579,611,-1,609,611,612,-1,612,613,609,-1,609,613,614,-1,609,614,610,-1,615,600,208,-1,616,617,618,-1,619,620,91,-1,621,617,622,-1,622,617,623,-1,619,91,624,-1,621,625,617,-1,617,625,626,-1,617,626,618,-1,618,626,627,-1,628,629,630,-1,631,632,623,-1,623,632,633,-1,623,633,622,-1,631,634,632,-1,632,634,635,-1,632,635,636,-1,637,638,142,-1,142,638,639,-1,142,639,140,-1,140,639,640,-1,140,640,641,-1,641,642,643,-1,633,644,622,-1,622,644,645,-1,622,645,646,-1,646,647,622,-1,622,647,648,-1,622,648,649,-1,640,650,641,-1,641,650,651,-1,641,651,652,-1,653,654,655,-1,616,618,656,-1,656,618,657,-1,656,657,658,-1,659,660,661,-1,661,662,659,-1,659,662,663,-1,659,663,664,-1,652,665,641,-1,641,665,666,-1,641,666,667,-1,667,666,668,-1,667,668,669,-1,669,668,670,-1,669,670,671,-1,671,670,672,-1,673,674,675,-1,675,674,676,-1,675,676,677,-1,677,678,675,-1,675,678,679,-1,675,679,680,-1,681,682,670,-1,670,682,683,-1,670,683,672,-1,684,630,685,-1,685,630,686,-1,687,688,140,-1,689,160,192,-1,690,657,691,-1,691,657,618,-1,691,618,653,-1,653,618,692,-1,653,692,654,-1,690,693,657,-1,657,693,694,-1,657,694,695,-1,624,91,670,-1,670,91,82,-1,670,82,681,-1,655,696,653,-1,653,696,689,-1,653,689,697,-1,697,689,192,-1,697,192,698,-1,698,192,609,-1,659,673,660,-1,660,673,675,-1,660,675,643,-1,643,675,628,-1,643,628,641,-1,641,628,630,-1,641,630,140,-1,140,630,684,-1,140,684,687,-1,688,699,140,-1,140,699,700,-1,140,700,208,-1,208,700,701,-1,208,701,702,-1,702,703,695,-1,695,703,704,-1,695,704,657,-1,695,705,702,-1,702,705,706,-1,702,706,208,-1,208,706,707,-1,208,707,615,-1,629,708,630,-1,630,708,709,-1,710,711,712,-1,713,714,715,-1,716,712,715,-1,715,712,717,-1,715,717,713,-1,718,719,720,-1,717,721,713,-1,713,721,718,-1,713,718,722,-1,722,718,720,-1,723,724,725,-1,725,724,710,-1,725,710,726,-1,726,710,712,-1,726,712,727,-1,727,712,716,-1,728,729,730,-1,730,731,728,-1,728,731,732,-1,728,732,733,-1,734,735,736,-1,736,735,728,-1,736,728,737,-1,737,728,733,-1,737,733,738,-1,739,740,741,-1,741,740,742,-1,741,742,743,-1,744,745,746,-1,746,745,741,-1,746,741,747,-1,747,741,743,-1,748,749,741,-1,741,749,750,-1,741,750,739,-1,751,752,753,-1,709,708,754,-1,755,756,757,-1,757,756,758,-1,759,760,761,-1,761,762,759,-1,759,762,763,-1,759,763,764,-1,765,766,767,-1,767,766,768,-1,767,768,769,-1,769,768,770,-1,771,772,773,-1,773,772,774,-1,773,774,775,-1,776,777,778,-1,757,759,755,-1,755,759,764,-1,755,764,765,-1,765,764,779,-1,765,779,766,-1,778,780,776,-1,776,780,781,-1,776,781,759,-1,759,781,782,-1,759,782,760,-1,783,784,785,-1,785,784,786,-1,785,786,787,-1,777,776,774,-1,774,776,788,-1,774,788,775,-1,789,790,791,-1,792,793,794,-1,794,793,795,-1,794,795,785,-1,785,795,796,-1,785,796,783,-1,797,798,799,-1,799,798,757,-1,799,757,800,-1,800,757,758,-1,800,758,801,-1,802,803,804,-1,805,806,807,-1,808,809,810,-1,810,809,811,-1,812,813,814,-1,814,813,815,-1,814,815,816,-1,814,817,818,-1,818,817,819,-1,806,805,820,-1,820,805,821,-1,820,821,822,-1,816,823,814,-1,814,823,824,-1,814,824,817,-1,817,824,825,-1,817,825,826,-1,827,828,829,-1,829,828,830,-1,830,831,829,-1,829,831,832,-1,829,832,802,-1,802,832,833,-1,802,833,834,-1,835,836,837,-1,838,839,840,-1,840,839,841,-1,838,840,842,-1,842,840,843,-1,842,843,844,-1,819,845,829,-1,829,845,846,-1,829,846,827,-1,834,847,802,-1,802,847,848,-1,802,848,803,-1,849,840,850,-1,850,840,841,-1,850,841,851,-1,851,841,852,-1,808,821,853,-1,853,821,842,-1,853,842,854,-1,854,842,844,-1,807,855,805,-1,805,855,856,-1,805,856,837,-1,837,856,857,-1,837,857,835,-1,811,858,810,-1,810,858,859,-1,810,859,860,-1,812,814,861,-1,861,814,862,-1,861,862,863,-1,860,859,864,-1,864,859,865,-1,864,865,866,-1,866,865,867,-1,866,867,861,-1,85,868,869,-1,869,868,866,-1,869,866,870,-1,870,866,861,-1,870,861,871,-1,871,861,863,-1,810,872,873,-1,874,875,876,-1,877,878,802,-1,802,878,879,-1,802,879,876,-1,876,879,880,-1,876,880,874,-1,873,881,810,-1,810,881,882,-1,810,882,883,-1,884,885,886,-1,886,885,887,-1,886,887,888,-1,883,889,810,-1,810,889,890,-1,810,890,891,-1,892,893,802,-1,802,893,894,-1,802,894,877,-1,895,822,896,-1,896,822,821,-1,896,821,897,-1,897,821,808,-1,897,808,804,-1,804,808,810,-1,804,810,802,-1,802,810,891,-1,802,891,892,-1,898,899,886,-1,886,899,900,-1,886,900,884,-1,875,901,876,-1,876,901,902,-1,876,902,903,-1,860,904,810,-1,810,904,905,-1,810,905,872,-1,872,905,906,-1,872,906,907,-1,908,909,910,-1,911,876,886,-1,886,876,903,-1,886,903,898,-1,911,912,876,-1,876,912,908,-1,876,908,913,-1,907,906,888,-1,888,906,914,-1,888,914,886,-1,886,914,915,-1,886,915,911,-1,910,916,917,-1,917,916,918,-1,917,918,919,-1,919,918,920,-1,914,921,915,-1,915,921,922,-1,915,922,920,-1,922,923,920,-1,920,923,924,-1,920,924,919,-1,919,924,925,-1,919,925,926,-1,927,928,929,-1,928,930,929,-1,929,930,931,-1,929,931,932,-1,933,934,935,-1,935,934,936,-1,937,938,917,-1,917,938,939,-1,917,939,940,-1,934,941,913,-1,913,941,942,-1,913,942,943,-1,943,942,944,-1,908,910,913,-1,913,910,917,-1,913,917,934,-1,934,917,940,-1,934,940,936,-1,945,944,946,-1,946,944,947,-1,948,946,949,-1,949,946,947,-1,949,947,950,-1,950,947,951,-1,932,952,919,-1,952,953,919,-1,919,953,954,-1,919,954,917,-1,917,954,955,-1,917,955,937,-1,956,957,958,-1,959,960,961,-1,961,962,959,-1,959,962,963,-1,959,963,964,-1,965,966,945,-1,945,966,967,-1,945,967,944,-1,944,967,927,-1,944,927,943,-1,943,927,929,-1,943,929,968,-1,957,961,958,-1,958,961,960,-1,958,960,798,-1,798,960,969,-1,798,969,757,-1,757,969,970,-1,757,970,759,-1,971,972,973,-1,970,974,759,-1,759,974,971,-1,759,971,929,-1,929,971,973,-1,929,973,968,-1,975,976,776,-1,976,977,978,-1,978,979,976,-1,976,979,785,-1,976,785,776,-1,776,785,787,-1,776,787,788,-1,980,981,982,-1,983,984,985,-1,977,986,987,-1,988,989,977,-1,977,989,990,-1,977,990,986,-1,985,978,983,-1,983,978,977,-1,983,977,991,-1,991,977,987,-1,992,993,994,-1,994,993,995,-1,994,995,996,-1,996,995,997,-1,979,998,785,-1,785,998,999,-1,785,999,1000,-1,984,983,982,-1,982,983,1001,-1,982,1001,980,-1,1002,1003,977,-1,977,1003,1004,-1,977,1004,988,-1,1005,1006,997,-1,997,1006,1007,-1,992,1008,993,-1,993,1008,1009,-1,993,1009,1010,-1,1002,977,1011,-1,1011,977,1012,-1,1011,1012,1013,-1,1007,1014,997,-1,997,1014,1015,-1,997,1015,996,-1,1013,1016,1011,-1,1011,1016,1017,-1,1011,1017,1018,-1,1019,1020,776,-1,776,1020,1021,-1,776,1021,1022,-1,1017,1023,1018,-1,1018,1023,1024,-1,1018,1024,1025,-1,1025,1024,1026,-1,1010,1027,993,-1,993,1027,1028,-1,993,1028,1019,-1,1022,1029,776,-1,776,1029,1030,-1,776,1030,975,-1,1000,1031,785,-1,785,1031,1032,-1,785,1032,794,-1,794,1032,1033,-1,794,1033,1034,-1,1005,997,1035,-1,1035,997,1036,-1,1035,1036,1037,-1,751,753,1038,-1,1039,1038,1040,-1,1040,1038,753,-1,1040,753,1041,-1,1041,753,1042,-1,1041,1042,1043,-1,1044,1045,958,-1,958,1045,1046,-1,958,1046,1040,-1,1040,1046,1047,-1,1040,1047,1039,-1,1048,1049,1050,-1,1051,1052,798,-1,798,1052,1053,-1,798,1053,958,-1,958,1053,1054,-1,958,1054,1044,-1,791,792,789,-1,789,792,794,-1,789,794,1055,-1,1055,794,1056,-1,1055,1056,797,-1,797,1056,1048,-1,797,1048,798,-1,798,1048,1050,-1,798,1050,1051,-1,1057,794,1036,-1,1036,794,1034,-1,1036,1034,1037,-1,1057,1058,794,-1,794,1058,1059,-1,794,1059,1060,-1,1061,1056,1062,-1,1062,1056,794,-1,1062,794,1063,-1,1063,794,1060,-1,1063,1060,1064,-1,1064,1060,1065,-1,1064,1065,1066,-1,1067,1065,1068,-1,1068,1065,1069,-1,1067,1070,1065,-1,1065,1070,1071,-1,1065,1071,1066,-1,1072,1073,1074,-1,1074,1073,1075,-1,1066,1076,1064,-1,1064,1076,1073,-1,1064,1073,1077,-1,1077,1073,1072,-1,993,1078,1079,-1,1080,1081,1082,-1,1019,776,993,-1,993,776,1083,-1,993,1083,1078,-1,1080,1082,1084,-1,1079,1085,993,-1,993,1085,1082,-1,993,1082,1086,-1,1086,1082,1081,-1,1087,167,1082,-1,1082,167,1088,-1,1082,1088,1084,-1,932,919,929,-1,929,919,1089,-1,929,1089,1090,-1,1091,1092,759,-1,759,1092,1093,-1,759,1093,776,-1,776,1093,1094,-1,776,1094,1083,-1,1090,1095,929,-1,929,1095,1096,-1,929,1096,759,-1,759,1096,1097,-1,759,1097,1091,-1,819,829,818,-1,818,829,1098,-1,818,1098,1099,-1,1100,1101,1102,-1,1102,1101,1103,-1,1042,709,1043,-1,1043,709,754,-1,1043,754,1103,-1,1103,754,1104,-1,1105,1102,1106,-1,1106,1102,1103,-1,1106,1103,1107,-1,1107,1103,1104,-1,1107,1104,1108,-1,1108,1104,1109,-1,1108,1109,1110,-1,1111,1109,1112,-1,1112,1109,1113,-1,1111,1114,1109,-1,1109,1114,1115,-1,1109,1115,1110,-1,1116,1117,1118,-1,1118,1117,1119,-1,1110,1120,1108,-1,1108,1120,1117,-1,1108,1117,1121,-1,1121,1117,1116,-1,1101,1098,1103,-1,1103,1098,829,-1,1103,829,1043,-1,1043,829,802,-1,1043,802,1041,-1,1041,802,876,-1,1041,876,1040,-1,1040,876,913,-1,1040,913,958,-1,958,913,943,-1,958,943,956,-1,956,943,968,-1,956,968,1122,-1,982,1123,1124,-1,982,1124,984,-1,984,1124,1125,-1,984,1125,985,-1,1126,978,1127,-1,1127,978,985,-1,1127,985,1128,-1,1128,985,1125,-1,1129,979,1126,-1,1126,979,978,-1,979,1129,1130,-1,979,1130,998,-1,998,1130,1131,-1,998,1131,999,-1,999,1131,1132,-1,999,1132,1000,-1,1031,1000,1133,-1,1133,1000,1132,-1,1031,1133,1032,-1,1032,1133,1134,-1,1032,1134,1033,-1,1033,1134,1135,-1,1033,1135,1034,-1,1034,1135,1136,-1,1034,1136,1037,-1,1037,1136,1137,-1,1037,1137,1035,-1,1035,1137,1005,-1,1005,1137,1138,-1,1005,1138,1006,-1,1006,1138,1139,-1,1006,1139,1007,-1,1007,1139,1140,-1,1007,1140,1014,-1,1014,1140,1141,-1,1014,1141,1015,-1,1015,1141,1142,-1,1015,1142,996,-1,996,1142,1143,-1,996,1143,994,-1,994,1143,1144,-1,994,1144,992,-1,992,1144,1145,-1,992,1145,1008,-1,1008,1145,1146,-1,1008,1146,1009,-1,1009,1146,1147,-1,1009,1147,1010,-1,1010,1147,1148,-1,1010,1148,1027,-1,1027,1148,1149,-1,1027,1149,1028,-1,1028,1149,1150,-1,1028,1150,1019,-1,1019,1150,1151,-1,1019,1151,1020,-1,1020,1151,1152,-1,1020,1152,1021,-1,1021,1152,1153,-1,1021,1153,1022,-1,1022,1153,1154,-1,1022,1154,1029,-1,1029,1154,1155,-1,1029,1155,1030,-1,1030,1155,1156,-1,1030,1156,975,-1,975,1156,1157,-1,975,1157,976,-1,1158,977,1157,-1,1157,977,976,-1,977,1158,1159,-1,977,1159,1012,-1,1012,1159,1160,-1,1012,1160,1013,-1,1013,1160,1161,-1,1013,1161,1016,-1,1162,1024,1023,-1,1016,1161,1017,-1,1017,1161,1163,-1,1163,1164,1017,-1,1017,1164,1165,-1,1017,1165,1023,-1,1023,1165,1166,-1,1023,1166,1162,-1,1024,1162,1167,-1,1024,1167,1026,-1,1167,1168,1026,-1,1026,1168,1169,-1,1026,1169,1025,-1,1169,1170,1025,-1,1025,1170,1171,-1,1025,1171,1018,-1,1172,1011,1173,-1,1173,1011,1018,-1,1173,1018,1174,-1,1174,1018,1171,-1,1011,1172,1175,-1,1011,1175,1002,-1,1176,1004,1177,-1,1177,1004,1003,-1,1175,1178,1002,-1,1002,1178,1179,-1,1002,1179,1003,-1,1003,1179,1180,-1,1003,1180,1177,-1,1181,989,1182,-1,1182,989,988,-1,1182,988,1183,-1,1183,988,1004,-1,1183,1004,1176,-1,1181,1184,989,-1,989,1184,1185,-1,989,1185,990,-1,990,1185,1186,-1,990,1186,986,-1,1187,991,1188,-1,1188,991,987,-1,1188,987,1189,-1,1189,987,986,-1,1189,986,1186,-1,1190,1001,1191,-1,1191,1001,983,-1,1191,983,1192,-1,1192,983,991,-1,1192,991,1193,-1,1193,991,1187,-1,1123,982,981,-1,1001,1190,980,-1,980,1190,1194,-1,1194,1195,980,-1,980,1195,1196,-1,980,1196,981,-1,981,1196,1197,-1,981,1197,1123,-1,1130,1129,1126,-1,1158,1157,1159,-1,1159,1157,1156,-1,1159,1156,1160,-1,1197,1133,1132,-1,1156,1155,1160,-1,1160,1155,1154,-1,1160,1154,1161,-1,1161,1154,1153,-1,1161,1153,1163,-1,1163,1153,1152,-1,1163,1152,1164,-1,1164,1152,1151,-1,1164,1151,1165,-1,1126,1127,1130,-1,1130,1127,1128,-1,1130,1128,1131,-1,1128,1125,1131,-1,1131,1125,1124,-1,1131,1124,1132,-1,1132,1124,1123,-1,1132,1123,1197,-1,1149,1148,1170,-1,1165,1151,1166,-1,1166,1151,1150,-1,1166,1150,1162,-1,1197,1196,1133,-1,1133,1196,1195,-1,1133,1195,1134,-1,1134,1195,1194,-1,1134,1194,1135,-1,1135,1194,1190,-1,1135,1190,1136,-1,1136,1190,1191,-1,1136,1191,1137,-1,1137,1191,1192,-1,1192,1193,1137,-1,1137,1193,1187,-1,1137,1187,1138,-1,1147,1174,1148,-1,1148,1174,1171,-1,1148,1171,1170,-1,1170,1169,1149,-1,1149,1169,1168,-1,1149,1168,1150,-1,1150,1168,1167,-1,1150,1167,1162,-1,1187,1188,1138,-1,1138,1188,1189,-1,1138,1189,1139,-1,1139,1189,1186,-1,1139,1186,1140,-1,1140,1186,1185,-1,1140,1185,1141,-1,1141,1185,1184,-1,1141,1184,1142,-1,1142,1184,1181,-1,1142,1181,1143,-1,1143,1181,1182,-1,1179,1145,1180,-1,1180,1145,1144,-1,1179,1178,1145,-1,1145,1178,1175,-1,1145,1175,1146,-1,1146,1175,1172,-1,1146,1172,1147,-1,1147,1172,1173,-1,1147,1173,1174,-1,1182,1183,1143,-1,1143,1183,1176,-1,1143,1176,1144,-1,1144,1176,1177,-1,1144,1177,1180,-1,1198,1199,1200,-1,1200,1199,1201,-1,1201,1202,1203,-1,1204,1205,1206,-1,1206,1205,1207,-1,1201,1203,1200,-1,1200,1203,1206,-1,1200,1206,1208,-1,1208,1206,1207,-1,1208,1207,1209,-1,1210,1211,1212,-1,1212,1211,1213,-1,1214,1215,1216,-1,1216,1215,1217,-1,1217,1215,1218,-1,1217,1218,1219,-1,1219,1218,1213,-1,1213,1218,1220,-1,1213,1220,1212,-1,1216,1221,1214,-1,1214,1221,1222,-1,1214,1222,1223,-1,1223,1222,1224,-1,1223,1224,1225,-1,1225,1224,1226,-1,1225,1226,1227,-1,1227,1226,1228,-1,1227,1228,1229,-1,1229,1228,1230,-1,1229,1230,1231,-1,1231,1230,1232,-1,1231,1232,1233,-1,1233,1232,1234,-1,1233,1234,1235,-1,1235,1234,1236,-1,1235,1236,1237,-1,1238,1239,1240,-1,1240,1239,1241,-1,1241,1242,1240,-1,1240,1242,1243,-1,1240,1243,1244,-1,1245,1246,1247,-1,1245,1248,1246,-1,1246,1248,1249,-1,1246,1249,1250,-1,1250,1249,1251,-1,1250,1251,1252,-1,1252,1251,1253,-1,1252,1253,1254,-1,1254,1253,1255,-1,1254,1255,1256,-1,1256,1255,1257,-1,1256,1257,1258,-1,1259,1260,1261,-1,1261,1260,1262,-1,1261,1262,1247,-1,1247,1262,1263,-1,1247,1263,1245,-1,1264,1265,1266,-1,1266,1265,1267,-1,1266,1267,1268,-1,1268,1267,1269,-1,1268,1269,1270,-1,1270,1269,1271,-1,1270,1271,1272,-1,1272,1271,1273,-1,1272,1273,1274,-1,1275,1276,1264,-1,1264,1276,1277,-1,1264,1277,1265,-1,1278,1279,1280,-1,1280,1279,1281,-1,1280,1281,1275,-1,1275,1281,1282,-1,1275,1282,1276,-1,1273,1283,1274,-1,1274,1283,1284,-1,1274,1284,1259,-1,1259,1284,1285,-1,1259,1285,1260,-1,1257,1286,1258,-1,1258,1286,1287,-1,1258,1287,1278,-1,1278,1287,1288,-1,1278,1288,1279,-1,1289,1290,1291,-1,1291,1292,1293,-1,1293,1292,1294,-1,1293,1294,1295,-1,1295,1294,1296,-1,1295,1296,1297,-1,1297,1296,1298,-1,1299,1300,1301,-1,1301,1300,1302,-1,1301,1302,1298,-1,1298,1302,1303,-1,1298,1303,1297,-1,1304,1305,1306,-1,1306,1305,1307,-1,1306,1307,1308,-1,1289,1291,1309,-1,1309,1291,1293,-1,1309,1293,1304,-1,1304,1293,1310,-1,1304,1310,1305,-1,1311,1312,1313,-1,1307,1314,1308,-1,1308,1314,1315,-1,1308,1315,1316,-1,1316,1315,1317,-1,1316,1317,1318,-1,1318,1317,1319,-1,1318,1319,1320,-1,1320,1319,1321,-1,1320,1321,1322,-1,1322,1321,1323,-1,1322,1323,1324,-1,1324,1323,1325,-1,1324,1325,1326,-1,1326,1325,1327,-1,1326,1327,1328,-1,1328,1327,1329,-1,1328,1329,1330,-1,1311,1313,1331,-1,1331,1313,1332,-1,1331,1332,1333,-1,1333,1332,1334,-1,1333,1334,1335,-1,1335,1334,1336,-1,1335,1336,1337,-1,1337,1336,1338,-1,1337,1338,1339,-1,1339,1338,1340,-1,1339,1340,1341,-1,1341,1340,1342,-1,1341,1342,1343,-1,1343,1342,1344,-1,1343,1344,1299,-1,1299,1344,1345,-1,1299,1345,1300,-1,1346,1347,1348,-1,1349,1350,1351,-1,1351,1350,1352,-1,1351,1352,1353,-1,1353,1352,1354,-1,1353,1354,1355,-1,1355,1354,1356,-1,1357,1358,1359,-1,1359,1358,1360,-1,1359,1360,1361,-1,1361,1360,1362,-1,1359,1363,1346,-1,1346,1363,1349,-1,1364,1365,1366,-1,1359,1346,1357,-1,1357,1346,1348,-1,1357,1348,1365,-1,1365,1348,1367,-1,1365,1367,1366,-1,1366,1368,1364,-1,1364,1368,1369,-1,1364,1369,1370,-1,1370,1369,1371,-1,1370,1371,1372,-1,1371,1373,1372,-1,1372,1373,1374,-1,1372,1374,1375,-1,1375,1374,1376,-1,1375,1376,1377,-1,1377,1376,1378,-1,1377,1378,1379,-1,1379,1378,1380,-1,1379,1380,1381,-1,1381,1380,1382,-1,1381,1382,1383,-1,1383,1382,1384,-1,1383,1384,1360,-1,1360,1384,1385,-1,1360,1385,1362,-1,1362,1385,1386,-1,1387,1350,1388,-1,1388,1350,1349,-1,1388,1349,1389,-1,1389,1349,1363,-1,1389,1363,1390,-1,1390,1363,1391,-1,1390,1391,1392,-1,1392,1391,1393,-1,1392,1393,1394,-1,1394,1393,1395,-1,1394,1395,1396,-1,1396,1395,1397,-1,1396,1397,1398,-1,1398,1397,1399,-1,1398,1399,1400,-1,1400,1399,1401,-1,1400,1401,1402,-1,1402,1401,1403,-1,1402,1403,1404,-1,1404,1403,1362,-1,1404,1362,1405,-1,1405,1362,1386,-1,1405,1386,1406,-1,1201,969,1202,-1,1202,969,960,-1,969,1201,970,-1,970,1201,1199,-1,970,1199,974,-1,1198,971,1199,-1,1199,971,974,-1,1200,972,1198,-1,1198,972,971,-1,1208,973,1200,-1,1200,973,972,-1,1209,968,1208,-1,1208,968,973,-1,1207,1122,1209,-1,1209,1122,968,-1,1122,1207,956,-1,956,1207,1205,-1,956,1205,957,-1,1204,961,1205,-1,1205,961,957,-1,961,1204,962,-1,962,1204,1206,-1,962,1206,963,-1,1203,964,1206,-1,1206,964,963,-1,964,1203,959,-1,959,1203,1202,-1,959,1202,960,-1,1220,944,1212,-1,1212,944,942,-1,1218,947,1220,-1,1220,947,944,-1,1215,951,1218,-1,1218,951,947,-1,1214,950,1215,-1,1215,950,951,-1,1223,949,1214,-1,1214,949,950,-1,1225,948,1223,-1,1223,948,949,-1,1227,946,1225,-1,1225,946,948,-1,1229,945,1227,-1,1227,945,946,-1,1231,965,1229,-1,1229,965,945,-1,1233,966,1231,-1,1231,966,965,-1,1235,967,1233,-1,1233,967,966,-1,1237,927,1235,-1,1235,927,967,-1,1236,928,1237,-1,1237,928,927,-1,1234,930,1236,-1,1236,930,928,-1,1232,931,1234,-1,1234,931,930,-1,931,1232,932,-1,932,1232,1230,-1,932,1230,952,-1,1228,953,1230,-1,1230,953,952,-1,953,1228,954,-1,954,1228,1226,-1,954,1226,955,-1,1224,937,1226,-1,1226,937,955,-1,1222,938,1224,-1,1224,938,937,-1,1221,939,1222,-1,1222,939,938,-1,1216,940,1221,-1,1221,940,939,-1,1217,936,1216,-1,1216,936,940,-1,1219,935,1217,-1,1217,935,936,-1,1213,933,1219,-1,1219,933,935,-1,1211,934,1213,-1,1213,934,933,-1,1210,941,1211,-1,1211,941,934,-1,1212,942,1210,-1,1210,942,941,-1,1239,912,1241,-1,1241,912,911,-1,1241,911,915,-1,1238,908,1239,-1,1239,908,912,-1,1240,909,1238,-1,1238,909,908,-1,1244,910,1240,-1,1240,910,909,-1,1243,916,1244,-1,1244,916,910,-1,916,1243,918,-1,918,1243,1242,-1,918,1242,920,-1,1241,915,1242,-1,1242,915,920,-1,1281,898,1282,-1,1282,898,903,-1,1279,899,1281,-1,1281,899,898,-1,1288,900,1279,-1,1279,900,899,-1,1287,884,1288,-1,1288,884,900,-1,1286,885,1287,-1,1287,885,884,-1,1257,887,1286,-1,1286,887,885,-1,887,1257,888,-1,888,1257,1255,-1,888,1255,907,-1,907,1255,872,-1,872,1255,1253,-1,872,1253,873,-1,1251,881,1253,-1,1253,881,873,-1,1249,882,1251,-1,1251,882,881,-1,1248,883,1249,-1,1249,883,882,-1,1245,889,1248,-1,1248,889,883,-1,1263,890,1245,-1,1245,890,889,-1,1262,891,1263,-1,1263,891,890,-1,1260,892,1262,-1,1262,892,891,-1,1285,893,1260,-1,1260,893,892,-1,1284,894,1285,-1,1285,894,893,-1,1283,877,1284,-1,1284,877,894,-1,1273,878,1283,-1,1283,878,877,-1,1271,879,1273,-1,1273,879,878,-1,1269,880,1271,-1,1271,880,879,-1,1267,874,1269,-1,1269,874,880,-1,1265,875,1267,-1,1267,875,874,-1,1277,901,1265,-1,1265,901,875,-1,1276,902,1277,-1,1277,902,901,-1,1282,903,1276,-1,1276,903,902,-1,1280,712,1278,-1,1278,712,711,-1,1275,717,1280,-1,1280,717,712,-1,1264,721,1275,-1,1275,721,717,-1,1266,718,1264,-1,1264,718,721,-1,1268,719,1266,-1,1266,719,718,-1,1270,720,1268,-1,1268,720,719,-1,1272,722,1270,-1,1270,722,720,-1,1274,713,1272,-1,1272,713,722,-1,1259,714,1274,-1,1274,714,713,-1,1261,715,1259,-1,1259,715,714,-1,1247,716,1261,-1,1261,716,715,-1,1246,727,1247,-1,1247,727,716,-1,1250,726,1246,-1,1246,726,727,-1,1252,725,1250,-1,1250,725,726,-1,1254,723,1252,-1,1252,723,725,-1,1256,724,1254,-1,1254,724,723,-1,1258,710,1256,-1,1256,710,724,-1,1278,711,1258,-1,1258,711,710,-1,1345,828,1300,-1,1300,828,827,-1,1344,830,1345,-1,1345,830,828,-1,1342,831,1344,-1,1344,831,830,-1,1340,832,1342,-1,1342,832,831,-1,1338,833,1340,-1,1340,833,832,-1,1336,834,1338,-1,1338,834,833,-1,1334,847,1336,-1,1336,847,834,-1,1332,848,1334,-1,1334,848,847,-1,1313,803,1332,-1,1332,803,848,-1,1312,804,1313,-1,1313,804,803,-1,1311,897,1312,-1,1312,897,804,-1,1331,896,1311,-1,1311,896,897,-1,1333,895,1331,-1,1331,895,896,-1,1335,822,1333,-1,1333,822,895,-1,1337,820,1335,-1,1335,820,822,-1,1339,806,1337,-1,1337,806,820,-1,1341,807,1339,-1,1339,807,806,-1,1343,855,1341,-1,1341,855,807,-1,1299,856,1343,-1,1343,856,855,-1,1301,857,1299,-1,1299,857,856,-1,1298,835,1301,-1,1301,835,857,-1,1296,836,1298,-1,1298,836,835,-1,1294,837,1296,-1,1296,837,836,-1,1292,805,1294,-1,1294,805,837,-1,1291,821,1292,-1,1292,821,805,-1,1290,842,1291,-1,1291,842,821,-1,1289,838,1290,-1,1290,838,842,-1,1309,839,1289,-1,1289,839,838,-1,1304,841,1309,-1,1309,841,839,-1,1306,852,1304,-1,1304,852,841,-1,1308,851,1306,-1,1306,851,852,-1,1316,850,1308,-1,1308,850,851,-1,1318,849,1316,-1,1316,849,850,-1,1320,840,1318,-1,1318,840,849,-1,1322,843,1320,-1,1320,843,840,-1,1324,844,1322,-1,1322,844,843,-1,1326,854,1324,-1,1324,854,844,-1,1328,853,1326,-1,1326,853,854,-1,1330,808,1328,-1,1328,808,853,-1,1329,809,1330,-1,1330,809,808,-1,1327,811,1329,-1,1329,811,809,-1,1325,858,1327,-1,1327,858,811,-1,858,1325,859,-1,859,1325,1323,-1,859,1323,865,-1,1321,867,1323,-1,1323,867,865,-1,867,1321,861,-1,861,1321,1319,-1,861,1319,812,-1,1317,813,1319,-1,1319,813,812,-1,1315,815,1317,-1,1317,815,813,-1,1314,816,1315,-1,1315,816,815,-1,1307,823,1314,-1,1314,823,816,-1,1305,824,1307,-1,1307,824,823,-1,1310,825,1305,-1,1305,825,824,-1,1293,826,1310,-1,1310,826,825,-1,1295,817,1293,-1,1293,817,826,-1,1297,819,1295,-1,1295,819,817,-1,1303,845,1297,-1,1297,845,819,-1,1302,846,1303,-1,1303,846,845,-1,1300,827,1302,-1,1302,827,846,-1,1385,771,1386,-1,1386,771,773,-1,1384,772,1385,-1,1385,772,771,-1,1382,774,1384,-1,1384,774,772,-1,1380,777,1382,-1,1382,777,774,-1,1378,778,1380,-1,1380,778,777,-1,1376,780,1378,-1,1378,780,778,-1,1374,781,1376,-1,1376,781,780,-1,1373,782,1374,-1,1374,782,781,-1,1371,760,1373,-1,1373,760,782,-1,1369,761,1371,-1,1371,761,760,-1,1368,762,1369,-1,1369,762,761,-1,1366,763,1368,-1,1368,763,762,-1,1367,764,1366,-1,1366,764,763,-1,1348,779,1367,-1,1367,779,764,-1,1347,766,1348,-1,1348,766,779,-1,1346,768,1347,-1,1347,768,766,-1,1349,770,1346,-1,1346,770,768,-1,1351,769,1349,-1,1349,769,770,-1,1353,767,1351,-1,1351,767,769,-1,1355,765,1353,-1,1353,765,767,-1,1356,755,1355,-1,1355,755,765,-1,1354,756,1356,-1,1356,756,755,-1,1352,758,1354,-1,1354,758,756,-1,1350,801,1352,-1,1352,801,758,-1,1387,797,799,-1,1387,799,1350,-1,1350,799,800,-1,1350,800,801,-1,1388,1055,1387,-1,1387,1055,797,-1,1055,1388,789,-1,789,1388,1389,-1,789,1389,790,-1,1390,791,1389,-1,1389,791,790,-1,1392,792,1390,-1,1390,792,791,-1,1394,793,1392,-1,1392,793,792,-1,1396,795,1394,-1,1394,795,793,-1,1398,783,1396,-1,1396,783,796,-1,1396,796,795,-1,1400,784,1398,-1,1398,784,783,-1,1402,786,1400,-1,1400,786,784,-1,1404,787,1402,-1,1402,787,786,-1,1405,788,1404,-1,1404,788,787,-1,1406,775,1405,-1,1405,775,788,-1,1386,773,1406,-1,1406,773,775,-1,1391,736,1393,-1,1393,736,737,-1,1363,734,1391,-1,1391,734,736,-1,1359,735,1363,-1,1363,735,734,-1,1361,728,1359,-1,1359,728,735,-1,1362,729,1361,-1,1361,729,728,-1,1403,730,1362,-1,1362,730,729,-1,1401,731,1403,-1,1403,731,730,-1,1399,732,1401,-1,1401,732,731,-1,1397,733,1399,-1,1399,733,732,-1,1395,738,1397,-1,1397,738,733,-1,1393,737,1395,-1,1395,737,738,-1,1360,744,1383,-1,1383,744,746,-1,1358,745,1360,-1,1360,745,744,-1,1357,741,1358,-1,1358,741,745,-1,1365,748,1357,-1,1357,748,741,-1,1364,749,1365,-1,1365,749,748,-1,1370,750,1364,-1,1364,750,749,-1,1372,739,1370,-1,1370,739,750,-1,1375,740,1372,-1,1372,740,739,-1,1377,742,1375,-1,1375,742,740,-1,1379,743,1377,-1,1377,743,742,-1,1381,747,1379,-1,1379,747,743,-1,1383,746,1381,-1,1381,746,747,-1,630,709,1042,-1,630,1042,686,-1,686,1042,753,-1,686,753,752,-1,686,752,685,-1,685,752,751,-1,685,751,684,-1,684,751,1038,-1,684,1038,687,-1,687,1038,1039,-1,687,1039,688,-1,688,1039,1047,-1,688,1047,699,-1,699,1047,1046,-1,699,1046,700,-1,1046,1045,700,-1,700,1045,1044,-1,700,1044,701,-1,701,1044,1054,-1,701,1054,702,-1,702,1054,1053,-1,702,1053,703,-1,703,1053,1052,-1,703,1052,704,-1,704,1052,1051,-1,704,1051,657,-1,657,1051,1050,-1,657,1050,658,-1,658,1050,1049,-1,658,1049,656,-1,656,1049,1048,-1,656,1048,1056,-1,656,1056,616,-1,616,1056,1061,-1,1063,617,1062,-1,1062,617,616,-1,1062,616,1061,-1,617,1063,623,-1,623,1063,1064,-1,1076,633,632,-1,1076,632,1073,-1,1073,632,636,-1,1073,636,1075,-1,1075,636,635,-1,1075,635,1074,-1,1074,635,634,-1,1074,634,1072,-1,1072,634,631,-1,1072,631,1077,-1,1077,631,623,-1,1077,623,1064,-1,633,1076,644,-1,644,1076,1066,-1,1065,622,649,-1,1065,649,1069,-1,1069,649,648,-1,1069,648,1068,-1,1068,648,647,-1,1068,647,1067,-1,1067,647,646,-1,1067,646,1070,-1,1070,646,645,-1,1070,645,1071,-1,1071,645,644,-1,1071,644,1066,-1,622,1065,621,-1,621,1065,1060,-1,625,621,1059,-1,1059,621,1060,-1,1107,643,1106,-1,1106,643,642,-1,1106,642,1105,-1,625,1059,626,-1,626,1059,1058,-1,626,1058,627,-1,627,1058,1057,-1,618,627,1057,-1,1057,1036,618,-1,618,1036,997,-1,618,997,995,-1,1086,692,993,-1,993,692,618,-1,993,618,995,-1,1088,689,1084,-1,1084,689,696,-1,1084,696,1080,-1,1080,696,655,-1,1080,655,1081,-1,1081,655,654,-1,1081,654,1086,-1,1086,654,692,-1,160,689,167,-1,167,689,1088,-1,643,1107,660,-1,660,1107,1108,-1,1120,673,659,-1,1120,659,1117,-1,1117,659,664,-1,1117,664,1119,-1,1119,664,663,-1,1119,663,1118,-1,1118,663,662,-1,1118,662,1116,-1,1116,662,661,-1,1116,661,1121,-1,1121,661,660,-1,1121,660,1108,-1,673,1120,674,-1,674,1120,1110,-1,1109,675,680,-1,1109,680,1113,-1,1113,680,679,-1,1113,679,1112,-1,1112,679,678,-1,1112,678,1111,-1,1111,678,677,-1,1111,677,1114,-1,1114,677,676,-1,1114,676,1115,-1,1115,676,674,-1,1115,674,1110,-1,1104,628,1109,-1,1109,628,675,-1,708,629,754,-1,754,629,628,-1,754,628,1104,-1,641,1102,642,-1,642,1102,1105,-1,667,1100,641,-1,641,1100,1102,-1,1100,667,1101,-1,1101,667,669,-1,1101,669,1098,-1,1098,669,1099,-1,1099,669,818,-1,818,669,671,-1,818,671,814,-1,814,671,862,-1,862,671,863,-1,863,671,672,-1,863,672,871,-1,871,672,683,-1,871,683,870,-1,870,683,682,-1,870,682,869,-1,869,682,681,-1,85,869,82,-1,82,869,681,-1,1407,611,1408,-1,1408,611,579,-1,1408,579,564,-1,1407,1409,611,-1,611,1409,1410,-1,611,1410,612,-1,1410,1411,612,-1,612,1411,1412,-1,612,1412,613,-1,1412,1413,613,-1,613,1413,1414,-1,613,1414,614,-1,614,1414,1415,-1,1415,1416,614,-1,614,1416,1417,-1,614,1417,610,-1,1417,1418,610,-1,610,1418,1419,-1,610,1419,607,-1,167,1087,1420,-1,1419,1421,607,-1,607,1421,1422,-1,607,1422,608,-1,608,1422,167,-1,608,167,1423,-1,1423,167,1420,-1,370,594,606,-1,919,926,1424,-1,602,601,1089,-1,601,1425,1089,-1,1089,1425,1426,-1,1089,1426,1090,-1,1427,605,1428,-1,1428,605,604,-1,1428,604,1429,-1,1429,604,603,-1,1429,603,1430,-1,1430,603,602,-1,1430,602,1431,-1,1431,602,1089,-1,1431,1089,1432,-1,1432,1089,919,-1,1432,919,1433,-1,1433,919,1424,-1,371,370,1427,-1,1427,370,606,-1,1427,606,605,-1,1434,868,85,-1,1435,1436,1437,-1,1437,1436,85,-1,85,1436,1438,-1,85,1438,1434,-1,1437,1439,1435,-1,1435,1439,1440,-1,1435,1440,1441,-1,1441,1440,1442,-1,1441,1442,1443,-1,1442,1444,1443,-1,1443,1444,1445,-1,1443,1445,1446,-1,1446,1445,1447,-1,1447,1448,1446,-1,1446,1448,1449,-1,1446,1449,1450,-1,1450,1449,1451,-1,1451,1452,1450,-1,1450,1452,1453,-1,1450,1453,1454,-1,1454,1453,1455,-1,1454,1455,1456,-1,1456,1457,1454,-1,1454,1457,376,-1,1454,376,375,-1,608,1458,609,-1,609,1458,698,-1,1083,693,1078,-1,1078,693,690,-1,1078,690,1079,-1,1079,690,691,-1,1079,691,1085,-1,1085,691,653,-1,1085,653,1082,-1,1082,653,697,-1,1082,697,1087,-1,1087,697,698,-1,1087,698,1420,-1,1420,698,1458,-1,694,693,1083,-1,1083,1094,694,-1,694,1094,1093,-1,694,1093,1092,-1,906,665,914,-1,914,665,652,-1,914,652,921,-1,601,600,1425,-1,1425,600,615,-1,707,1090,615,-1,615,1090,1426,-1,615,1426,1425,-1,694,1092,695,-1,695,1092,1091,-1,695,1091,705,-1,705,1091,1097,-1,705,1097,706,-1,706,1097,1096,-1,706,1096,707,-1,707,1096,1095,-1,707,1095,1090,-1,1432,1433,637,-1,637,1433,638,-1,921,652,922,-1,922,652,651,-1,922,651,923,-1,923,651,650,-1,923,650,924,-1,924,650,640,-1,924,640,925,-1,925,640,639,-1,925,639,926,-1,926,639,638,-1,926,638,1424,-1,1424,638,1433,-1,637,142,141,-1,1431,1432,637,-1,1431,637,1430,-1,141,369,637,-1,637,369,371,-1,637,371,1427,-1,1427,1428,637,-1,637,1428,1429,-1,637,1429,1430,-1,369,141,368,-1,368,141,139,-1,368,139,367,-1,367,139,137,-1,367,137,366,-1,366,137,135,-1,366,135,365,-1,365,135,133,-1,365,133,364,-1,364,133,131,-1,364,131,406,-1,406,131,130,-1,404,406,119,-1,119,406,130,-1,404,119,362,-1,362,119,106,-1,362,106,395,-1,395,106,154,-1,395,154,394,-1,394,154,153,-1,394,153,392,-1,392,153,151,-1,392,151,379,-1,379,151,104,-1,379,104,377,-1,377,104,92,-1,92,91,377,-1,377,91,620,-1,377,620,375,-1,375,620,1454,-1,1436,1435,620,-1,620,1435,1441,-1,620,1441,1443,-1,1443,1446,620,-1,620,1446,1450,-1,620,1450,1454,-1,1436,620,1438,-1,1438,620,619,-1,624,868,619,-1,619,868,1434,-1,619,1434,1438,-1,665,906,905,-1,665,905,666,-1,666,905,904,-1,666,904,668,-1,668,904,860,-1,668,860,670,-1,670,860,864,-1,670,864,624,-1,624,864,866,-1,624,866,868,-1,1459,1460,165,-1,1460,1461,165,-1,165,1461,1462,-1,165,1462,1463,-1,1463,1464,165,-1,165,1464,1465,-1,165,1465,166,-1,1466,1467,164,-1,164,1467,1468,-1,164,1468,1469,-1,1469,1470,164,-1,164,1470,1471,-1,164,1471,165,-1,165,1471,1472,-1,165,1472,1459,-1,163,559,164,-1,164,559,1473,-1,164,1473,1466,-1,1414,169,1415,-1,1415,169,168,-1,1415,168,1416,-1,1414,1413,169,-1,169,1413,1412,-1,169,1412,1411,-1,1411,1410,169,-1,169,1410,1409,-1,169,1409,162,-1,162,1409,1407,-1,162,1407,1408,-1,167,1422,168,-1,168,1422,1421,-1,168,1421,1419,-1,1419,1418,168,-1,168,1418,1417,-1,168,1417,1416,-1,1408,564,162,-1,162,564,563,-1,162,563,163,-1,163,563,561,-1,163,561,559,-1,1474,1475,1476,-1,1476,1475,491,-1,1476,491,490,-1,1474,1477,1475,-1,1475,1477,1478,-1,1475,1478,1479,-1,1478,1480,1479,-1,1479,1480,1481,-1,1479,1481,1482,-1,1481,1483,1482,-1,1482,1483,1484,-1,1482,1484,1485,-1,1485,1484,1486,-1,1486,1487,1485,-1,1485,1487,1488,-1,1485,1488,1489,-1,1488,1490,1489,-1,1489,1490,1491,-1,1489,1491,1492,-1,239,1493,1494,-1,1491,1495,1492,-1,1492,1495,1496,-1,1492,1496,1497,-1,1497,1496,239,-1,1497,239,1498,-1,1498,239,1494,-1,506,508,1499,-1,1500,1501,1502,-1,1503,1504,1501,-1,1501,1504,1505,-1,1501,1505,1502,-1,1500,1502,1506,-1,1506,1502,1507,-1,1506,1507,1508,-1,1509,1510,1511,-1,1511,1510,1512,-1,1511,1512,1513,-1,1513,1512,1514,-1,1513,1514,1515,-1,1515,1514,1504,-1,1515,1504,1516,-1,1516,1504,1503,-1,557,506,1509,-1,1509,506,1499,-1,1509,1499,1510,-1,1517,1518,166,-1,1519,1520,1465,-1,1465,1520,166,-1,166,1520,1521,-1,166,1521,1517,-1,1465,1464,1519,-1,1519,1464,1463,-1,1519,1463,1522,-1,1522,1463,1462,-1,1522,1462,1523,-1,1462,1461,1523,-1,1523,1461,1460,-1,1523,1460,1524,-1,1524,1460,1459,-1,1459,1472,1524,-1,1524,1472,1471,-1,1524,1471,1525,-1,1525,1471,1470,-1,1470,1469,1525,-1,1525,1469,1468,-1,1525,1468,1526,-1,1526,1468,1467,-1,1526,1467,1466,-1,1466,1473,1526,-1,1526,1473,559,-1,1526,559,558,-1,1492,1497,1527,-1,303,304,1527,-1,1527,304,498,-1,1527,498,491,-1,491,1475,1527,-1,1527,1475,1479,-1,1527,1479,1482,-1,1482,1485,1527,-1,1527,1485,1489,-1,1527,1489,1492,-1,498,304,497,-1,497,304,305,-1,497,305,521,-1,521,305,306,-1,521,306,523,-1,523,306,289,-1,523,289,525,-1,525,289,288,-1,525,288,526,-1,526,288,251,-1,526,251,502,-1,502,251,279,-1,503,502,277,-1,277,502,279,-1,503,277,482,-1,482,277,276,-1,482,276,481,-1,481,276,275,-1,481,275,480,-1,480,275,237,-1,480,237,504,-1,504,237,236,-1,504,236,505,-1,505,236,245,-1,505,245,507,-1,507,245,260,-1,260,261,507,-1,507,261,1528,-1,507,1528,508,-1,1505,1504,1528,-1,1528,1504,1514,-1,1528,1514,1512,-1,1512,1510,1528,-1,1528,1510,1499,-1,1528,1499,508,-1,1505,1528,1502,-1,1502,1528,1529,-1,1530,1508,1529,-1,1529,1508,1507,-1,1529,1507,1502,-1,1531,1532,1533,-1,1533,1532,1534,-1,1533,1534,1535,-1,1535,1534,1536,-1,1535,1536,1537,-1,1537,1536,1538,-1,1537,1538,1530,-1,1530,1538,1539,-1,1530,1539,1508,-1,1531,1540,1532,-1,1532,1540,1541,-1,1542,1543,1544,-1,1544,1543,1545,-1,1497,1546,1527,-1,1527,1546,1547,-1,1541,1540,1548,-1,1548,1540,1549,-1,1548,1549,1550,-1,1550,1549,1551,-1,1550,1551,1552,-1,1552,1551,1553,-1,1552,1553,1554,-1,1554,1553,1555,-1,1554,1555,1493,-1,1493,1555,1547,-1,1493,1547,1494,-1,1494,1547,1546,-1,1556,1557,1558,-1,1559,1560,1561,-1,1562,1563,1564,-1,1564,1563,1565,-1,1566,1567,1568,-1,1569,1559,1570,-1,1570,1559,1561,-1,1570,1561,1568,-1,1568,1561,1556,-1,1568,1556,1566,-1,1566,1556,1558,-1,1571,1564,1572,-1,1572,1564,1565,-1,1572,1565,1573,-1,1573,1565,1574,-1,1574,1575,1573,-1,1573,1575,1576,-1,1573,1576,1577,-1,1539,1538,1566,-1,1571,1578,1564,-1,1564,1578,1579,-1,1564,1579,1544,-1,1580,1581,1508,-1,1508,1581,1582,-1,1508,1582,1506,-1,1583,1584,1554,-1,1554,1584,1567,-1,1554,1567,1552,-1,1585,1586,1571,-1,1571,1586,1587,-1,1571,1587,1578,-1,1508,1539,1580,-1,1580,1539,1566,-1,1580,1566,1588,-1,1588,1566,1564,-1,1588,1564,1545,-1,1545,1564,1544,-1,1493,239,1554,-1,1554,239,1589,-1,1554,1589,1583,-1,166,1518,1590,-1,1590,1518,1586,-1,1590,1586,1591,-1,1591,1586,1585,-1,1538,1536,1566,-1,1566,1536,1534,-1,1566,1534,1532,-1,1532,1541,1566,-1,1566,1541,1548,-1,1566,1548,1567,-1,1567,1548,1550,-1,1567,1550,1552,-1,1558,1592,1566,-1,1566,1592,1593,-1,1594,1595,1596,-1,1596,1597,1594,-1,1594,1597,1598,-1,1594,1598,1599,-1,1600,1599,1601,-1,1601,1599,1602,-1,1603,1594,1604,-1,1604,1594,1605,-1,1528,261,1529,-1,1529,261,1530,-1,1606,1607,212,-1,1606,212,1608,-1,1600,1609,1599,-1,1599,1609,1610,-1,1599,1610,1594,-1,1594,1610,1611,-1,1594,1611,1605,-1,1612,1613,1614,-1,1614,1613,1615,-1,1616,1617,1618,-1,1618,1617,1619,-1,1618,1619,1620,-1,1595,1621,1596,-1,1596,1621,1593,-1,1596,1593,1622,-1,1622,1593,1592,-1,1618,1623,1624,-1,1625,1626,1616,-1,1616,1626,1627,-1,1616,1627,1628,-1,1624,1629,1618,-1,1618,1629,1630,-1,1618,1630,1616,-1,1616,1630,1631,-1,1616,1631,1625,-1,1632,238,303,-1,1633,1634,1593,-1,1635,1636,1553,-1,1553,1636,1632,-1,1553,1632,1555,-1,1555,1632,303,-1,1555,303,1547,-1,1547,303,1527,-1,1531,1533,1593,-1,1531,1593,1540,-1,1530,261,1537,-1,1537,261,221,-1,1537,221,1535,-1,1593,1634,1615,-1,1615,1634,1637,-1,1615,1637,1638,-1,1619,1614,1620,-1,1620,1614,1615,-1,1620,1615,1639,-1,1639,1615,1640,-1,1635,1553,1621,-1,1621,1553,1551,-1,1621,1551,1593,-1,1593,1551,1549,-1,1593,1549,1540,-1,1638,1543,1615,-1,1615,1543,1542,-1,1615,1542,1640,-1,1641,1642,223,-1,223,1642,1633,-1,223,1633,221,-1,221,1633,1593,-1,221,1593,1535,-1,1535,1593,1533,-1,1643,1644,1645,-1,1640,1646,1639,-1,1639,1646,1645,-1,1639,1645,1647,-1,1647,1645,1644,-1,1608,212,1645,-1,1645,212,161,-1,1645,161,1643,-1,1622,1557,1596,-1,1596,1557,1556,-1,1613,1612,1562,-1,1562,1612,1563,-1,1557,1622,1558,-1,1558,1622,1592,-1,1563,1612,1565,-1,1565,1612,1614,-1,1619,1574,1614,-1,1614,1574,1565,-1,1574,1619,1575,-1,1575,1619,1617,-1,1648,1649,1617,-1,1617,1649,1650,-1,1617,1650,1651,-1,1652,1653,1617,-1,1617,1653,1654,-1,1617,1654,1575,-1,1651,1655,1617,-1,1617,1655,1656,-1,1617,1656,1652,-1,1649,1648,1657,-1,1649,1657,1658,-1,1658,1657,1659,-1,1658,1659,1660,-1,1660,1659,1661,-1,1660,1661,1662,-1,1662,1661,1663,-1,1662,1663,1664,-1,1664,1663,1665,-1,1664,1665,1666,-1,1666,1665,1667,-1,1666,1667,1668,-1,1669,1599,1670,-1,1599,1598,1670,-1,1670,1598,1671,-1,1670,1671,1672,-1,1673,1674,1675,-1,1676,1677,1678,-1,1670,1679,1669,-1,1669,1679,1673,-1,1669,1673,1680,-1,1680,1673,1675,-1,1671,1681,1672,-1,1672,1681,1676,-1,1672,1676,1682,-1,1682,1676,1678,-1,1648,1617,1616,-1,1683,1684,1685,-1,1616,1686,1648,-1,1648,1686,1687,-1,1648,1687,1667,-1,1686,1688,1687,-1,1687,1688,1683,-1,1687,1683,1689,-1,1689,1683,1685,-1,1663,1661,1659,-1,1667,1665,1648,-1,1648,1665,1663,-1,1648,1663,1657,-1,1657,1663,1659,-1,1690,1672,1682,-1,1690,1682,1691,-1,1691,1682,1678,-1,1691,1678,1692,-1,1692,1678,1677,-1,1692,1677,1693,-1,1693,1677,1676,-1,1693,1676,1694,-1,1694,1676,1681,-1,1694,1681,1695,-1,1695,1681,1671,-1,1695,1671,1696,-1,1670,1672,1697,-1,1697,1672,1690,-1,1698,1669,1680,-1,1698,1680,1699,-1,1699,1680,1675,-1,1699,1675,1700,-1,1700,1675,1674,-1,1700,1674,1701,-1,1701,1674,1673,-1,1701,1673,1702,-1,1702,1673,1679,-1,1702,1679,1703,-1,1703,1679,1670,-1,1703,1670,1697,-1,1599,1669,1602,-1,1602,1669,1698,-1,1602,1698,1704,-1,1704,1705,1602,-1,1602,1705,1706,-1,1602,1706,1707,-1,1707,1708,1602,-1,1602,1708,1709,-1,1602,1709,1710,-1,1559,1604,1711,-1,1711,1604,1605,-1,1711,1605,1712,-1,1712,1605,1611,-1,1610,1713,1611,-1,1611,1713,1714,-1,1611,1714,1712,-1,1715,1716,1609,-1,1609,1716,1717,-1,1609,1717,1610,-1,1610,1717,1718,-1,1610,1718,1713,-1,1715,1609,1719,-1,1719,1609,1600,-1,1719,1600,1720,-1,1720,1600,1721,-1,1721,1600,1601,-1,1721,1601,1722,-1,1722,1601,1723,-1,1723,1601,1602,-1,1723,1602,1710,-1,1603,1604,1569,-1,1569,1604,1559,-1,1577,1576,1623,-1,1623,1576,1624,-1,1603,1569,1594,-1,1594,1569,1570,-1,1594,1570,1595,-1,1595,1570,1568,-1,1595,1568,1621,-1,1621,1568,1567,-1,1567,1584,1621,-1,1621,1584,1635,-1,1635,1584,1636,-1,1636,1584,1583,-1,1636,1583,1632,-1,1632,1583,1589,-1,238,1632,239,-1,239,1632,1589,-1,1576,1724,1624,-1,1624,1724,1629,-1,1725,1628,1726,-1,1726,1628,1627,-1,1726,1627,1727,-1,1727,1627,1626,-1,1727,1626,1728,-1,1728,1626,1729,-1,1729,1626,1625,-1,1729,1625,1730,-1,1631,1731,1625,-1,1625,1731,1732,-1,1625,1732,1730,-1,1630,1733,1631,-1,1631,1733,1734,-1,1631,1734,1731,-1,1724,1735,1629,-1,1629,1735,1736,-1,1629,1736,1630,-1,1630,1736,1737,-1,1630,1737,1733,-1,1686,1616,1738,-1,1738,1616,1628,-1,1738,1628,1739,-1,1725,1740,1628,-1,1628,1740,1741,-1,1628,1741,1742,-1,1742,1743,1628,-1,1628,1743,1744,-1,1628,1744,1739,-1,1745,1687,1689,-1,1745,1689,1746,-1,1746,1689,1685,-1,1746,1685,1747,-1,1747,1685,1684,-1,1747,1684,1748,-1,1748,1684,1683,-1,1748,1683,1749,-1,1749,1683,1688,-1,1749,1688,1750,-1,1750,1688,1686,-1,1750,1686,1738,-1,1745,1668,1687,-1,1687,1668,1667,-1,1696,1751,1704,-1,1700,1701,1702,-1,1704,1698,1696,-1,1696,1698,1697,-1,1696,1697,1690,-1,1698,1699,1697,-1,1697,1699,1700,-1,1697,1700,1703,-1,1703,1700,1702,-1,1692,1693,1694,-1,1690,1691,1696,-1,1696,1691,1692,-1,1696,1692,1695,-1,1695,1692,1694,-1,1738,1739,1745,-1,1739,1650,1745,-1,1745,1650,1649,-1,1745,1649,1668,-1,1747,1748,1749,-1,1660,1662,1664,-1,1745,1746,1738,-1,1738,1746,1747,-1,1738,1747,1750,-1,1750,1747,1749,-1,1649,1658,1668,-1,1668,1658,1660,-1,1668,1660,1666,-1,1666,1660,1664,-1,1704,1751,1752,-1,1704,1752,1705,-1,1705,1752,1753,-1,1705,1753,1706,-1,1706,1753,1754,-1,1706,1754,1707,-1,1707,1754,1755,-1,1707,1755,1708,-1,1708,1755,1756,-1,1708,1756,1709,-1,1721,1757,1720,-1,1720,1757,1719,-1,1721,1722,1757,-1,1757,1722,1723,-1,1757,1723,1756,-1,1756,1723,1710,-1,1756,1710,1709,-1,1560,1559,1711,-1,1560,1711,1757,-1,1757,1711,1712,-1,1757,1712,1714,-1,1714,1713,1757,-1,1757,1713,1718,-1,1757,1718,1717,-1,1717,1716,1757,-1,1757,1716,1715,-1,1757,1715,1719,-1,1696,1671,1751,-1,1751,1671,1598,-1,1597,1561,1598,-1,1598,1561,1560,-1,1598,1560,1757,-1,1757,1756,1598,-1,1598,1756,1755,-1,1598,1755,1754,-1,1754,1753,1598,-1,1598,1753,1752,-1,1598,1752,1751,-1,1596,1556,1597,-1,1597,1556,1561,-1,1575,1654,1730,-1,1730,1732,1575,-1,1575,1732,1731,-1,1575,1731,1734,-1,1734,1733,1575,-1,1575,1733,1737,-1,1575,1737,1736,-1,1736,1735,1575,-1,1575,1735,1724,-1,1575,1724,1576,-1,1740,1725,1654,-1,1654,1725,1726,-1,1654,1726,1727,-1,1727,1728,1654,-1,1654,1728,1729,-1,1654,1729,1730,-1,1654,1653,1740,-1,1740,1653,1652,-1,1740,1652,1741,-1,1741,1652,1656,-1,1741,1656,1742,-1,1742,1656,1655,-1,1742,1655,1743,-1,1743,1655,1651,-1,1743,1651,1744,-1,1744,1651,1650,-1,1744,1650,1739,-1,1618,1573,1623,-1,1623,1573,1577,-1,1620,1572,1618,-1,1618,1572,1573,-1,1639,1571,1620,-1,1620,1571,1572,-1,1639,1647,1571,-1,1571,1647,1585,-1,1643,1590,1644,-1,1644,1590,1591,-1,1644,1591,1647,-1,1647,1591,1585,-1,166,1590,161,-1,161,1590,1643,-1,1613,1562,1615,-1,1615,1562,1564,-1,1615,1564,1593,-1,1593,1564,1566,-1,213,212,560,-1,560,212,1607,-1,560,1607,558,-1,1607,1520,1519,-1,1519,1522,1607,-1,1607,1522,1523,-1,1607,1523,1524,-1,1524,1525,1607,-1,1607,1525,1526,-1,1607,1526,558,-1,552,196,548,-1,548,196,194,-1,548,194,568,-1,568,194,218,-1,568,218,567,-1,567,218,217,-1,567,217,565,-1,565,217,215,-1,565,215,562,-1,562,215,214,-1,562,214,560,-1,560,214,213,-1,552,554,196,-1,196,554,197,-1,556,222,541,-1,541,222,220,-1,541,220,542,-1,542,220,219,-1,542,219,543,-1,543,219,173,-1,543,173,544,-1,544,173,175,-1,544,175,545,-1,545,175,176,-1,545,176,554,-1,554,176,197,-1,1641,223,222,-1,1516,1503,1641,-1,1516,1641,1515,-1,222,556,1641,-1,1641,556,557,-1,1641,557,1509,-1,1509,1511,1641,-1,1641,1511,1513,-1,1641,1513,1515,-1,1503,1501,1641,-1,1641,1501,1642,-1,1545,1543,1588,-1,1588,1543,1638,-1,1588,1638,1580,-1,1580,1638,1637,-1,1580,1637,1581,-1,1581,1637,1634,-1,1581,1634,1582,-1,1582,1634,1633,-1,1582,1633,1506,-1,1506,1633,1642,-1,1506,1642,1500,-1,1500,1642,1501,-1,1520,1607,1521,-1,1521,1607,1606,-1,1608,1518,1606,-1,1606,1518,1517,-1,1606,1517,1521,-1,1542,1544,1640,-1,1640,1544,1579,-1,1640,1579,1646,-1,1646,1579,1578,-1,1646,1578,1645,-1,1645,1578,1587,-1,1645,1587,1608,-1,1608,1587,1586,-1,1608,1586,1518,-1,1484,246,1486,-1,1486,246,240,-1,1486,240,1487,-1,1484,1483,246,-1,246,1483,1481,-1,246,1481,1480,-1,1480,1478,246,-1,246,1478,1477,-1,246,1477,247,-1,247,1477,1474,-1,247,1474,1476,-1,239,1496,240,-1,240,1496,1495,-1,240,1495,1491,-1,1491,1490,240,-1,240,1490,1488,-1,240,1488,1487,-1,1758,1759,243,-1,1759,1760,243,-1,243,1760,1761,-1,243,1761,1762,-1,1762,1763,243,-1,243,1763,1764,-1,243,1764,241,-1,1765,1766,244,-1,244,1766,1767,-1,244,1767,1768,-1,1768,1769,244,-1,244,1769,1770,-1,244,1770,243,-1,243,1770,1771,-1,243,1771,1758,-1,248,486,244,-1,244,486,1772,-1,244,1772,1765,-1,1476,490,247,-1,247,490,489,-1,247,489,248,-1,248,489,496,-1,248,496,486,-1,1773,1774,1775,-1,1775,1774,439,-1,1775,439,425,-1,1773,1776,1774,-1,1774,1776,1777,-1,1774,1777,1778,-1,1777,1779,1778,-1,1778,1779,1780,-1,1778,1780,1781,-1,1781,1780,1782,-1,1781,1782,1783,-1,1783,1782,1784,-1,1783,1784,1785,-1,1785,1786,1783,-1,1783,1786,1787,-1,1783,1787,1788,-1,1787,1789,1788,-1,1788,1789,1790,-1,1788,1790,1791,-1,6,1792,1793,-1,1790,1794,1791,-1,1791,1794,1795,-1,1791,1795,1796,-1,1796,1795,6,-1,1796,6,1797,-1,1797,6,1793,-1,468,470,1798,-1,1799,1800,1801,-1,1802,1803,1800,-1,1800,1803,1804,-1,1800,1804,1801,-1,1799,1801,1805,-1,1805,1801,1806,-1,1805,1806,1807,-1,1808,1809,1810,-1,1810,1809,1811,-1,1810,1811,1812,-1,1812,1811,1813,-1,1812,1813,1814,-1,1814,1813,1803,-1,1814,1803,1815,-1,1815,1803,1802,-1,513,468,1808,-1,1808,468,1798,-1,1808,1798,1809,-1,1816,241,1817,-1,1817,241,1818,-1,1818,241,1819,-1,1819,241,1764,-1,1819,1764,1820,-1,1820,1764,1763,-1,1820,1763,1821,-1,1763,1762,1821,-1,1821,1762,1761,-1,1821,1761,1822,-1,1761,1760,1822,-1,1822,1760,1759,-1,1822,1759,1823,-1,1823,1759,1758,-1,1758,1771,1823,-1,1823,1771,1770,-1,1823,1770,1824,-1,1824,1770,1769,-1,1769,1768,1824,-1,1824,1768,1767,-1,1824,1767,1825,-1,1825,1767,1766,-1,1825,1766,1765,-1,1765,1772,1825,-1,1825,1772,486,-1,1825,486,488,-1,1791,1796,1826,-1,7,8,1826,-1,1826,8,438,-1,1826,438,439,-1,439,1774,1826,-1,1826,1774,1778,-1,1826,1778,1781,-1,1781,1783,1826,-1,1826,1783,1788,-1,1826,1788,1791,-1,438,8,437,-1,437,8,9,-1,437,9,475,-1,475,9,63,-1,475,63,477,-1,477,63,73,-1,477,73,478,-1,478,73,75,-1,478,75,428,-1,428,75,17,-1,428,17,451,-1,451,17,56,-1,462,451,55,-1,55,451,56,-1,462,55,463,-1,463,55,54,-1,463,54,464,-1,464,54,25,-1,464,25,465,-1,465,25,39,-1,465,39,466,-1,466,39,41,-1,466,41,467,-1,467,41,43,-1,467,43,469,-1,469,43,45,-1,45,47,469,-1,469,47,1827,-1,469,1827,470,-1,1804,1803,1827,-1,1827,1803,1813,-1,1827,1813,1811,-1,1811,1809,1827,-1,1827,1809,1798,-1,1827,1798,470,-1,1804,1827,1801,-1,1801,1827,1828,-1,1829,1807,1828,-1,1828,1807,1806,-1,1828,1806,1801,-1,1830,1831,1832,-1,1832,1831,1833,-1,1832,1833,1834,-1,1834,1833,1835,-1,1834,1835,1836,-1,1836,1835,1837,-1,1836,1837,1829,-1,1829,1837,1838,-1,1829,1838,1807,-1,1830,1839,1831,-1,1831,1839,1840,-1,1841,1842,1843,-1,1843,1842,1844,-1,1796,1845,1826,-1,1826,1845,1846,-1,1840,1839,1847,-1,1847,1839,1848,-1,1847,1848,1849,-1,1849,1848,1850,-1,1849,1850,1851,-1,1851,1850,1852,-1,1851,1852,1853,-1,1853,1852,1854,-1,1853,1854,1792,-1,1792,1854,1846,-1,1792,1846,1793,-1,1793,1846,1845,-1,1855,1856,1857,-1,1858,1859,1860,-1,1861,1805,1862,-1,1807,1838,1805,-1,1805,1838,1837,-1,1805,1837,1862,-1,1863,1864,1853,-1,1864,1865,1853,-1,1853,1865,1866,-1,1853,1866,1867,-1,1862,1868,1869,-1,1837,1835,1862,-1,1862,1835,1833,-1,1862,1833,1831,-1,1831,1840,1862,-1,1862,1840,1847,-1,1862,1847,1870,-1,1870,1847,1849,-1,1870,1849,1867,-1,1867,1849,1851,-1,1867,1851,1853,-1,1857,1871,1855,-1,1855,1871,1862,-1,1855,1862,1872,-1,1872,1862,1869,-1,1872,1869,1873,-1,1873,1869,1874,-1,1875,1876,1874,-1,1874,1876,1877,-1,1874,1877,1873,-1,1875,1878,1876,-1,1876,1878,1879,-1,1876,1879,1880,-1,1792,6,1853,-1,1853,6,1881,-1,1853,1881,1863,-1,1877,1882,1873,-1,1873,1882,1883,-1,1873,1883,1884,-1,1884,1885,1873,-1,1873,1885,1886,-1,1873,1886,1887,-1,1843,1844,1888,-1,1888,1844,1889,-1,1888,1889,1871,-1,1871,1889,1890,-1,1871,1890,1862,-1,1862,1890,1891,-1,1862,1891,1861,-1,1892,1893,1894,-1,1894,1893,1895,-1,1894,1895,1896,-1,1896,1895,1897,-1,1896,1897,1898,-1,1899,1900,1888,-1,1888,1900,1901,-1,1888,1901,1860,-1,1860,1901,1896,-1,1860,1896,1858,-1,1858,1896,1898,-1,1902,1903,1860,-1,1860,1903,1904,-1,1860,1904,1888,-1,1888,1904,1905,-1,1888,1905,1843,-1,1860,1906,1902,-1,1902,1906,1907,-1,1902,1907,1908,-1,1894,1909,1892,-1,1892,1909,1910,-1,1892,1910,1911,-1,1911,1910,1912,-1,1893,1913,1895,-1,1895,1913,1914,-1,1895,1914,1915,-1,1915,1916,1895,-1,1895,1916,1917,-1,1895,1917,1918,-1,241,1816,1919,-1,1919,1816,1902,-1,1919,1902,1920,-1,1920,1902,1908,-1,1867,1866,1921,-1,1921,1866,1922,-1,1922,1866,1923,-1,1923,1866,1865,-1,1923,1865,1924,-1,1924,1865,1864,-1,1924,1864,1925,-1,1925,1864,1863,-1,1925,1863,1926,-1,1926,1863,1881,-1,1828,1827,47,-1,1927,1928,296,-1,1927,296,1929,-1,1930,1931,1932,-1,1933,1934,274,-1,274,1934,1935,-1,274,1935,46,-1,1936,1937,1921,-1,1938,1939,1940,-1,1941,1942,1938,-1,1938,1942,1943,-1,1938,1943,1842,-1,1935,1941,46,-1,46,1941,1938,-1,46,1938,1944,-1,1945,1946,1947,-1,1947,1948,1945,-1,1945,1948,1949,-1,1945,1949,1950,-1,1842,1841,1938,-1,1938,1841,1951,-1,1938,1951,1952,-1,1952,1951,1953,-1,1952,1953,1954,-1,1954,1953,1955,-1,1954,1955,1956,-1,1956,1955,1957,-1,1932,1944,1930,-1,1930,1944,1938,-1,1930,1938,1958,-1,1958,1938,1940,-1,1958,1940,1959,-1,1959,1940,1945,-1,1959,1945,1960,-1,1960,1945,1950,-1,1961,1962,1963,-1,1963,1962,1964,-1,1960,1965,1959,-1,1959,1965,1962,-1,1959,1962,1966,-1,1966,1962,1961,-1,1967,1968,1955,-1,1955,1968,1969,-1,1955,1969,1957,-1,1922,1923,1852,-1,1852,1923,1924,-1,1970,1971,1972,-1,1971,1970,1973,-1,1973,1970,1974,-1,1973,1974,1975,-1,1976,1977,1978,-1,1978,1977,1979,-1,1978,1979,1921,-1,1921,1979,1970,-1,1921,1970,1936,-1,1936,1970,1972,-1,1929,296,1955,-1,1955,296,242,-1,1955,242,1967,-1,1922,1852,1921,-1,1921,1852,1850,-1,1921,1850,1978,-1,1978,1850,1848,-1,1978,1848,1839,-1,1839,1830,1978,-1,1978,1830,1832,-1,1978,1832,1944,-1,1944,1832,1834,-1,1944,1834,46,-1,46,1834,1836,-1,46,1836,47,-1,47,1836,1829,-1,47,1829,1828,-1,1926,4,7,-1,1980,1974,1981,-1,1981,1974,1982,-1,1980,1983,1974,-1,1974,1983,1984,-1,1974,1984,1975,-1,1924,1925,1852,-1,1852,1925,1926,-1,1852,1926,1854,-1,1854,1926,7,-1,1854,7,1846,-1,1846,7,1826,-1,1985,1986,1987,-1,1987,1986,1988,-1,1975,1989,1973,-1,1973,1989,1986,-1,1973,1986,1990,-1,1990,1986,1985,-1,4,1926,6,-1,6,1926,1881,-1,1937,1870,1921,-1,1921,1870,1867,-1,1936,1862,1937,-1,1937,1862,1870,-1,1972,1868,1936,-1,1936,1868,1862,-1,1898,1897,1939,-1,1939,1897,1940,-1,1972,1971,1868,-1,1868,1971,1869,-1,1932,1931,1899,-1,1899,1931,1900,-1,1857,1856,1976,-1,1976,1856,1977,-1,1945,1940,1895,-1,1895,1940,1897,-1,1945,1895,1918,-1,1945,1918,1946,-1,1946,1918,1917,-1,1946,1917,1947,-1,1947,1917,1916,-1,1947,1916,1948,-1,1948,1916,1915,-1,1948,1915,1949,-1,1949,1915,1914,-1,1949,1914,1950,-1,1950,1914,1913,-1,1950,1913,1960,-1,1960,1913,1965,-1,1965,1913,1893,-1,1965,1893,1892,-1,1965,1892,1962,-1,1962,1892,1911,-1,1962,1911,1964,-1,1964,1911,1912,-1,1964,1912,1963,-1,1963,1912,1910,-1,1963,1910,1961,-1,1961,1910,1909,-1,1961,1909,1966,-1,1966,1909,1894,-1,1966,1894,1959,-1,1896,1958,1894,-1,1894,1958,1959,-1,1958,1896,1930,-1,1930,1896,1901,-1,1930,1901,1931,-1,1931,1901,1900,-1,1938,1858,1939,-1,1939,1858,1898,-1,1952,1859,1938,-1,1938,1859,1858,-1,1954,1860,1952,-1,1952,1860,1859,-1,1954,1956,1860,-1,1860,1956,1906,-1,1967,1919,1968,-1,1968,1919,1920,-1,1968,1920,1969,-1,1969,1920,1908,-1,1969,1908,1957,-1,1957,1908,1907,-1,1957,1907,1956,-1,1956,1907,1906,-1,241,1919,242,-1,242,1919,1967,-1,1874,1869,1973,-1,1973,1869,1971,-1,1989,1877,1876,-1,1989,1876,1986,-1,1986,1876,1880,-1,1986,1880,1988,-1,1988,1880,1879,-1,1988,1879,1987,-1,1987,1879,1878,-1,1987,1878,1985,-1,1985,1878,1875,-1,1985,1875,1990,-1,1990,1875,1874,-1,1990,1874,1973,-1,1975,1882,1989,-1,1989,1882,1877,-1,1974,1873,1887,-1,1974,1887,1982,-1,1982,1887,1886,-1,1982,1886,1981,-1,1981,1886,1885,-1,1981,1885,1980,-1,1980,1885,1884,-1,1980,1884,1983,-1,1983,1884,1883,-1,1983,1883,1984,-1,1984,1883,1882,-1,1984,1882,1975,-1,1970,1872,1974,-1,1974,1872,1873,-1,1979,1855,1970,-1,1970,1855,1872,-1,1977,1856,1979,-1,1979,1856,1855,-1,1932,1899,1944,-1,1944,1899,1888,-1,1944,1888,1978,-1,1978,1888,1871,-1,1978,1871,1976,-1,1976,1871,1857,-1,295,296,487,-1,487,296,1928,-1,487,1928,488,-1,1928,1819,1820,-1,1820,1821,1928,-1,1928,1821,1822,-1,1928,1822,1823,-1,1823,1824,1928,-1,1928,1824,1825,-1,1928,1825,488,-1,532,257,479,-1,479,257,256,-1,479,256,535,-1,535,256,311,-1,535,311,533,-1,533,311,310,-1,533,310,495,-1,495,310,308,-1,495,308,483,-1,483,308,284,-1,483,284,487,-1,487,284,295,-1,532,531,257,-1,257,531,264,-1,512,273,511,-1,511,273,272,-1,511,272,510,-1,510,272,271,-1,510,271,509,-1,509,271,269,-1,509,269,492,-1,492,269,267,-1,492,267,530,-1,530,267,265,-1,530,265,531,-1,531,265,264,-1,1933,274,273,-1,1815,1802,1933,-1,1815,1933,1814,-1,273,512,1933,-1,1933,512,513,-1,1933,513,1808,-1,1808,1810,1933,-1,1933,1810,1812,-1,1933,1812,1814,-1,1802,1800,1933,-1,1933,1800,1934,-1,1844,1842,1889,-1,1889,1842,1943,-1,1889,1943,1890,-1,1890,1943,1942,-1,1890,1942,1891,-1,1891,1942,1941,-1,1891,1941,1861,-1,1861,1941,1935,-1,1861,1935,1805,-1,1805,1935,1934,-1,1805,1934,1799,-1,1799,1934,1800,-1,1819,1928,1818,-1,1818,1928,1927,-1,1929,1816,1927,-1,1927,1816,1817,-1,1927,1817,1818,-1,1841,1843,1951,-1,1951,1843,1905,-1,1951,1905,1953,-1,1953,1905,1904,-1,1953,1904,1955,-1,1955,1904,1903,-1,1955,1903,1929,-1,1929,1903,1902,-1,1929,1902,1816,-1,1991,1992,0,-1,1992,1993,0,-1,0,1993,1994,-1,0,1994,1995,-1,1995,1996,0,-1,0,1996,1997,-1,0,1997,1,-1,1998,1999,16,-1,16,1999,2000,-1,16,2000,2001,-1,2001,2002,16,-1,16,2002,2003,-1,16,2003,0,-1,0,2003,2004,-1,0,2004,1991,-1,15,430,16,-1,16,430,2005,-1,16,2005,1998,-1,1779,3,1780,-1,1780,3,1782,-1,1779,1777,3,-1,3,1777,1776,-1,3,1776,1773,-1,6,1795,5,-1,5,1795,1794,-1,1794,1790,5,-1,5,1790,1789,-1,5,1789,1787,-1,1787,1786,5,-1,5,1786,1785,-1,5,1785,3,-1,3,1785,1784,-1,3,1784,1782,-1,1773,1775,3,-1,3,1775,425,-1,3,425,14,-1,14,425,434,-1,14,434,15,-1,15,434,432,-1,15,432,430,-1,2006,2007,2008,-1,2008,2007,400,-1,2008,400,381,-1,2006,2009,2007,-1,2007,2009,2010,-1,2007,2010,2011,-1,2012,2013,2014,-1,2014,2013,2011,-1,2014,2011,2015,-1,2015,2011,2010,-1,2012,2016,2013,-1,2013,2016,2017,-1,2013,2017,2018,-1,2017,2019,2018,-1,2018,2019,2020,-1,2018,2020,2021,-1,2020,2022,2021,-1,2021,2022,2023,-1,2021,2023,2024,-1,93,2025,2026,-1,2023,2027,2024,-1,2024,2027,2028,-1,2024,2028,2029,-1,2029,2028,93,-1,2029,93,2030,-1,2030,93,2026,-1,384,386,2031,-1,2032,2033,2034,-1,2035,2036,2033,-1,2033,2036,2037,-1,2033,2037,2034,-1,2032,2034,2038,-1,2038,2034,2039,-1,2038,2039,2040,-1,2041,2042,2043,-1,2043,2042,2044,-1,2043,2044,2045,-1,2045,2044,2046,-1,2045,2046,2047,-1,2047,2046,2036,-1,2047,2036,2048,-1,2048,2036,2035,-1,441,384,2041,-1,2041,384,2031,-1,2041,2031,2042,-1,2049,2050,1,-1,2051,2052,1997,-1,1997,2052,1,-1,1,2052,2053,-1,1,2053,2049,-1,1997,1996,2051,-1,2051,1996,1995,-1,2051,1995,2054,-1,2054,1995,1994,-1,2054,1994,2055,-1,1994,1993,2055,-1,2055,1993,1992,-1,2055,1992,2056,-1,2056,1992,1991,-1,1991,2004,2056,-1,2056,2004,2003,-1,2056,2003,2057,-1,2057,2003,2002,-1,2002,2001,2057,-1,2057,2001,2000,-1,2057,2000,2058,-1,2058,2000,1999,-1,2058,1999,1998,-1,1998,2005,2058,-1,2058,2005,430,-1,2058,430,429,-1,2024,2029,2059,-1,101,100,2059,-1,2059,100,399,-1,2024,2059,2021,-1,399,400,2059,-1,2059,400,2007,-1,2059,2007,2011,-1,2011,2013,2059,-1,2059,2013,2018,-1,2059,2018,2021,-1,399,100,374,-1,374,100,99,-1,374,99,412,-1,412,99,149,-1,412,149,414,-1,414,149,155,-1,414,155,416,-1,416,155,125,-1,416,125,417,-1,417,125,124,-1,417,124,401,-1,401,124,122,-1,356,401,121,-1,121,401,122,-1,356,121,357,-1,357,121,90,-1,357,90,358,-1,358,90,89,-1,358,89,359,-1,359,89,88,-1,359,88,382,-1,382,88,87,-1,382,87,383,-1,383,87,86,-1,383,86,385,-1,385,86,112,-1,112,113,385,-1,385,113,2060,-1,2060,2037,2036,-1,2036,2046,2060,-1,2060,2046,2044,-1,2060,2044,2042,-1,2042,2031,2060,-1,2060,2031,386,-1,2060,386,385,-1,2037,2060,2034,-1,2034,2060,2061,-1,2062,2040,2061,-1,2061,2040,2039,-1,2061,2039,2034,-1,2063,2064,2065,-1,2065,2064,2066,-1,2065,2066,2067,-1,2067,2066,2068,-1,2067,2068,2069,-1,2069,2068,2070,-1,2069,2070,2062,-1,2062,2070,2071,-1,2062,2071,2040,-1,2063,2072,2064,-1,2064,2072,2073,-1,2074,2075,2076,-1,2076,2075,2077,-1,2029,2078,2059,-1,2059,2078,2079,-1,2073,2072,2080,-1,2080,2072,2081,-1,2080,2081,2082,-1,2082,2081,2083,-1,2082,2083,2084,-1,2084,2083,2085,-1,2084,2085,2086,-1,2086,2085,2087,-1,2086,2087,2025,-1,2025,2087,2079,-1,2025,2079,2026,-1,2026,2079,2078,-1,2088,2089,2090,-1,2090,2089,2091,-1,2090,2091,2092,-1,2093,2094,2095,-1,2096,2093,2097,-1,2097,2093,2095,-1,2097,2095,2098,-1,2098,2095,2099,-1,2098,2099,2100,-1,2100,2099,2101,-1,2071,2070,2102,-1,2102,2070,2068,-1,2103,2038,2040,-1,2104,2105,2086,-1,2086,2105,2100,-1,2086,2100,2084,-1,2040,2071,2103,-1,2103,2071,2102,-1,2103,2102,2106,-1,2106,2102,2107,-1,2106,2107,2108,-1,2108,2107,2109,-1,2101,2080,2100,-1,2100,2080,2082,-1,2100,2082,2084,-1,2025,93,2086,-1,2086,93,2110,-1,2086,2110,2104,-1,2068,2066,2102,-1,2102,2066,2064,-1,2102,2064,2101,-1,2101,2064,2073,-1,2101,2073,2080,-1,2088,2090,2111,-1,2111,2090,2112,-1,2111,2112,2113,-1,2113,2112,2114,-1,2113,2114,2115,-1,2116,2117,2114,-1,2114,2117,2118,-1,2114,2118,2115,-1,2115,2119,2113,-1,2113,2119,2076,-1,2113,2076,2107,-1,2107,2076,2077,-1,2107,2077,2109,-1,1,2050,2120,-1,2120,2050,2117,-1,2120,2117,2121,-1,2121,2117,2116,-1,2111,2113,2122,-1,2122,2113,2123,-1,2113,2107,2123,-1,2123,2107,2124,-1,2107,2102,2124,-1,2124,2102,2125,-1,2102,2101,2125,-1,2125,2101,2126,-1,2127,2126,2099,-1,2099,2126,2101,-1,2128,2129,2130,-1,2061,2060,113,-1,2131,2129,2132,-1,2132,2129,2133,-1,2134,2135,53,-1,38,2136,2137,-1,2138,2130,2139,-1,2139,2130,2129,-1,2139,2129,2140,-1,2140,2129,2131,-1,2138,2141,2130,-1,2130,2141,2142,-1,2130,2142,2143,-1,2134,53,2144,-1,2145,2146,2124,-1,2124,2146,2147,-1,2148,2149,2150,-1,2151,2152,2153,-1,2153,2152,2154,-1,2153,2154,2155,-1,2153,2156,2148,-1,2148,2156,2157,-1,2148,2157,2158,-1,2158,2157,2122,-1,2158,2122,2159,-1,2159,2122,2123,-1,2159,2123,2160,-1,2150,2161,2148,-1,2148,2161,2162,-1,2148,2162,2153,-1,2153,2162,2163,-1,2153,2163,2151,-1,2137,2145,38,-1,38,2145,2124,-1,38,2124,36,-1,36,2124,2125,-1,36,2125,113,-1,2147,2164,2124,-1,2124,2164,2075,-1,2124,2075,2123,-1,2123,2075,2074,-1,2123,2074,2160,-1,2165,2166,2167,-1,2085,2168,2169,-1,2065,2067,2125,-1,2125,2067,2069,-1,2125,2069,113,-1,113,2069,2062,-1,113,2062,2061,-1,2160,2170,2159,-1,2159,2170,2167,-1,2159,2167,2171,-1,2171,2167,2166,-1,2172,95,101,-1,2144,53,2167,-1,2167,53,2,-1,2167,2,2165,-1,2169,2173,2085,-1,2085,2173,2172,-1,2085,2172,2087,-1,2087,2172,101,-1,2087,101,2079,-1,2079,101,2059,-1,2085,2083,2168,-1,2168,2083,2126,-1,2168,2126,2174,-1,2174,2126,2127,-1,2174,2127,2130,-1,2130,2127,2175,-1,2130,2175,2128,-1,2083,2081,2126,-1,2126,2081,2072,-1,2126,2072,2125,-1,2125,2072,2063,-1,2125,2063,2065,-1,2088,2111,2157,-1,2157,2111,2122,-1,2156,2176,2177,-1,2088,2157,2089,-1,2089,2157,2156,-1,2089,2156,2178,-1,2178,2156,2179,-1,2177,2180,2156,-1,2156,2180,2181,-1,2156,2181,2182,-1,2182,2183,2156,-1,2156,2183,2184,-1,2156,2184,2179,-1,2185,2186,2187,-1,2185,2187,2188,-1,2188,2187,2189,-1,2188,2189,2190,-1,2190,2189,2191,-1,2190,2191,2192,-1,2192,2191,2193,-1,2192,2193,2194,-1,2194,2193,2195,-1,2194,2195,2196,-1,2196,2195,2177,-1,2196,2177,2176,-1,2197,2198,2199,-1,2198,2180,2199,-1,2199,2180,2177,-1,2199,2177,2186,-1,2200,2201,2202,-1,2193,2191,2189,-1,2199,2203,2197,-1,2197,2203,2200,-1,2197,2200,2204,-1,2204,2200,2202,-1,2177,2195,2186,-1,2186,2195,2193,-1,2186,2193,2187,-1,2187,2193,2189,-1,2205,2206,2207,-1,2208,2209,2210,-1,2207,2211,2205,-1,2205,2211,2212,-1,2205,2212,2213,-1,2211,2214,2212,-1,2212,2214,2208,-1,2212,2208,2215,-1,2215,2208,2210,-1,2216,2217,2218,-1,2213,2219,2205,-1,2205,2219,2216,-1,2205,2216,2220,-1,2220,2216,2218,-1,2089,2178,2221,-1,2221,2222,2089,-1,2089,2222,2223,-1,2089,2223,2224,-1,2224,2225,2089,-1,2089,2225,2226,-1,2089,2226,2227,-1,2227,2228,2089,-1,2089,2228,2229,-1,2089,2229,2091,-1,2230,2231,2178,-1,2178,2231,2232,-1,2178,2232,2233,-1,2233,2234,2178,-1,2178,2234,2235,-1,2178,2235,2221,-1,2178,2179,2230,-1,2230,2179,2184,-1,2230,2184,2236,-1,2236,2184,2183,-1,2236,2183,2237,-1,2237,2183,2182,-1,2237,2182,2238,-1,2238,2182,2181,-1,2238,2181,2239,-1,2239,2181,2180,-1,2239,2180,2198,-1,2091,2229,2150,-1,2150,2229,2161,-1,2231,2155,2232,-1,2232,2155,2154,-1,2232,2154,2233,-1,2233,2154,2152,-1,2233,2152,2234,-1,2234,2152,2235,-1,2235,2152,2151,-1,2235,2151,2221,-1,2163,2223,2151,-1,2151,2223,2222,-1,2151,2222,2221,-1,2162,2225,2163,-1,2163,2225,2224,-1,2163,2224,2223,-1,2229,2228,2161,-1,2161,2228,2227,-1,2161,2227,2162,-1,2162,2227,2226,-1,2162,2226,2225,-1,2092,2091,2149,-1,2149,2091,2150,-1,2143,2142,2096,-1,2096,2142,2093,-1,2148,2090,2149,-1,2149,2090,2092,-1,2158,2112,2148,-1,2148,2112,2090,-1,2159,2114,2158,-1,2158,2114,2112,-1,2159,2171,2114,-1,2114,2171,2116,-1,2116,2171,2121,-1,2121,2171,2166,-1,2121,2166,2120,-1,2120,2166,2165,-1,1,2120,2,-1,2,2120,2165,-1,2093,2142,2240,-1,2240,2142,2141,-1,2240,2141,2241,-1,2241,2141,2138,-1,2139,2242,2138,-1,2138,2242,2243,-1,2138,2243,2241,-1,2244,2245,2140,-1,2140,2245,2246,-1,2140,2246,2139,-1,2139,2246,2247,-1,2139,2247,2242,-1,2244,2140,2248,-1,2248,2140,2131,-1,2248,2131,2249,-1,2249,2131,2250,-1,2250,2131,2132,-1,2250,2132,2251,-1,2251,2132,2252,-1,2252,2132,2133,-1,2252,2133,2253,-1,2207,2206,2254,-1,2207,2254,2255,-1,2255,2254,2256,-1,2255,2256,2257,-1,2257,2256,2258,-1,2257,2258,2259,-1,2259,2258,2260,-1,2259,2260,2261,-1,2261,2260,2262,-1,2261,2262,2263,-1,2250,2264,2249,-1,2249,2264,2248,-1,2250,2251,2264,-1,2264,2251,2252,-1,2264,2252,2262,-1,2262,2252,2253,-1,2262,2253,2263,-1,2094,2093,2240,-1,2094,2240,2264,-1,2264,2240,2241,-1,2264,2241,2243,-1,2243,2242,2264,-1,2264,2242,2247,-1,2264,2247,2246,-1,2246,2245,2264,-1,2264,2245,2244,-1,2264,2244,2248,-1,2129,2265,2133,-1,2133,2265,2211,-1,2133,2211,2207,-1,2207,2255,2133,-1,2133,2255,2257,-1,2133,2257,2259,-1,2259,2261,2133,-1,2133,2261,2263,-1,2133,2263,2253,-1,2266,2212,2215,-1,2266,2215,2267,-1,2267,2215,2210,-1,2267,2210,2268,-1,2268,2210,2209,-1,2268,2209,2269,-1,2269,2209,2208,-1,2269,2208,2270,-1,2270,2208,2214,-1,2270,2214,2271,-1,2271,2214,2211,-1,2271,2211,2265,-1,2266,2272,2212,-1,2212,2272,2213,-1,2273,2205,2220,-1,2273,2220,2274,-1,2274,2220,2218,-1,2274,2218,2275,-1,2275,2218,2217,-1,2275,2217,2276,-1,2276,2217,2216,-1,2276,2216,2277,-1,2277,2216,2219,-1,2277,2219,2278,-1,2278,2219,2213,-1,2278,2213,2272,-1,2205,2273,2206,-1,2206,2273,2128,-1,2206,2128,2254,-1,2175,2095,2128,-1,2128,2095,2094,-1,2094,2264,2128,-1,2128,2264,2262,-1,2128,2262,2260,-1,2260,2258,2128,-1,2128,2258,2256,-1,2128,2256,2254,-1,2175,2127,2095,-1,2095,2127,2099,-1,2176,2156,2153,-1,2279,2280,2281,-1,2153,2282,2176,-1,2176,2282,2283,-1,2176,2283,2185,-1,2282,2284,2283,-1,2283,2284,2279,-1,2283,2279,2285,-1,2285,2279,2281,-1,2190,2192,2194,-1,2185,2188,2176,-1,2176,2188,2190,-1,2176,2190,2196,-1,2196,2190,2194,-1,2265,2129,2266,-1,2129,2128,2266,-1,2266,2128,2273,-1,2266,2273,2272,-1,2268,2269,2270,-1,2275,2276,2277,-1,2266,2267,2265,-1,2265,2267,2268,-1,2265,2268,2271,-1,2271,2268,2270,-1,2273,2274,2272,-1,2272,2274,2275,-1,2272,2275,2278,-1,2278,2275,2277,-1,2199,2186,2283,-1,2283,2186,2185,-1,2282,2197,2204,-1,2282,2204,2284,-1,2284,2204,2202,-1,2284,2202,2279,-1,2279,2202,2201,-1,2279,2201,2280,-1,2280,2201,2200,-1,2280,2200,2281,-1,2281,2200,2203,-1,2281,2203,2285,-1,2285,2203,2199,-1,2285,2199,2283,-1,2282,2153,2197,-1,2197,2153,2155,-1,2155,2231,2230,-1,2238,2239,2155,-1,2155,2239,2198,-1,2155,2198,2197,-1,2230,2236,2155,-1,2155,2236,2237,-1,2155,2237,2238,-1,2143,2096,2130,-1,2130,2096,2097,-1,2130,2097,2174,-1,2174,2097,2098,-1,2174,2098,2168,-1,2168,2098,2100,-1,2100,2105,2168,-1,2168,2105,2169,-1,2110,2172,2104,-1,2104,2172,2173,-1,2104,2173,2105,-1,2105,2173,2169,-1,95,2172,93,-1,93,2172,2110,-1,52,53,431,-1,431,53,2135,-1,431,2135,429,-1,429,2135,2058,-1,2052,2051,2135,-1,2135,2051,2054,-1,2135,2054,2055,-1,2055,2056,2135,-1,2135,2056,2057,-1,2135,2057,2058,-1,452,21,453,-1,453,21,31,-1,453,31,455,-1,455,31,33,-1,455,33,457,-1,457,33,64,-1,457,64,458,-1,458,64,66,-1,458,66,433,-1,433,66,50,-1,433,50,431,-1,431,50,52,-1,452,448,21,-1,21,448,22,-1,440,37,418,-1,418,37,35,-1,418,35,419,-1,419,35,34,-1,419,34,420,-1,420,34,10,-1,420,10,421,-1,421,10,12,-1,421,12,422,-1,422,12,13,-1,422,13,448,-1,448,13,22,-1,2136,38,37,-1,2048,2035,2136,-1,2048,2136,2047,-1,37,440,2136,-1,2136,440,441,-1,2136,441,2041,-1,2041,2043,2136,-1,2136,2043,2045,-1,2136,2045,2047,-1,2035,2033,2136,-1,2136,2033,2137,-1,2077,2075,2109,-1,2109,2075,2164,-1,2109,2164,2108,-1,2108,2164,2147,-1,2108,2147,2106,-1,2106,2147,2146,-1,2106,2146,2103,-1,2103,2146,2145,-1,2103,2145,2038,-1,2038,2145,2137,-1,2038,2137,2032,-1,2032,2137,2033,-1,2052,2135,2053,-1,2053,2135,2134,-1,2144,2050,2134,-1,2134,2050,2049,-1,2134,2049,2053,-1,2074,2076,2160,-1,2160,2076,2119,-1,2160,2119,2170,-1,2170,2119,2115,-1,2170,2115,2167,-1,2167,2115,2118,-1,2167,2118,2144,-1,2144,2118,2117,-1,2144,2117,2050,-1,2014,2015,96,-1,2015,2010,96,-1,96,2010,2009,-1,96,2009,80,-1,80,2009,2006,-1,80,2006,2008,-1,93,2028,94,-1,94,2028,2027,-1,94,2027,2023,-1,2023,2022,94,-1,94,2022,2020,-1,94,2020,2019,-1,2019,2017,94,-1,94,2017,2016,-1,94,2016,96,-1,96,2016,2012,-1,96,2012,2014,-1,1447,1445,84,-1,1445,1444,84,-1,84,1444,1442,-1,84,1442,1440,-1,1440,1439,84,-1,84,1439,1437,-1,84,1437,85,-1,1456,1455,83,-1,83,1455,1453,-1,83,1453,1452,-1,1452,1451,83,-1,83,1451,1449,-1,83,1449,84,-1,84,1449,1448,-1,84,1448,1447,-1,81,376,83,-1,83,376,1457,-1,83,1457,1456,-1,2008,381,80,-1,80,381,380,-1,80,380,81,-1,81,380,378,-1,81,378,376,-1,
        ]
    }
}
Shape{
    appearance Appearance {
        material  Material 	{
            diffuseColor 0.2235294117647059 0.2235294117647059 0.2235294117647059
            specularColor 0.2235294117647059 0.2235294117647059 0.2235294117647059
            ambientIntensity 0.2235
            transparency 0.0
            shininess 0.5
        }
    }
    geometry IndexedFaceSet {
        ccw TRUE
        solid FALSE
        coord DEF co Coordinate {
            point [
                -2.3425 3.8189 0.3543, -2.3425 3.376 0.3543, -2.3425 3.8189 1.2205, -2.3425 3.376 1.1024, -2.3425 2.9035 1.1024, -2.3425 2.9035 1.8072, -2.3425 3.4153 1.8072, -2.3425 3.4153 1.9254, -2.3425 3.8189 3.5039, -2.3425 2.9035 3.429, -2.3425 2.9035 3.5039, -2.3425 3.4153 3.429, -2.3425 3.4153 3.3109, -2.3425 2.9035 3.3109, -2.3425 2.9035 1.9254, -2.1457 4.0157 0.3543, -2.1457 4.0157 1.2205, 0.9252 3.8189 1.2205, 1.3976 3.8189 1.2205, 1.2008 4.0157 1.2205, -1.8701 3.8189 1.2205, -0.0787 3.8189 1.2205, -0.0787 3.6614 1.2205, 0.9252 3.6614 1.2205, -0.8661 3.8189 1.2205, -0.8661 3.6614 1.2205, -1.8701 3.6614 1.2205, 1.3976 3.8189 0.3543, 1.2008 4.0157 0.3543, -1.6142 3.7028 0.3543, -1.2992 3.7028 0.3543, -1.6142 3.8012 0.3543, -1.2992 3.8012 0.3543, -0.315 3.7028 0.3543, -0.315 3.8012 0.3543, 0.3543 3.8012 0.3543, 0.3543 3.7028 0.3543, 1.3976 3.376 0.3543, 0.6693 3.7028 0.3543, 0.6693 3.8012 0.3543, -0.6299 3.8012 0.3543, -0.6299 3.7028 0.3543
            ]
        }
        coordIndex [
            0,1,2,-1,2,1,3,-1,4,5,3,-1,3,5,6,-1,3,6,2,-1,2,6,7,-1,2,7,8,-1,9,10,11,-1,11,10,8,-1,11,8,12,-1,12,8,7,-1,12,7,13,-1,13,7,14,-1,0,2,15,-1,15,2,16,-1,17,18,19,-1,19,16,20,-1,20,16,2,-1,21,22,23,-1,23,17,21,-1,21,17,19,-1,21,19,24,-1,24,19,20,-1,24,20,25,-1,25,20,26,-1,18,27,19,-1,19,27,28,-1,1,29,30,-1,29,1,31,-1,31,1,0,-1,31,0,32,-1,33,34,35,-1,1,36,37,-1,37,36,38,-1,37,38,27,-1,27,38,39,-1,27,39,28,-1,28,39,35,-1,28,35,15,-1,15,35,34,-1,15,34,40,-1,0,15,32,-1,32,15,40,-1,32,40,30,-1,30,40,41,-1,30,41,1,-1,1,41,33,-1,1,33,36,-1,36,33,35,-1,
        ]
    }
}
Shape{
    appearance Appearance {
        material  Material 	{
            diffuseColor 0.8117647058823529 0.8117647058823529 0.8117647058823529
            specularColor 0.8117647058823529 0.8117647058823529 0.8117647058823529
            ambientIntensity 0.8118
            transparency 0.0
            shininess 0.5
        }
    }
    geometry IndexedFaceSet {
        ccw TRUE
        solid FALSE
        coord DEF co Coordinate {
            point [
                -1.6142 3.8012 0.3543, -1.2992 3.8012 0.3543, -1.6142 3.8012 -0.7087, -1.2992 3.8012 -0.7087, -1.6088 3.8012 -0.7494, -1.5931 3.8012 -0.7874, -1.3046 3.8012 -0.7494, -1.3779 3.8012 -0.845, -1.3203 3.8012 -0.7874, -1.3453 3.8012 -0.82, -1.4159 3.8012 -0.8608, -1.4567 3.8012 -0.8661, -1.4974 3.8012 -0.8608, -1.5354 3.8012 -0.845, -1.568 3.8012 -0.82, -1.6142 3.7028 -0.7087, -1.6088 3.7028 -0.7494, -1.5931 3.7028 -0.7874, -1.568 3.7028 -0.82, -1.5354 3.7028 -0.845, -1.4974 3.7028 -0.8608, -1.4567 3.7028 -0.8661, -1.4159 3.7028 -0.8608, -1.3779 3.7028 -0.845, -1.3453 3.7028 -0.82, -1.3203 3.7028 -0.7874, -1.3046 3.7028 -0.7494, -1.2992 3.7028 -0.7087, -1.6142 3.7028 0.3543, -1.2992 3.7028 0.3543, -0.6246 3.8012 -0.7494, -0.6299 3.8012 -0.7087, -0.4724 3.8012 -0.8661, -0.6299 3.8012 0.3543, -0.315 3.8012 0.3543, -0.4317 3.8012 -0.8608, -0.5132 3.8012 -0.8608, -0.5512 3.8012 -0.845, -0.5838 3.8012 -0.82, -0.315 3.8012 -0.7087, -0.3203 3.8012 -0.7494, -0.3361 3.8012 -0.7874, -0.6088 3.8012 -0.7874, -0.3611 3.8012 -0.82, -0.3937 3.8012 -0.845, -0.6299 3.7028 -0.7087, -0.6246 3.7028 -0.7494, -0.6088 3.7028 -0.7874, -0.5838 3.7028 -0.82, -0.5512 3.7028 -0.845, -0.5132 3.7028 -0.8608, -0.4724 3.7028 -0.8661, -0.4317 3.7028 -0.8608, -0.3937 3.7028 -0.845, -0.3611 3.7028 -0.82, -0.3361 3.7028 -0.7874, -0.3203 3.7028 -0.7494, -0.315 3.7028 -0.7087, -0.6299 3.7028 0.3543, -0.315 3.7028 0.3543, 0.6693 3.7028 0.3543, 0.6693 3.7028 -0.7087, 0.6693 3.8012 0.3543, 0.6693 3.8012 -0.7087, 0.6639 3.7028 -0.7494, 0.6639 3.8012 -0.7494, 0.6482 3.7028 -0.7874, 0.6482 3.8012 -0.7874, 0.6232 3.7028 -0.82, 0.6232 3.8012 -0.82, 0.5906 3.7028 -0.845, 0.5906 3.8012 -0.845, 0.5526 3.7028 -0.8608, 0.5526 3.8012 -0.8608, 0.5118 3.7028 -0.8661, 0.5118 3.8012 -0.8661, 0.4711 3.7028 -0.8608, 0.4711 3.8012 -0.8608, 0.4331 3.7028 -0.845, 0.4331 3.8012 -0.845, 0.4005 3.7028 -0.82, 0.4005 3.8012 -0.82, 0.3754 3.7028 -0.7874, 0.3754 3.8012 -0.7874, 0.3597 3.7028 -0.7494, 0.3597 3.8012 -0.7494, 0.3543 3.7028 -0.7087, 0.3543 3.8012 -0.7087, 0.3543 3.7028 0.3543, 0.3543 3.8012 0.3543
            ]
        }
        coordIndex [
            0,1,2,-1,2,1,3,-1,2,3,4,-1,4,3,5,-1,3,6,7,-1,7,6,8,-1,7,8,9,-1,7,10,3,-1,3,10,11,-1,3,11,12,-1,12,13,3,-1,3,13,14,-1,3,14,5,-1,15,2,4,-1,15,4,16,-1,16,4,5,-1,16,5,17,-1,17,5,14,-1,17,14,18,-1,18,14,13,-1,18,13,19,-1,19,13,12,-1,19,12,20,-1,20,12,11,-1,20,11,21,-1,21,11,10,-1,21,10,22,-1,22,10,7,-1,22,7,23,-1,23,7,9,-1,23,9,24,-1,24,9,8,-1,24,8,25,-1,25,8,6,-1,25,6,26,-1,26,6,3,-1,26,3,27,-1,0,2,28,-1,28,2,15,-1,29,28,27,-1,27,28,15,-1,15,16,27,-1,27,16,17,-1,27,17,18,-1,23,24,25,-1,21,22,27,-1,27,22,23,-1,27,23,26,-1,26,23,25,-1,18,19,27,-1,27,19,20,-1,27,20,21,-1,29,27,1,-1,1,27,3,-1,30,31,32,-1,31,33,34,-1,32,31,35,-1,36,37,38,-1,34,39,31,-1,31,39,40,-1,31,40,41,-1,36,38,32,-1,32,38,42,-1,32,42,30,-1,41,43,31,-1,31,43,44,-1,31,44,35,-1,45,31,30,-1,45,30,46,-1,46,30,42,-1,46,42,47,-1,47,42,38,-1,47,38,48,-1,48,38,37,-1,48,37,49,-1,49,37,36,-1,49,36,50,-1,50,36,32,-1,50,32,51,-1,51,32,35,-1,51,35,52,-1,52,35,44,-1,52,44,53,-1,53,44,43,-1,53,43,54,-1,54,43,41,-1,54,41,55,-1,55,41,40,-1,55,40,56,-1,56,40,39,-1,56,39,57,-1,33,31,58,-1,58,31,45,-1,59,58,57,-1,57,58,45,-1,53,57,52,-1,52,57,51,-1,45,46,57,-1,57,46,47,-1,57,47,48,-1,48,49,57,-1,57,49,50,-1,57,50,51,-1,54,55,53,-1,53,55,56,-1,53,56,57,-1,59,57,34,-1,34,57,39,-1,60,61,62,-1,62,61,63,-1,63,61,64,-1,63,64,65,-1,65,64,66,-1,65,66,67,-1,67,66,68,-1,67,68,69,-1,69,68,70,-1,69,70,71,-1,71,70,72,-1,71,72,73,-1,73,72,74,-1,73,74,75,-1,75,74,76,-1,75,76,77,-1,77,76,78,-1,77,78,79,-1,79,78,80,-1,79,80,81,-1,81,80,82,-1,81,82,83,-1,83,82,84,-1,83,84,85,-1,85,84,86,-1,85,86,87,-1,60,88,61,-1,61,88,86,-1,61,86,64,-1,64,86,66,-1,86,84,78,-1,78,84,82,-1,78,82,80,-1,78,76,86,-1,86,76,74,-1,86,74,72,-1,72,70,86,-1,86,70,68,-1,86,68,66,-1,89,87,88,-1,88,87,86,-1,89,62,87,-1,87,62,63,-1,63,65,87,-1,87,65,67,-1,87,67,69,-1,79,81,83,-1,75,77,87,-1,87,77,79,-1,87,79,85,-1,85,79,83,-1,69,71,87,-1,87,71,73,-1,87,73,75,-1,
        ]
    }
}
Shape{
    appearance Appearance {
        material  Material 	{
            diffuseColor 0.2235294117647059 0.2235294117647059 0.2235294117647059
            specularColor 0.2235294117647059 0.2235294117647059 0.2235294117647059
            ambientIntensity 0.2235
            transparency 0.0
            shininess 0.5
        }
    }
    geometry IndexedFaceSet {
        ccw TRUE
        solid FALSE
        coord DEF co Coordinate {
            point [
                -0.3964 4.0157 1.0659, -0.4724 4.0157 1.0759, 1.2008 4.0157 1.2205, -0.2179 4.0157 0.6351, 1.2008 4.0157 0.3543, -0.2646 4.0157 0.5742, -0.3255 4.0157 0.5275, -2.1457 4.0157 1.2205, -0.5485 4.0157 1.0659, -0.6194 4.0157 1.0365, -0.6802 4.0157 0.9898, -0.1886 4.0157 0.7059, -0.1786 4.0157 0.782, -0.1886 4.0157 0.8581, -0.2179 4.0157 0.9289, -0.2646 4.0157 0.9898, -0.3255 4.0157 1.0365, -0.7269 4.0157 0.9289, -0.7563 4.0157 0.8581, -2.1457 4.0157 0.3543, -0.7663 4.0157 0.782, -0.7563 4.0157 0.7059, -0.7269 4.0157 0.6351, -0.6802 4.0157 0.5742, -0.6194 4.0157 0.5275, -0.5485 4.0157 0.4981, -0.4724 4.0157 0.4881, -0.3964 4.0157 0.4981, -0.4724 3.937 0.4881, -0.5485 3.937 0.4981, -0.6194 3.937 0.5275, -0.6802 3.937 0.5742, -0.7269 3.937 0.6351, -0.7563 3.937 0.7059, -0.7663 3.937 0.782, -0.7563 3.937 0.8581, -0.7269 3.937 0.9289, -0.6802 3.937 0.9898, -0.6194 3.937 1.0365, -0.5485 3.937 1.0659, -0.4724 3.937 1.0759, -0.3964 3.937 1.0659, -0.3255 3.937 1.0365, -0.2646 3.937 0.9898, -0.2179 3.937 0.9289, -0.1886 3.937 0.8581, -0.1786 3.937 0.782, -0.1886 3.937 0.7059, -0.2179 3.937 0.6351, -0.2646 3.937 0.5742, -0.3255 3.937 0.5275, -0.3964 3.937 0.4981, 1.3976 3.376 1.1024, -2.3425 3.376 1.1024, 1.3976 3.376 0.3543, -2.3425 3.376 0.3543, 1.3976 2.9035 1.1024, -2.3425 2.9035 1.1024
            ]
        }
        coordIndex [
            0,1,2,-1,3,4,5,-1,5,4,6,-1,2,1,7,-1,1,8,7,-1,7,8,9,-1,7,9,10,-1,3,11,4,-1,4,11,12,-1,4,12,2,-1,2,12,13,-1,2,13,14,-1,14,15,2,-1,2,15,16,-1,2,16,0,-1,10,17,7,-1,7,17,18,-1,7,18,19,-1,19,18,20,-1,19,20,21,-1,21,22,19,-1,19,22,23,-1,19,23,24,-1,24,25,19,-1,19,25,26,-1,19,26,4,-1,4,26,27,-1,4,27,6,-1,28,26,29,-1,29,26,25,-1,29,25,30,-1,30,25,24,-1,30,24,31,-1,31,24,23,-1,31,23,32,-1,32,23,22,-1,32,22,33,-1,33,22,21,-1,33,21,34,-1,34,21,20,-1,34,20,35,-1,35,20,18,-1,35,18,36,-1,36,18,17,-1,36,17,37,-1,37,17,10,-1,37,10,38,-1,38,10,9,-1,38,9,39,-1,39,9,8,-1,39,8,40,-1,40,8,1,-1,40,1,41,-1,41,1,0,-1,41,0,42,-1,42,0,16,-1,42,16,43,-1,43,16,15,-1,43,15,44,-1,44,15,14,-1,44,14,45,-1,45,14,13,-1,45,13,46,-1,46,13,12,-1,46,12,47,-1,47,12,11,-1,47,11,48,-1,48,11,3,-1,48,3,49,-1,49,3,5,-1,49,5,50,-1,50,5,6,-1,50,6,51,-1,51,6,27,-1,51,27,28,-1,28,27,26,-1,28,29,47,-1,40,41,35,-1,35,41,34,-1,29,30,41,-1,41,30,31,-1,41,42,29,-1,29,42,43,-1,29,43,44,-1,47,48,49,-1,31,32,41,-1,41,32,33,-1,41,33,34,-1,35,36,37,-1,49,50,47,-1,47,50,51,-1,47,51,28,-1,37,38,35,-1,35,38,39,-1,35,39,40,-1,44,45,29,-1,29,45,46,-1,29,46,47,-1,52,53,54,-1,54,53,55,-1,56,57,52,-1,52,57,53,-1,
        ]
    }
}
Shape{
    appearance Appearance {
        material  Material 	{
            diffuseColor 1.0 0.6901960784313725 0.3568627450980392
            specularColor 1.0 0.6901960784313725 0.3568627450980392
            ambientIntensity 0.7448
            transparency 0.0
            shininess 0.5
        }
    }
    geometry IndexedFaceSet {
        ccw TRUE
        solid FALSE
        coord DEF co Coordinate {
            point [
                -2.3425 2.9035 1.1024, 1.3976 2.9035 1.1024, 1.2795 2.9035 1.8072, 1.3976 2.9035 1.8072, 1.3976 2.9035 1.9254, 1.3976 2.9035 3.3109, 1.2795 2.9035 1.9254, 1.2795 2.9035 3.3109, -2.2244 2.9035 3.429, -1.3189 2.9035 4.5276, -1.4966 2.9035 4.512, 1.2795 2.9035 3.429, 0.374 2.9035 4.5276, -2.2244 2.9035 3.3109, -1.669 2.9035 4.4658, -1.8307 2.9035 4.3904, -1.9769 2.9035 4.2881, -2.3425 2.9035 1.8072, -2.2244 2.9035 1.8072, -2.2244 2.9035 1.9254, -2.3425 2.9035 1.9254, -2.3425 2.9035 3.3109, -2.103 2.9035 4.1619, -2.2054 2.9035 4.0157, -2.2808 2.9035 3.854, -2.327 2.9035 3.6817, -2.3425 2.9035 3.5039, -2.3425 2.9035 3.429, 1.3821 2.9035 3.6817, 1.3976 2.9035 3.5039, 1.3976 2.9035 3.429, 1.3359 2.9035 3.854, 1.2605 2.9035 4.0157, 1.1582 2.9035 4.1619, 1.032 2.9035 4.2881, 0.8858 2.9035 4.3904, 0.5518 2.9035 4.512, 0.7241 2.9035 4.4658
            ]
        }
        coordIndex [
            0,1,2,-1,2,1,3,-1,4,5,6,-1,6,5,7,-1,8,9,10,-1,11,12,7,-1,7,12,9,-1,7,9,6,-1,6,9,8,-1,6,8,2,-1,2,8,13,-1,10,14,8,-1,8,14,15,-1,8,15,16,-1,17,0,18,-1,18,0,2,-1,18,2,19,-1,19,2,13,-1,19,13,20,-1,20,13,21,-1,16,22,8,-1,8,22,23,-1,8,23,24,-1,24,25,8,-1,8,25,26,-1,8,26,27,-1,28,12,29,-1,29,12,11,-1,29,11,30,-1,28,31,12,-1,12,31,32,-1,12,32,33,-1,33,34,12,-1,12,34,35,-1,12,35,36,-1,36,35,37,-1,
        ]
    }
}
Shape{
    appearance Appearance {
        material  Material 	{
            diffuseColor 0.2235294117647059 0.2235294117647059 0.2235294117647059
            specularColor 0.2235294117647059 0.2235294117647059 0.2235294117647059
            ambientIntensity 0.2235
            transparency 0.0
            shininess 0.5
        }
    }
    geometry IndexedFaceSet {
        ccw TRUE
        solid FALSE
        coord DEF co Coordinate {
            point [
                -2.2244 3.4153 3.429, -2.2244 3.4153 3.3109, -2.2244 2.9035 3.429, -2.2244 2.9035 3.3109, -2.2244 3.4153 1.9254, -2.2244 3.4153 1.8072, -2.2244 2.9035 1.9254, -2.2244 2.9035 1.8072, -2.3425 2.9035 3.3109, -2.3425 3.4153 3.3109, -2.3425 3.4153 3.429, -2.3425 2.9035 3.429, -2.3425 2.9035 1.8072, -2.3425 3.4153 1.8072, -2.3425 3.4153 1.9254, -2.3425 2.9035 1.9254, -1.3189 2.9035 4.5276, -1.3189 3.8189 4.5276, -1.4966 3.8189 4.512, -1.4966 2.9035 4.512, -1.669 3.8189 4.4658, -1.669 2.9035 4.4658, -1.8307 3.8189 4.3904, -1.8307 2.9035 4.3904, -1.9769 3.8189 4.2881, -1.9769 2.9035 4.2881, -2.103 3.8189 4.1619, -2.103 2.9035 4.1619, -2.2054 3.8189 4.0157, -2.2054 2.9035 4.0157, -2.2808 3.8189 3.854, -2.2808 2.9035 3.854, -2.327 3.8189 3.6817, -2.327 2.9035 3.6817, -2.3425 3.8189 3.5039, -2.3425 2.9035 3.5039, -1.8701 3.8189 4.0157, -0.8661 3.8189 4.0157, 1.032 3.8189 4.2881, 1.1582 3.8189 4.1619, 0.9252 3.8189 4.0157, 1.3976 3.8189 1.2205, 0.9252 3.8189 1.2205, 1.3976 3.8189 3.5039, 0.9252 3.8189 2.2244, -2.3425 3.8189 1.2205, -1.8701 3.8189 3.0118, 0.374 3.8189 4.5276, 0.5518 3.8189 4.512, -0.0787 3.8189 4.0157, 0.7241 3.8189 4.4658, 0.8858 3.8189 4.3904, -1.0523 3.8189 3.7587, -0.8661 3.8189 3.8356, -0.4724 3.8189 3.6024, -1.8701 3.8189 1.2205, -1.8701 3.8189 2.2244, -1.6899 3.8189 2.2244, -1.6899 3.8189 3.0118, 1.2605 3.8189 4.0157, 1.3359 3.8189 3.854, 0.9252 3.8189 3.0118, 1.3821 3.8189 3.6817, -0.0787 3.8189 3.8356, 0.745 3.8189 3.0118, 0.745 3.8189 2.2244, -0.0787 3.8189 1.2205, -0.8661 3.8189 1.2205, -0.0787 3.8189 1.4007, -0.8661 3.8189 1.4007, -1.224 3.8189 3.6536, -0.6433 3.8189 3.5874, -0.8091 3.8189 3.543, -0.9646 3.8189 3.4705, -1.1051 3.8189 3.3721, -1.3772 3.8189 3.5229, -1.2264 3.8189 3.2508, -1.5079 3.8189 3.3697, -1.1051 3.8189 1.8641, -0.9646 3.8189 1.7657, -1.0523 3.8189 1.4775, 0.5118 3.8189 2.6181, 0.4969 3.8189 2.789, 0.4525 3.8189 2.9547, 0.6682 3.8189 3.1979, 0.38 3.8189 3.1102, 0.5631 3.8189 3.3697, 0.2815 3.8189 3.2508, 0.4323 3.8189 3.5229, 0.1602 3.8189 3.3721, 0.2792 3.8189 3.6536, 0.1074 3.8189 3.7587, 0.0197 3.8189 3.4705, -0.1358 3.8189 3.543, -0.3015 3.8189 3.5874, -0.8091 3.8189 1.6932, -0.6433 3.8189 1.6488, -0.4724 3.8189 1.6339, -0.3015 3.8189 1.6488, -0.1358 3.8189 1.6932, 0.1074 3.8189 1.4775, 0.0197 3.8189 1.7657, 0.2792 3.8189 1.5826, 0.1602 3.8189 1.8641, 0.4323 3.8189 1.7133, 0.2815 3.8189 1.9854, 0.5631 3.8189 1.8665, 0.6682 3.8189 2.0383, 0.38 3.8189 2.126, 0.4525 3.8189 2.2815, 0.4969 3.8189 2.4472, -1.613 3.8189 3.1979, -1.3248 3.8189 3.1102, -1.3973 3.8189 2.9547, -1.4417 3.8189 2.789, -1.4567 3.8189 2.6181, -1.224 3.8189 1.5826, -1.3772 3.8189 1.7133, -1.2264 3.8189 1.9854, -1.5079 3.8189 1.8665, -1.3248 3.8189 2.126, -1.613 3.8189 2.0383, -1.3973 3.8189 2.2815, -1.4417 3.8189 2.4472, -1.8701 3.6614 4.0157, -0.8661 3.6614 4.0157, -1.8701 3.6614 3.0118, -1.6899 3.6614 3.0118, -0.8661 3.6614 3.8356, -1.0523 3.6614 3.7587, -1.224 3.6614 3.6536, -1.3772 3.6614 3.5229, -1.5079 3.6614 3.3697, -1.613 3.6614 3.1979
            ]
        }
        coordIndex [
            0,1,2,-1,2,1,3,-1,4,5,6,-1,6,5,7,-1,8,3,9,-1,9,3,1,-1,10,9,0,-1,0,9,1,-1,10,0,11,-1,11,0,2,-1,12,7,13,-1,13,7,5,-1,14,13,4,-1,4,13,5,-1,14,4,15,-1,15,4,6,-1,16,17,18,-1,16,18,19,-1,19,18,20,-1,19,20,21,-1,21,20,22,-1,21,22,23,-1,23,22,24,-1,23,24,25,-1,25,24,26,-1,25,26,27,-1,27,26,28,-1,27,28,29,-1,29,28,30,-1,29,30,31,-1,31,30,32,-1,31,32,33,-1,33,32,34,-1,33,34,35,-1,28,26,36,-1,18,17,37,-1,38,39,40,-1,41,42,43,-1,43,42,44,-1,45,34,46,-1,46,34,32,-1,46,32,36,-1,36,32,30,-1,36,30,28,-1,26,24,36,-1,36,24,22,-1,36,22,37,-1,37,22,20,-1,37,20,18,-1,47,48,49,-1,49,48,50,-1,49,50,40,-1,40,50,51,-1,40,51,38,-1,52,53,54,-1,55,45,56,-1,56,45,46,-1,56,46,57,-1,57,46,58,-1,39,59,40,-1,40,59,60,-1,40,60,61,-1,61,60,62,-1,17,47,37,-1,37,47,49,-1,37,49,53,-1,53,49,63,-1,62,43,61,-1,61,43,44,-1,61,44,64,-1,64,44,65,-1,66,67,68,-1,68,67,69,-1,52,54,70,-1,70,54,71,-1,70,71,72,-1,72,73,70,-1,70,73,74,-1,70,74,75,-1,75,74,76,-1,75,76,77,-1,78,79,80,-1,81,82,64,-1,64,82,83,-1,64,83,84,-1,84,83,85,-1,84,85,86,-1,86,85,87,-1,86,87,88,-1,88,87,89,-1,88,89,90,-1,90,89,91,-1,91,89,92,-1,91,92,63,-1,63,92,93,-1,63,93,53,-1,53,93,94,-1,53,94,54,-1,80,79,69,-1,69,79,95,-1,69,95,68,-1,68,95,96,-1,68,96,97,-1,97,98,68,-1,68,98,99,-1,68,99,100,-1,100,99,101,-1,100,101,102,-1,102,101,103,-1,102,103,104,-1,104,103,105,-1,104,105,106,-1,106,105,107,-1,107,105,108,-1,107,108,65,-1,65,108,109,-1,65,109,64,-1,64,109,110,-1,64,110,81,-1,77,76,111,-1,111,76,112,-1,111,112,58,-1,58,112,113,-1,58,113,57,-1,57,113,114,-1,57,114,115,-1,80,116,78,-1,78,116,117,-1,78,117,118,-1,118,117,119,-1,118,119,120,-1,120,119,121,-1,120,121,122,-1,122,121,57,-1,122,57,123,-1,123,57,115,-1,124,36,125,-1,125,36,37,-1,126,46,124,-1,124,46,36,-1,127,58,126,-1,126,58,46,-1,128,53,52,-1,128,52,129,-1,129,52,70,-1,129,70,130,-1,130,70,75,-1,130,75,131,-1,131,75,77,-1,131,77,132,-1,132,77,111,-1,132,111,133,-1,133,111,58,-1,133,58,127,-1,125,37,128,-1,128,37,53,-1,
        ]
    }
}
Shape{
    appearance Appearance {
        material  Material 	{
            diffuseColor 0.6823529411764706 0.7647058823529411 0.5607843137254902
            specularColor 0.6823529411764706 0.7647058823529411 0.5607843137254902
            ambientIntensity 0.7168
            transparency 0.0
            shininess 0.5
        }
    }
    geometry IndexedFaceSet {
        ccw TRUE
        solid FALSE
        coord DEF co Coordinate {
            point [
                -0.8661 3.6614 3.8356, -1.0523 3.6614 3.7587, -1.4103 3.6614 3.935, -1.4103 3.6614 3.6988, -1.613 3.6614 3.1979, -1.6899 3.6614 3.0118, -1.8701 3.6614 3.0118, -1.5285 3.6614 3.935, -1.8701 3.6614 4.0157, -0.8661 3.6614 4.0157, -1.5285 3.6614 3.6988, -1.5531 3.6614 3.93, -1.5728 3.6614 3.9149, -1.5875 3.6614 3.8948, -1.5875 3.6614 3.739, -1.5728 3.6614 3.7189, -1.5531 3.6614 3.7038, -1.224 3.6614 3.6536, -1.3772 3.6614 3.5229, -1.5079 3.6614 3.3697, -1.5924 3.6614 3.8797, -1.5924 3.6614 3.8596, -1.5875 3.6614 3.8445, -1.5924 3.6614 3.7541, -1.5924 3.6614 3.7792, -1.5875 3.6614 3.7943, -1.5728 3.6614 3.8144, -1.5728 3.6614 3.8244, -1.5629 3.6614 3.8194, -1.8701 3.6614 2.2244, -1.6899 3.6614 2.2244, -1.8701 3.6614 1.2205, -1.613 3.6614 2.0383, -0.8661 3.6614 1.4007, -0.8661 3.6614 1.2205, -1.0523 3.6614 1.4775, -1.224 3.6614 1.5826, -1.5079 3.6614 1.8665, -1.3772 3.6614 1.7133, 0.9252 3.6614 1.2205, -0.0787 3.6614 1.2205, -0.0787 3.6614 1.4007, 0.1074 3.6614 1.4775, 0.2792 3.6614 1.5826, 0.4323 3.6614 1.7133, 0.745 3.6614 2.2244, 0.9252 3.6614 2.2244, 0.6682 3.6614 2.0383, 0.5631 3.6614 1.8665, 0.6627 3.6614 3.9295, 0.6356 3.6614 3.9129, 0.4624 3.6614 3.935, 0.6897 3.6614 3.935, 0.641 3.6614 3.8742, 0.6518 3.6614 3.8908, 0.7168 3.6614 3.9074, 0.6681 3.6614 3.9018, 0.6843 3.6614 3.9074, 0.5382 3.6614 3.8963, 0.6194 3.6614 3.8908, 0.5219 3.6614 3.9129, 0.4948 3.6614 3.9295, 0.7384 3.6614 3.6807, 0.7655 3.6614 3.6973, 0.9252 3.6614 3.0118, 0.6139 3.6614 3.8023, 0.6139 3.6614 3.8742, 0.6302 3.6614 3.8189, 0.6572 3.6614 3.8355, 0.7709 3.6614 3.8134, 0.7384 3.6614 3.8355, 0.7709 3.6614 3.8244, 0.7655 3.6614 3.8576, 0.5544 3.6614 3.7526, 0.5598 3.6614 3.7802, 0.7114 3.6614 3.935, 0.9252 3.6614 4.0157, 0.7384 3.6614 3.9295, 0.7655 3.6614 3.9129, 0.6843 3.6614 3.841, 0.7114 3.6614 3.841, 0.5598 3.6614 3.83, 0.5544 3.6614 3.8576, 0.549 3.6614 3.8742, 0.4948 3.6614 3.6807, 0.4323 3.6614 3.5229, 0.4624 3.6614 3.6752, 0.4299 3.6614 3.6807, 0.733 3.6614 3.9018, 0.7493 3.6614 3.8908, 0.7601 3.6614 3.8742, 0.549 3.6614 3.736, 0.5382 3.6614 3.7139, 0.6031 3.6614 3.7747, 0.5219 3.6614 3.6973, 0.6031 3.6614 3.747, 0.6139 3.6614 3.7194, 0.798 3.6614 3.8244, 0.7926 3.6614 3.8631, 0.7818 3.6614 3.8908, 0.4028 3.6614 3.9129, 0.3866 3.6614 3.8963, -0.0787 3.6614 4.0157, 0.7114 3.6614 3.6752, 0.745 3.6614 3.0118, 0.6843 3.6614 3.6752, 0.6682 3.6614 3.1979, 0.6572 3.6614 3.6807, 0.5631 3.6614 3.3697, 0.6302 3.6614 3.6973, 0.4299 3.6614 3.9295, 0.4028 3.6614 3.6973, 0.2792 3.6614 3.6536, 0.3866 3.6614 3.7139, 0.7818 3.6614 3.7194, 0.7926 3.6614 3.747, 0.798 3.6614 3.7857, 0.3758 3.6614 3.8742, 0.3703 3.6614 3.8576, -0.0787 3.6614 3.8356, 0.3649 3.6614 3.83, 0.1074 3.6614 3.7587, 0.3649 3.6614 3.7802, 0.3703 3.6614 3.7526, 0.3758 3.6614 3.736, 0.733 3.6614 3.7083, 0.7168 3.6614 3.7028, 0.7493 3.6614 3.7968, 0.733 3.6614 3.8078, 0.6464 3.6614 3.7968, 0.6627 3.6614 3.8078, 0.7655 3.6614 3.7691, 0.7655 3.6614 3.7526, 0.7601 3.6614 3.736, 0.6464 3.6614 3.7194, 0.6356 3.6614 3.736, 0.6627 3.6614 3.7083, 0.6789 3.6614 3.7028, 0.6356 3.6614 3.7857, 0.6302 3.6614 3.7691, 0.6302 3.6614 3.7526, 0.7601 3.6614 3.7857, 0.7493 3.6614 3.7194, 0.6789 3.6614 3.8134, 0.7168 3.6614 3.8134, 0.4191 3.6614 3.7194, 0.3974 3.6614 3.7526, 0.392 3.6614 3.7857, 0.5327 3.6614 3.8244, 0.5327 3.6614 3.7857, 0.392 3.6614 3.8244, 0.5057 3.6614 3.8908, 0.5273 3.6614 3.8576, 0.4191 3.6614 3.8908, 0.4353 3.6614 3.9018, 0.4624 3.6614 3.9074, 0.4624 3.6614 3.7028, 0.4353 3.6614 3.7083, 0.4894 3.6614 3.7083, 0.5057 3.6614 3.7194, 0.5273 3.6614 3.7526, 0.3974 3.6614 3.8576, 0.4894 3.6614 3.9018, -1.5334 3.6614 3.9048, -1.4399 3.6614 3.9048, -1.4399 3.6614 3.8345, -1.5481 3.6614 3.8395, -1.558 3.6614 3.8496, -1.5334 3.6614 3.8345, -1.5629 3.6614 3.8646, -1.5481 3.6614 3.8998, -1.558 3.6614 3.8898, -1.5629 3.6614 3.8747, -1.5334 3.6614 3.8043, -1.4399 3.6614 3.8043, -1.4399 3.6614 3.7289, -1.5481 3.6614 3.734, -1.558 3.6614 3.744, -1.5334 3.6614 3.7289, -1.5629 3.6614 3.7591, -1.5481 3.6614 3.7993, -1.558 3.6614 3.7892, -1.5629 3.6614 3.7742
            ]
        }
        coordIndex [
            0,1,2,-1,2,1,3,-1,4,5,6,-1,7,8,2,-1,2,8,9,-1,2,9,0,-1,4,6,10,-1,7,11,8,-1,8,11,12,-1,8,12,13,-1,14,15,6,-1,6,15,16,-1,6,16,10,-1,1,17,3,-1,3,17,18,-1,3,18,10,-1,10,18,19,-1,10,19,4,-1,13,20,8,-1,8,20,21,-1,8,21,22,-1,14,6,23,-1,23,6,8,-1,23,8,24,-1,24,8,25,-1,25,8,22,-1,25,22,26,-1,26,22,27,-1,26,27,28,-1,29,30,31,-1,31,30,32,-1,33,34,35,-1,35,34,31,-1,35,31,36,-1,32,37,31,-1,31,37,38,-1,31,38,36,-1,39,40,41,-1,41,42,39,-1,39,42,43,-1,39,43,44,-1,45,46,47,-1,47,46,39,-1,47,39,48,-1,48,39,44,-1,49,50,51,-1,49,51,52,-1,53,54,55,-1,55,54,56,-1,55,56,57,-1,58,50,59,-1,58,60,50,-1,50,60,61,-1,50,61,51,-1,62,63,64,-1,65,66,67,-1,67,66,53,-1,67,53,68,-1,69,70,71,-1,71,70,72,-1,73,74,66,-1,75,76,77,-1,77,76,78,-1,68,53,79,-1,79,53,55,-1,79,55,80,-1,74,81,66,-1,66,81,82,-1,66,82,59,-1,59,82,83,-1,59,83,58,-1,84,85,86,-1,86,85,87,-1,55,88,80,-1,80,88,89,-1,80,89,70,-1,70,89,90,-1,70,90,72,-1,73,66,91,-1,91,66,65,-1,91,65,92,-1,92,65,93,-1,92,93,94,-1,94,93,95,-1,94,95,96,-1,97,98,76,-1,76,98,99,-1,76,99,78,-1,100,101,102,-1,62,64,103,-1,103,64,104,-1,103,104,105,-1,105,104,106,-1,105,106,107,-1,107,106,108,-1,107,108,109,-1,109,108,85,-1,109,85,96,-1,96,85,84,-1,96,84,94,-1,75,52,76,-1,76,52,51,-1,76,51,102,-1,102,51,110,-1,102,110,100,-1,87,85,111,-1,111,85,112,-1,111,112,113,-1,63,114,64,-1,64,114,115,-1,64,115,76,-1,76,115,116,-1,76,116,97,-1,101,117,102,-1,102,117,118,-1,102,118,119,-1,119,118,120,-1,119,120,121,-1,120,122,121,-1,121,122,123,-1,121,123,112,-1,112,123,124,-1,112,124,113,-1,125,126,127,-1,127,126,128,-1,126,129,130,-1,131,132,133,-1,134,135,136,-1,136,135,126,-1,136,126,137,-1,138,129,139,-1,139,129,126,-1,139,126,140,-1,140,126,135,-1,127,141,131,-1,131,133,127,-1,127,133,142,-1,127,142,125,-1,130,143,126,-1,126,143,144,-1,126,144,128,-1,145,146,147,-1,148,149,147,-1,147,150,148,-1,148,150,151,-1,148,151,152,-1,153,154,155,-1,156,157,158,-1,158,157,145,-1,158,145,159,-1,159,145,147,-1,159,147,160,-1,160,147,149,-1,150,161,151,-1,151,161,153,-1,151,153,162,-1,162,153,155,-1,163,164,165,-1,166,167,168,-1,168,167,169,-1,168,169,165,-1,170,163,171,-1,171,163,165,-1,171,165,172,-1,172,165,169,-1,173,174,175,-1,176,177,178,-1,178,177,179,-1,178,179,175,-1,180,173,181,-1,181,173,175,-1,181,175,182,-1,182,175,179,-1,
        ]
    }
}
Shape{
    appearance Appearance {
        material  Material 	{
            diffuseColor 0.2235294117647059 0.2235294117647059 0.2235294117647059
            specularColor 0.2235294117647059 0.2235294117647059 0.2235294117647059
            ambientIntensity 0.2235
            transparency 0.0
            shininess 0.5
        }
    }
    geometry IndexedFaceSet {
        ccw TRUE
        solid FALSE
        coord DEF co Coordinate {
            point [
                -1.8701 3.6614 2.2244, -1.8701 3.8189 2.2244, -1.6899 3.6614 2.2244, -1.6899 3.8189 2.2244, -1.8701 3.6614 1.2205, -1.8701 3.8189 1.2205, -1.613 3.8189 2.0383, -1.613 3.6614 2.0383, -1.5079 3.8189 1.8665, -1.5079 3.6614 1.8665, -1.3772 3.8189 1.7133, -1.3772 3.6614 1.7133, -1.224 3.8189 1.5826, -1.224 3.6614 1.5826, -1.0523 3.8189 1.4775, -1.0523 3.6614 1.4775, -0.8661 3.8189 1.4007, -0.8661 3.6614 1.4007, -0.8661 3.6614 1.2205, -0.8661 3.8189 1.2205, -0.0787 3.6614 1.2205, -0.0787 3.8189 1.2205, -0.0787 3.6614 1.4007, -0.0787 3.8189 1.4007, 0.1074 3.8189 1.4775, 0.1074 3.6614 1.4775, 0.2792 3.8189 1.5826, 0.2792 3.6614 1.5826, 0.4323 3.8189 1.7133, 0.4323 3.6614 1.7133, 0.5631 3.8189 1.8665, 0.5631 3.6614 1.8665, 0.6682 3.8189 2.0383, 0.6682 3.6614 2.0383, 0.745 3.8189 2.2244, 0.745 3.6614 2.2244, 0.9252 3.6614 2.2244, 0.9252 3.8189 2.2244, 0.9252 3.6614 1.2205, 0.9252 3.8189 1.2205, 0.9252 3.6614 3.0118, 0.9252 3.8189 3.0118, 0.745 3.6614 3.0118, 0.745 3.8189 3.0118, 0.9252 3.6614 4.0157, 0.9252 3.8189 4.0157, -0.0787 3.6614 4.0157, -0.0787 3.8189 4.0157, -0.0787 3.6614 3.8356, -0.0787 3.8189 3.8356, 0.6682 3.8189 3.1979, 0.6682 3.6614 3.1979, 0.5631 3.8189 3.3697, 0.5631 3.6614 3.3697, 0.4323 3.8189 3.5229, 0.4323 3.6614 3.5229, 0.2792 3.8189 3.6536, 0.2792 3.6614 3.6536, 0.1074 3.8189 3.7587, 0.1074 3.6614 3.7587
            ]
        }
        coordIndex [
            0,1,2,-1,2,1,3,-1,4,5,0,-1,0,5,1,-1,2,3,6,-1,2,6,7,-1,7,6,8,-1,7,8,9,-1,9,8,10,-1,9,10,11,-1,11,10,12,-1,11,12,13,-1,13,12,14,-1,13,14,15,-1,15,14,16,-1,15,16,17,-1,17,16,18,-1,18,16,19,-1,20,21,22,-1,22,21,23,-1,22,23,24,-1,22,24,25,-1,25,24,26,-1,25,26,27,-1,27,26,28,-1,27,28,29,-1,29,28,30,-1,29,30,31,-1,31,30,32,-1,31,32,33,-1,33,32,34,-1,33,34,35,-1,35,34,36,-1,36,34,37,-1,36,37,38,-1,38,37,39,-1,40,41,42,-1,42,41,43,-1,44,45,40,-1,40,45,41,-1,46,47,44,-1,44,47,45,-1,48,49,46,-1,46,49,47,-1,42,43,50,-1,42,50,51,-1,51,50,52,-1,51,52,53,-1,53,52,54,-1,53,54,55,-1,55,54,56,-1,55,56,57,-1,57,56,58,-1,57,58,59,-1,59,58,49,-1,59,49,48,-1,
        ]
    }
}
Shape{
    appearance Appearance {
        material  Material 	{
            diffuseColor 0.8117647058823529 0.8117647058823529 0.8117647058823529
            specularColor 0.8117647058823529 0.8117647058823529 0.8117647058823529
            ambientIntensity 0.8118
            transparency 0.0
            shininess 0.5
        }
    }
    geometry IndexedFaceSet {
        ccw TRUE
        solid FALSE
        coord DEF co Coordinate {
            point [
                0.6139 3.6693 3.8023, 0.6139 3.6614 3.8023, 0.6302 3.6693 3.8189, 0.6302 3.6614 3.8189, 0.6031 3.6693 3.7747, 0.6031 3.6614 3.7747, 0.6031 3.6693 3.747, 0.6031 3.6614 3.747, 0.6139 3.6693 3.7194, 0.6139 3.6614 3.7194, 0.6302 3.6693 3.6973, 0.6302 3.6614 3.6973, 0.6572 3.6693 3.6807, 0.6572 3.6614 3.6807, 0.6843 3.6693 3.6752, 0.6843 3.6614 3.6752, 0.7114 3.6693 3.6752, 0.7114 3.6614 3.6752, 0.7384 3.6693 3.6807, 0.7384 3.6614 3.6807, 0.7655 3.6693 3.6973, 0.7655 3.6614 3.6973, 0.7818 3.6693 3.7194, 0.7818 3.6614 3.7194, 0.7926 3.6693 3.747, 0.7926 3.6614 3.747, 0.798 3.6693 3.7857, 0.798 3.6614 3.7857, 0.798 3.6693 3.8244, 0.798 3.6614 3.8244, 0.7926 3.6693 3.8631, 0.7926 3.6614 3.8631, 0.7818 3.6693 3.8908, 0.7818 3.6614 3.8908, 0.7655 3.6693 3.9129, 0.7655 3.6614 3.9129, 0.7384 3.6693 3.9295, 0.7384 3.6614 3.9295, 0.7114 3.6693 3.935, 0.7114 3.6614 3.935, 0.6897 3.6693 3.935, 0.6897 3.6614 3.935, 0.6627 3.6693 3.9295, 0.6627 3.6614 3.9295, 0.6356 3.6693 3.9129, 0.6356 3.6614 3.9129, 0.6194 3.6693 3.8908, 0.6194 3.6614 3.8908, 0.6139 3.6693 3.8742, 0.6139 3.6614 3.8742, 0.641 3.6693 3.8742, 0.641 3.6614 3.8742, 0.6518 3.6693 3.8908, 0.6518 3.6614 3.8908, 0.6681 3.6693 3.9018, 0.6681 3.6614 3.9018, 0.6843 3.6693 3.9074, 0.6843 3.6614 3.9074, 0.7168 3.6693 3.9074, 0.7168 3.6614 3.9074, 0.733 3.6693 3.9018, 0.733 3.6614 3.9018, 0.7493 3.6693 3.8908, 0.7493 3.6614 3.8908, 0.7601 3.6693 3.8742, 0.7601 3.6614 3.8742, 0.7655 3.6693 3.8576, 0.7655 3.6614 3.8576, 0.7709 3.6693 3.8244, 0.7709 3.6614 3.8244, 0.7709 3.6693 3.8134, 0.7709 3.6614 3.8134, 0.7384 3.6693 3.8355, 0.7384 3.6614 3.8355, 0.7114 3.6693 3.841, 0.7114 3.6614 3.841, 0.6843 3.6693 3.841, 0.6843 3.6614 3.841, 0.6572 3.6693 3.8355, 0.6572 3.6614 3.8355, 0.7655 3.6693 3.7691, 0.7601 3.6693 3.7857, 0.7493 3.6693 3.7968, 0.733 3.6693 3.8078, 0.7168 3.6693 3.8134, 0.6789 3.6693 3.8134, 0.6627 3.6693 3.8078, 0.6464 3.6693 3.7968, 0.6356 3.6693 3.7857, 0.6302 3.6693 3.7691, 0.6302 3.6693 3.7526, 0.6356 3.6693 3.736, 0.6464 3.6693 3.7194, 0.6627 3.6693 3.7083, 0.6789 3.6693 3.7028, 0.7168 3.6693 3.7028, 0.733 3.6693 3.7083, 0.7493 3.6693 3.7194, 0.7601 3.6693 3.736, 0.7655 3.6693 3.7526, 0.3703 3.6693 3.8576, 0.3974 3.6693 3.8576, 0.392 3.6693 3.8244, 0.5544 3.6693 3.7526, 0.5273 3.6693 3.7526, 0.5327 3.6693 3.7857, 0.5273 3.6693 3.8576, 0.5544 3.6693 3.8576, 0.5327 3.6693 3.8244, 0.5598 3.6693 3.83, 0.5598 3.6693 3.7802, 0.3758 3.6693 3.8742, 0.3866 3.6693 3.8963, 0.4191 3.6693 3.8908, 0.4028 3.6693 3.9129, 0.4353 3.6693 3.9018, 0.4299 3.6693 3.9295, 0.4624 3.6693 3.9074, 0.4624 3.6693 3.935, 0.4894 3.6693 3.9018, 0.4948 3.6693 3.9295, 0.5057 3.6693 3.8908, 0.549 3.6693 3.736, 0.5382 3.6693 3.7139, 0.5057 3.6693 3.7194, 0.5219 3.6693 3.6973, 0.4894 3.6693 3.7083, 0.4948 3.6693 3.6807, 0.4624 3.6693 3.7028, 0.4624 3.6693 3.6752, 0.4353 3.6693 3.7083, 0.4299 3.6693 3.6807, 0.4191 3.6693 3.7194, 0.5219 3.6693 3.9129, 0.5382 3.6693 3.8963, 0.549 3.6693 3.8742, 0.3974 3.6693 3.7526, 0.3703 3.6693 3.7526, 0.392 3.6693 3.7857, 0.3649 3.6693 3.7802, 0.3649 3.6693 3.83, 0.4028 3.6693 3.6973, 0.3866 3.6693 3.7139, 0.3758 3.6693 3.736, -1.4103 3.6693 3.935, -1.4103 3.6693 3.6988, -1.4399 3.6693 3.8043, -1.4399 3.6693 3.7289, -1.5334 3.6693 3.7289, -1.5285 3.6693 3.6988, -1.5481 3.6693 3.734, -1.5334 3.6693 3.8043, -1.5629 3.6693 3.8194, -1.5481 3.6693 3.7993, -1.5728 3.6693 3.8144, -1.558 3.6693 3.7892, -1.5531 3.6693 3.7038, -1.5728 3.6693 3.7189, -1.558 3.6693 3.744, -1.5875 3.6693 3.739, -1.5629 3.6693 3.7591, -1.5924 3.6693 3.7541, -1.5629 3.6693 3.7742, -1.5924 3.6693 3.7792, -1.5875 3.6693 3.7943, -1.5875 3.6693 3.8948, -1.5728 3.6693 3.9149, -1.5481 3.6693 3.8998, -1.5531 3.6693 3.93, -1.5334 3.6693 3.9048, -1.5285 3.6693 3.935, -1.4399 3.6693 3.9048, -1.4399 3.6693 3.8345, -1.5334 3.6693 3.8345, -1.5481 3.6693 3.8395, -1.5728 3.6693 3.8244, -1.558 3.6693 3.8496, -1.5875 3.6693 3.8445, -1.5629 3.6693 3.8646, -1.5924 3.6693 3.8596, -1.5629 3.6693 3.8747, -1.5924 3.6693 3.8797, -1.558 3.6693 3.8898, 0.6356 3.6614 3.7857, 0.6302 3.6614 3.7691, 0.6464 3.6614 3.7968, 0.6627 3.6614 3.8078, 0.6789 3.6614 3.8134, 0.7168 3.6614 3.8134, 0.733 3.6614 3.8078, 0.7493 3.6614 3.7968, 0.7601 3.6614 3.7857, 0.7655 3.6614 3.7691, 0.7655 3.6614 3.7526, 0.7601 3.6614 3.736, 0.7493 3.6614 3.7194, 0.733 3.6614 3.7083, 0.7168 3.6614 3.7028, 0.6789 3.6614 3.7028, 0.6627 3.6614 3.7083, 0.6464 3.6614 3.7194, 0.6356 3.6614 3.736, 0.6302 3.6614 3.7526, 0.5598 3.6614 3.83, 0.5598 3.6614 3.7802, 0.5544 3.6614 3.8576, 0.549 3.6614 3.8742, 0.5382 3.6614 3.8963, 0.5219 3.6614 3.9129, 0.4948 3.6614 3.9295, 0.4624 3.6614 3.935, 0.4299 3.6614 3.9295, 0.4028 3.6614 3.9129, 0.3866 3.6614 3.8963, 0.3758 3.6614 3.8742, 0.3703 3.6614 3.8576, 0.3649 3.6614 3.83, 0.3649 3.6614 3.7802, 0.3703 3.6614 3.7526, 0.3758 3.6614 3.736, 0.3866 3.6614 3.7139, 0.4028 3.6614 3.6973, 0.4299 3.6614 3.6807, 0.4624 3.6614 3.6752, 0.4948 3.6614 3.6807, 0.5219 3.6614 3.6973, 0.5382 3.6614 3.7139, 0.549 3.6614 3.736, 0.5544 3.6614 3.7526, 0.5327 3.6614 3.8244, 0.5273 3.6614 3.8576, 0.5327 3.6614 3.7857, 0.5273 3.6614 3.7526, 0.5057 3.6614 3.7194, 0.4894 3.6614 3.7083, 0.4624 3.6614 3.7028, 0.4353 3.6614 3.7083, 0.4191 3.6614 3.7194, 0.3974 3.6614 3.7526, 0.392 3.6614 3.7857, 0.392 3.6614 3.8244, 0.3974 3.6614 3.8576, 0.4191 3.6614 3.8908, 0.4353 3.6614 3.9018, 0.4624 3.6614 3.9074, 0.4894 3.6614 3.9018, 0.5057 3.6614 3.8908, -1.5629 3.6614 3.8194, -1.5728 3.6614 3.8244, -1.5728 3.6614 3.8144, -1.5875 3.6614 3.7943, -1.5924 3.6614 3.7792, -1.5924 3.6614 3.7541, -1.5875 3.6614 3.739, -1.5728 3.6614 3.7189, -1.5531 3.6614 3.7038, -1.5285 3.6614 3.6988, -1.4103 3.6614 3.6988, -1.4103 3.6614 3.935, -1.5285 3.6614 3.935, -1.5531 3.6614 3.93, -1.5728 3.6614 3.9149, -1.5875 3.6614 3.8948, -1.5924 3.6614 3.8797, -1.5924 3.6614 3.8596, -1.5875 3.6614 3.8445, -1.4399 3.6614 3.9048, -1.5334 3.6614 3.9048, -1.4399 3.6614 3.8345, -1.5334 3.6614 3.8345, -1.5481 3.6614 3.8395, -1.558 3.6614 3.8496, -1.5629 3.6614 3.8646, -1.5629 3.6614 3.8747, -1.558 3.6614 3.8898, -1.5481 3.6614 3.8998, -1.5629 3.6614 3.7742, -1.5629 3.6614 3.7591, -1.558 3.6614 3.7892, -1.5481 3.6614 3.7993, -1.5334 3.6614 3.8043, -1.4399 3.6614 3.8043, -1.4399 3.6614 3.7289, -1.5334 3.6614 3.7289, -1.5481 3.6614 3.734, -1.558 3.6614 3.744
            ]
        }
        coordIndex [
            0,1,2,-1,2,1,3,-1,4,5,0,-1,0,5,1,-1,6,7,4,-1,4,7,5,-1,8,9,6,-1,6,9,7,-1,10,11,8,-1,8,11,9,-1,12,13,10,-1,10,13,11,-1,14,15,12,-1,12,15,13,-1,16,17,14,-1,14,17,15,-1,18,19,16,-1,16,19,17,-1,20,21,18,-1,18,21,19,-1,22,23,20,-1,20,23,21,-1,24,25,22,-1,22,25,23,-1,26,27,24,-1,24,27,25,-1,28,29,26,-1,26,29,27,-1,30,31,28,-1,28,31,29,-1,32,33,30,-1,30,33,31,-1,34,35,32,-1,32,35,33,-1,36,37,34,-1,34,37,35,-1,38,39,36,-1,36,39,37,-1,40,41,38,-1,38,41,39,-1,42,43,40,-1,40,43,41,-1,44,45,42,-1,42,45,43,-1,46,47,44,-1,44,47,45,-1,48,49,46,-1,46,49,47,-1,50,51,48,-1,48,51,49,-1,52,53,50,-1,50,53,51,-1,54,55,52,-1,52,55,53,-1,56,57,54,-1,54,57,55,-1,58,59,56,-1,56,59,57,-1,60,61,58,-1,58,61,59,-1,62,63,60,-1,60,63,61,-1,64,65,62,-1,62,65,63,-1,66,67,64,-1,64,67,65,-1,68,69,66,-1,66,69,67,-1,70,71,68,-1,68,71,69,-1,72,73,70,-1,70,73,71,-1,74,75,72,-1,72,75,73,-1,76,77,74,-1,74,77,75,-1,78,79,76,-1,76,79,77,-1,2,3,78,-1,78,3,79,-1,50,48,46,-1,70,24,80,-1,50,46,52,-1,52,46,44,-1,52,44,54,-1,54,44,42,-1,54,42,56,-1,56,42,40,-1,56,40,58,-1,58,40,38,-1,58,38,60,-1,60,38,36,-1,60,36,62,-1,62,36,34,-1,62,34,64,-1,64,34,32,-1,64,32,66,-1,66,32,30,-1,66,30,68,-1,68,30,28,-1,68,28,70,-1,70,28,26,-1,70,26,24,-1,80,81,70,-1,70,81,82,-1,70,82,72,-1,72,82,83,-1,72,83,74,-1,74,83,84,-1,74,84,76,-1,76,84,85,-1,76,85,78,-1,78,85,86,-1,78,86,2,-1,2,86,87,-1,2,87,0,-1,0,87,88,-1,0,88,4,-1,4,88,89,-1,4,89,6,-1,6,89,90,-1,6,90,8,-1,8,90,91,-1,8,91,10,-1,10,91,92,-1,10,92,12,-1,12,92,93,-1,12,93,14,-1,14,93,94,-1,14,94,16,-1,16,94,95,-1,16,95,18,-1,18,95,96,-1,18,96,20,-1,20,96,97,-1,20,97,22,-1,22,97,98,-1,22,98,24,-1,24,98,99,-1,24,99,80,-1,100,101,102,-1,103,104,105,-1,106,107,108,-1,108,107,109,-1,108,109,105,-1,105,109,110,-1,105,110,103,-1,100,111,101,-1,101,111,112,-1,101,112,113,-1,113,112,114,-1,113,114,115,-1,115,114,116,-1,115,116,117,-1,117,116,118,-1,117,118,119,-1,119,118,120,-1,119,120,121,-1,103,122,104,-1,104,122,123,-1,104,123,124,-1,124,123,125,-1,124,125,126,-1,126,125,127,-1,126,127,128,-1,128,127,129,-1,128,129,130,-1,130,129,131,-1,130,131,132,-1,120,133,121,-1,121,133,134,-1,121,134,106,-1,106,134,135,-1,106,135,107,-1,136,137,138,-1,138,137,139,-1,138,139,102,-1,102,139,140,-1,102,140,100,-1,131,141,132,-1,132,141,142,-1,132,142,136,-1,136,142,143,-1,136,143,137,-1,144,145,146,-1,146,145,147,-1,147,145,148,-1,148,145,149,-1,148,149,150,-1,146,151,152,-1,152,151,153,-1,152,153,154,-1,154,153,155,-1,149,156,150,-1,150,156,157,-1,150,157,158,-1,158,157,159,-1,158,159,160,-1,160,159,161,-1,160,161,162,-1,162,161,163,-1,162,163,155,-1,155,163,164,-1,155,164,154,-1,165,166,167,-1,167,166,168,-1,167,168,169,-1,169,168,170,-1,169,170,171,-1,171,170,144,-1,171,144,172,-1,172,144,146,-1,172,146,173,-1,173,146,152,-1,173,152,174,-1,174,152,175,-1,174,175,176,-1,176,175,177,-1,176,177,178,-1,178,177,179,-1,178,179,180,-1,180,179,181,-1,180,181,182,-1,182,181,165,-1,182,165,167,-1,88,183,89,-1,89,183,184,-1,87,185,88,-1,88,185,183,-1,86,186,87,-1,87,186,185,-1,85,187,86,-1,86,187,186,-1,84,188,85,-1,85,188,187,-1,83,189,84,-1,84,189,188,-1,82,190,83,-1,83,190,189,-1,81,191,82,-1,82,191,190,-1,80,192,81,-1,81,192,191,-1,99,193,80,-1,80,193,192,-1,98,194,99,-1,99,194,193,-1,97,195,98,-1,98,195,194,-1,96,196,97,-1,97,196,195,-1,95,197,96,-1,96,197,196,-1,94,198,95,-1,95,198,197,-1,93,199,94,-1,94,199,198,-1,92,200,93,-1,93,200,199,-1,91,201,92,-1,92,201,200,-1,90,202,91,-1,91,202,201,-1,89,184,90,-1,90,184,202,-1,109,203,110,-1,110,203,204,-1,107,205,109,-1,109,205,203,-1,135,206,107,-1,107,206,205,-1,134,207,135,-1,135,207,206,-1,133,208,134,-1,134,208,207,-1,120,209,133,-1,133,209,208,-1,118,210,120,-1,120,210,209,-1,116,211,118,-1,118,211,210,-1,114,212,116,-1,116,212,211,-1,112,213,114,-1,114,213,212,-1,111,214,112,-1,112,214,213,-1,100,215,111,-1,111,215,214,-1,140,216,100,-1,100,216,215,-1,139,217,140,-1,140,217,216,-1,137,218,139,-1,139,218,217,-1,143,219,137,-1,137,219,218,-1,142,220,143,-1,143,220,219,-1,141,221,142,-1,142,221,220,-1,131,222,141,-1,141,222,221,-1,129,223,131,-1,131,223,222,-1,127,224,129,-1,129,224,223,-1,125,225,127,-1,127,225,224,-1,123,226,125,-1,125,226,225,-1,122,227,123,-1,123,227,226,-1,103,228,122,-1,122,228,227,-1,110,204,103,-1,103,204,228,-1,108,229,106,-1,106,229,230,-1,105,231,108,-1,108,231,229,-1,104,232,105,-1,105,232,231,-1,124,233,104,-1,104,233,232,-1,126,234,124,-1,124,234,233,-1,128,235,126,-1,126,235,234,-1,130,236,128,-1,128,236,235,-1,132,237,130,-1,130,237,236,-1,136,238,132,-1,132,238,237,-1,138,239,136,-1,136,239,238,-1,102,240,138,-1,138,240,239,-1,101,241,102,-1,102,241,240,-1,113,242,101,-1,101,242,241,-1,115,243,113,-1,113,243,242,-1,117,244,115,-1,115,244,243,-1,119,245,117,-1,117,245,244,-1,121,246,119,-1,119,246,245,-1,106,230,121,-1,121,230,246,-1,152,247,175,-1,175,247,248,-1,154,249,152,-1,152,249,247,-1,164,250,154,-1,154,250,249,-1,163,251,164,-1,164,251,250,-1,161,252,163,-1,163,252,251,-1,159,253,161,-1,161,253,252,-1,157,254,159,-1,159,254,253,-1,156,255,157,-1,157,255,254,-1,149,256,156,-1,156,256,255,-1,145,257,149,-1,149,257,256,-1,144,258,145,-1,145,258,257,-1,170,259,144,-1,144,259,258,-1,168,260,170,-1,170,260,259,-1,166,261,168,-1,168,261,260,-1,165,262,166,-1,166,262,261,-1,181,263,165,-1,165,263,262,-1,179,264,181,-1,181,264,263,-1,177,265,179,-1,179,265,264,-1,175,248,177,-1,177,248,265,-1,171,266,169,-1,169,266,267,-1,172,268,171,-1,171,268,266,-1,173,269,172,-1,172,269,268,-1,174,270,173,-1,173,270,269,-1,176,271,174,-1,174,271,270,-1,178,272,176,-1,176,272,271,-1,180,273,178,-1,178,273,272,-1,182,274,180,-1,180,274,273,-1,167,275,182,-1,182,275,274,-1,169,267,167,-1,167,267,275,-1,162,276,160,-1,160,276,277,-1,155,278,162,-1,162,278,276,-1,153,279,155,-1,155,279,278,-1,151,280,153,-1,153,280,279,-1,146,281,151,-1,151,281,280,-1,147,282,146,-1,146,282,281,-1,148,283,147,-1,147,283,282,-1,150,284,148,-1,148,284,283,-1,158,285,150,-1,150,285,284,-1,160,277,158,-1,158,277,285,-1,
        ]
    }
}
Shape{
    appearance Appearance {
        material  Material 	{
            diffuseColor 0.2235294117647059 0.2235294117647059 0.2235294117647059
            specularColor 0.2235294117647059 0.2235294117647059 0.2235294117647059
            ambientIntensity 0.2235
            transparency 0.0
            shininess 0.5
        }
    }
    geometry IndexedFaceSet {
        ccw TRUE
        solid FALSE
        coord DEF co Coordinate {
            point [
                -0.4724 3.6614 1.6339, -0.4724 3.8189 1.6339, -0.6433 3.6614 1.6488, -0.6433 3.8189 1.6488, -0.8091 3.6614 1.6932, -0.8091 3.8189 1.6932, -0.9646 3.6614 1.7657, -0.9646 3.8189 1.7657, -1.1051 3.6614 1.8641, -1.1051 3.8189 1.8641, -1.2264 3.6614 1.9854, -1.2264 3.8189 1.9854, -1.3248 3.6614 2.126, -1.3248 3.8189 2.126, -1.3973 3.6614 2.2815, -1.3973 3.8189 2.2815, -1.4417 3.6614 2.4472, -1.4417 3.8189 2.4472, -1.4567 3.6614 2.6181, -1.4567 3.8189 2.6181, -1.4417 3.6614 2.789, -1.4417 3.8189 2.789, -1.3973 3.6614 2.9547, -1.3973 3.8189 2.9547, -1.3248 3.6614 3.1102, -1.3248 3.8189 3.1102, -1.2264 3.6614 3.2508, -1.2264 3.8189 3.2508, -1.1051 3.6614 3.3721, -1.1051 3.8189 3.3721, -0.9646 3.6614 3.4705, -0.9646 3.8189 3.4705, -0.8091 3.6614 3.543, -0.8091 3.8189 3.543, -0.6433 3.6614 3.5874, -0.6433 3.8189 3.5874, -0.4724 3.6614 3.6024, -0.4724 3.8189 3.6024, -0.3015 3.6614 3.5874, -0.3015 3.8189 3.5874, -0.1358 3.6614 3.543, -0.1358 3.8189 3.543, 0.0197 3.6614 3.4705, 0.0197 3.8189 3.4705, 0.1602 3.6614 3.3721, 0.1602 3.8189 3.3721, 0.2815 3.6614 3.2508, 0.2815 3.8189 3.2508, 0.38 3.6614 3.1102, 0.38 3.8189 3.1102, 0.4525 3.6614 2.9547, 0.4525 3.8189 2.9547, 0.4969 3.6614 2.789, 0.4969 3.8189 2.789, 0.5118 3.6614 2.6181, 0.5118 3.8189 2.6181, 0.4969 3.6614 2.4472, 0.4969 3.8189 2.4472, 0.4525 3.6614 2.2815, 0.4525 3.8189 2.2815, 0.38 3.6614 2.126, 0.38 3.8189 2.126, 0.2815 3.6614 1.9854, 0.2815 3.8189 1.9854, 0.1602 3.6614 1.8641, 0.1602 3.8189 1.8641, 0.0197 3.6614 1.7657, 0.0197 3.8189 1.7657, -0.1358 3.6614 1.6932, -0.1358 3.8189 1.6932, -0.3015 3.6614 1.6488, -0.3015 3.8189 1.6488
            ]
        }
        coordIndex [
            0,1,2,-1,2,1,3,-1,2,3,4,-1,4,3,5,-1,4,5,6,-1,6,5,7,-1,6,7,8,-1,8,7,9,-1,8,9,10,-1,10,9,11,-1,10,11,12,-1,12,11,13,-1,12,13,14,-1,14,13,15,-1,14,15,16,-1,16,15,17,-1,16,17,18,-1,18,17,19,-1,18,19,20,-1,20,19,21,-1,20,21,22,-1,22,21,23,-1,22,23,24,-1,24,23,25,-1,24,25,26,-1,26,25,27,-1,26,27,28,-1,28,27,29,-1,28,29,30,-1,30,29,31,-1,30,31,32,-1,32,31,33,-1,32,33,34,-1,34,33,35,-1,34,35,36,-1,36,35,37,-1,36,37,38,-1,38,37,39,-1,38,39,40,-1,40,39,41,-1,40,41,42,-1,42,41,43,-1,42,43,44,-1,44,43,45,-1,44,45,46,-1,46,45,47,-1,46,47,48,-1,48,47,49,-1,48,49,50,-1,50,49,51,-1,50,51,52,-1,52,51,53,-1,52,53,54,-1,54,53,55,-1,54,55,56,-1,56,55,57,-1,56,57,58,-1,58,57,59,-1,58,59,60,-1,60,59,61,-1,60,61,62,-1,62,61,63,-1,62,63,64,-1,64,63,65,-1,64,65,66,-1,66,65,67,-1,66,67,68,-1,68,67,69,-1,68,69,70,-1,70,69,71,-1,70,71,0,-1,0,71,1,-1,
        ]
    }
}
Shape{
    appearance Appearance {
        material  Material 	{
            diffuseColor 0.6823529411764706 0.7647058823529411 0.5607843137254902
            specularColor 0.6823529411764706 0.7647058823529411 0.5607843137254902
            ambientIntensity 0.7168
            transparency 0.0
            shininess 0.5
        }
    }
    geometry IndexedFaceSet {
        ccw TRUE
        solid FALSE
        coord DEF co Coordinate {
            point [
                -0.7527 3.6614 1.9887, -0.9646 3.6614 1.7657, -0.8774 3.6614 2.0607, -1.1051 3.6614 1.8641, -0.9844 3.6614 2.1571, -1.2264 3.6614 1.9854, -1.0691 3.6614 2.2736, -1.3248 3.6614 2.126, -1.1277 3.6614 2.4052, -1.3973 3.6614 2.2815, -1.1576 3.6614 2.5461, -0.8774 3.6614 3.1755, -0.9646 3.6614 3.4705, -0.7527 3.6614 3.2475, -0.8091 3.6614 3.543, -0.6157 3.6614 3.292, -0.6433 3.6614 3.5874, -0.4724 3.6614 3.3071, -0.4724 3.6614 3.6024, -0.3292 3.6614 3.292, -0.3015 3.6614 3.5874, -0.1922 3.6614 3.2475, 0.2128 3.6614 2.6901, 0.5118 3.6614 2.6181, 0.2128 3.6614 2.5461, 0.4969 3.6614 2.4472, 0.1828 3.6614 2.4052, 0.4525 3.6614 2.2815, 0.1242 3.6614 2.2736, 0.38 3.6614 2.126, 0.0396 3.6614 2.1571, 0.2815 3.6614 1.9854, -0.0675 3.6614 2.0607, -0.1358 3.6614 3.543, 0.0197 3.6614 3.4705, -0.0675 3.6614 3.1755, 0.1602 3.6614 3.3721, 0.0396 3.6614 3.0791, 0.2815 3.6614 3.2508, 0.1242 3.6614 2.9626, 0.38 3.6614 3.1102, 0.1828 3.6614 2.831, 0.4525 3.6614 2.9547, 0.4969 3.6614 2.789, 0.1602 3.6614 1.8641, 0.0197 3.6614 1.7657, -0.1922 3.6614 1.9887, -0.1358 3.6614 1.6932, -0.3292 3.6614 1.9442, -0.3015 3.6614 1.6488, -0.4724 3.6614 1.9291, -0.4724 3.6614 1.6339, -0.6157 3.6614 1.9442, -0.6433 3.6614 1.6488, -0.8091 3.6614 1.6932, -1.4417 3.6614 2.4472, -1.4567 3.6614 2.6181, -1.1576 3.6614 2.6901, -1.4417 3.6614 2.789, -1.1277 3.6614 2.831, -1.3973 3.6614 2.9547, -1.0691 3.6614 2.9626, -1.3248 3.6614 3.1102, -0.9844 3.6614 3.0791, -1.2264 3.6614 3.2508, -1.1051 3.6614 3.3721
            ]
        }
        coordIndex [
            0,1,2,-1,2,1,3,-1,2,3,4,-1,4,3,5,-1,4,5,6,-1,6,5,7,-1,6,7,8,-1,8,7,9,-1,8,9,10,-1,11,12,13,-1,13,12,14,-1,13,14,15,-1,15,14,16,-1,15,16,17,-1,17,16,18,-1,17,18,19,-1,19,18,20,-1,19,20,21,-1,22,23,24,-1,24,23,25,-1,24,25,26,-1,26,25,27,-1,26,27,28,-1,28,27,29,-1,28,29,30,-1,30,29,31,-1,30,31,32,-1,20,33,21,-1,21,33,34,-1,21,34,35,-1,35,34,36,-1,35,36,37,-1,37,36,38,-1,37,38,39,-1,39,38,40,-1,39,40,41,-1,41,40,42,-1,41,42,22,-1,22,42,43,-1,22,43,23,-1,31,44,32,-1,32,44,45,-1,32,45,46,-1,46,45,47,-1,46,47,48,-1,48,47,49,-1,48,49,50,-1,50,49,51,-1,50,51,52,-1,52,51,53,-1,52,53,0,-1,0,53,54,-1,0,54,1,-1,9,55,10,-1,10,55,56,-1,10,56,57,-1,57,56,58,-1,57,58,59,-1,59,58,60,-1,59,60,61,-1,61,60,62,-1,61,62,63,-1,63,62,64,-1,63,64,11,-1,11,64,65,-1,11,65,12,-1,
        ]
    }
}
Shape{
    appearance Appearance {
        material  Material 	{
            diffuseColor 0.2549019607843137 0.2549019607843137 0.2549019607843137
            specularColor 0.2549019607843137 0.2549019607843137 0.2549019607843137
            ambientIntensity 0.2549
            transparency 0.0
            shininess 0.5
        }
    }
    geometry IndexedFaceSet {
        ccw TRUE
        solid FALSE
        coord DEF co Coordinate {
            point [
                -0.4724 3.6614 3.3071, -0.4724 3.8189 3.3071, -0.6157 3.8189 3.292, -0.6157 3.6614 3.292, -0.7527 3.8189 3.2475, -0.7527 3.6614 3.2475, -0.8774 3.8189 3.1755, -0.8774 3.6614 3.1755, -0.9844 3.8189 3.0791, -0.9844 3.6614 3.0791, -1.0691 3.8189 2.9626, -1.0691 3.6614 2.9626, -1.1277 3.8189 2.831, -1.1277 3.6614 2.831, -1.1576 3.8189 2.6901, -1.1576 3.6614 2.6901, -1.1576 3.8189 2.5461, -1.1576 3.6614 2.5461, -1.1277 3.8189 2.4052, -1.1277 3.6614 2.4052, -1.0691 3.8189 2.2736, -1.0691 3.6614 2.2736, -0.9844 3.8189 2.1571, -0.9844 3.6614 2.1571, -0.8774 3.8189 2.0607, -0.8774 3.6614 2.0607, -0.7527 3.8189 1.9887, -0.7527 3.6614 1.9887, -0.6157 3.8189 1.9442, -0.6157 3.6614 1.9442, -0.4724 3.8189 1.9291, -0.4724 3.6614 1.9291, -0.3292 3.8189 1.9442, -0.3292 3.6614 1.9442, -0.1922 3.8189 1.9887, -0.1922 3.6614 1.9887, -0.0675 3.8189 2.0607, -0.0675 3.6614 2.0607, 0.0396 3.8189 2.1571, 0.0396 3.6614 2.1571, 0.1242 3.8189 2.2736, 0.1242 3.6614 2.2736, 0.1828 3.8189 2.4052, 0.1828 3.6614 2.4052, 0.2128 3.8189 2.5461, 0.2128 3.6614 2.5461, 0.2128 3.8189 2.6901, 0.2128 3.6614 2.6901, 0.1828 3.8189 2.831, 0.1828 3.6614 2.831, 0.1242 3.8189 2.9626, 0.1242 3.6614 2.9626, 0.0396 3.8189 3.0791, 0.0396 3.6614 3.0791, -0.0675 3.8189 3.1755, -0.0675 3.6614 3.1755, -0.1922 3.8189 3.2475, -0.1922 3.6614 3.2475, -0.3292 3.8189 3.292, -0.3292 3.6614 3.292, -0.2672 3.8189 2.9315, -0.6777 3.8189 2.3048, -0.6777 3.8189 3.2053, -0.2672 3.8189 3.2053, -0.6777 3.8189 2.9315, -0.2672 3.8189 2.3048, -0.6777 3.8189 2.0309, -0.2672 3.8189 2.0309, -0.6777 3.7402 2.3048, -0.6777 3.7402 2.9315, -0.2672 3.7402 2.3048, -0.6777 4.1339 2.3048, -0.2672 4.1339 2.3048, -0.2672 4.1339 2.1884, -0.2672 3.9764 2.0309, -0.6777 4.1339 2.9315, -0.6777 4.1339 3.0478, -0.2672 4.1339 2.9315, -0.2672 4.1339 3.0478, -0.6777 4.1339 2.1884, -0.6777 3.9764 3.2053, -0.2672 3.9764 3.2053, -0.2672 3.7402 2.9315, -0.6777 3.9764 2.0309
            ]
        }
        coordIndex [
            0,1,2,-1,0,2,3,-1,3,2,4,-1,3,4,5,-1,5,4,6,-1,5,6,7,-1,7,6,8,-1,7,8,9,-1,9,8,10,-1,9,10,11,-1,11,10,12,-1,11,12,13,-1,13,12,14,-1,13,14,15,-1,15,14,16,-1,15,16,17,-1,17,16,18,-1,17,18,19,-1,19,18,20,-1,19,20,21,-1,21,20,22,-1,21,22,23,-1,23,22,24,-1,23,24,25,-1,25,24,26,-1,25,26,27,-1,27,26,28,-1,27,28,29,-1,29,28,30,-1,29,30,31,-1,31,30,32,-1,31,32,33,-1,33,32,34,-1,33,34,35,-1,35,34,36,-1,35,36,37,-1,37,36,38,-1,37,38,39,-1,39,38,40,-1,39,40,41,-1,41,40,42,-1,41,42,43,-1,43,42,44,-1,43,44,45,-1,45,44,46,-1,45,46,47,-1,47,46,48,-1,47,48,49,-1,49,48,50,-1,49,50,51,-1,51,50,52,-1,51,52,53,-1,53,52,54,-1,53,54,55,-1,55,54,56,-1,55,56,57,-1,57,56,58,-1,57,58,59,-1,59,58,1,-1,59,1,0,-1,52,50,60,-1,22,20,61,-1,2,1,62,-1,62,1,63,-1,12,10,64,-1,42,40,65,-1,30,66,32,-1,32,66,67,-1,10,8,64,-1,64,8,6,-1,64,6,62,-1,62,6,4,-1,62,4,2,-1,30,28,66,-1,66,28,26,-1,66,26,61,-1,61,26,24,-1,61,24,22,-1,40,38,65,-1,65,38,36,-1,65,36,67,-1,67,36,34,-1,67,34,32,-1,1,58,63,-1,63,58,56,-1,63,56,60,-1,60,56,54,-1,60,54,52,-1,20,18,61,-1,61,18,16,-1,61,16,64,-1,64,16,14,-1,64,14,12,-1,50,48,60,-1,60,48,46,-1,60,46,65,-1,65,46,44,-1,65,44,42,-1,68,61,69,-1,69,61,64,-1,68,70,61,-1,61,70,65,-1,61,65,71,-1,71,65,72,-1,73,72,74,-1,74,72,65,-1,74,65,67,-1,75,76,77,-1,77,76,78,-1,72,73,71,-1,71,73,79,-1,80,81,76,-1,76,81,78,-1,77,78,60,-1,60,78,81,-1,60,81,63,-1,63,81,62,-1,62,81,80,-1,76,75,80,-1,80,75,64,-1,80,64,62,-1,82,69,60,-1,60,69,64,-1,60,64,77,-1,77,64,75,-1,70,68,82,-1,82,68,69,-1,82,60,70,-1,70,60,65,-1,74,83,73,-1,73,83,79,-1,71,79,61,-1,61,79,83,-1,61,83,66,-1,66,83,67,-1,67,83,74,-1,
        ]
    }
}
Shape{
    appearance Appearance {
        material  Material 	{
            diffuseColor 0.2235294117647059 0.2235294117647059 0.2235294117647059
            specularColor 0.2235294117647059 0.2235294117647059 0.2235294117647059
            ambientIntensity 0.2235
            transparency 0.0
            shininess 0.5
        }
    }
    geometry IndexedFaceSet {
        ccw TRUE
        solid FALSE
        coord DEF co Coordinate {
            point [
                1.3976 2.9035 3.3109, 1.3976 2.9035 1.9254, 1.3976 3.4153 3.3109, 1.3976 3.4153 1.9254, 1.3976 3.8189 1.2205, 1.3976 3.8189 3.5039, 1.3976 3.4153 3.429, 1.3976 2.9035 3.5039, 1.3976 2.9035 3.429, 1.3976 2.9035 1.1024, 1.3976 3.376 1.1024, 1.3976 2.9035 1.8072, 1.3976 3.4153 1.8072, 1.3976 3.376 0.3543, 1.3976 3.8189 0.3543, 1.2795 2.9035 1.8072, 1.2795 3.4153 1.8072, 1.2795 3.4153 1.9254, 1.2795 2.9035 1.9254, 1.2795 3.4153 3.429, 1.2795 2.9035 3.429, 1.2795 3.4153 3.3109, 1.2795 2.9035 3.3109
            ]
        }
        coordIndex [
            0,1,2,-1,2,1,3,-1,3,4,2,-1,2,4,5,-1,2,5,6,-1,6,5,7,-1,6,7,8,-1,9,10,11,-1,11,10,12,-1,13,14,10,-1,10,14,4,-1,10,4,12,-1,12,4,3,-1,15,11,16,-1,16,11,12,-1,17,18,16,-1,16,18,15,-1,19,20,21,-1,21,20,22,-1,17,3,18,-1,18,3,1,-1,
        ]
    }
}
Shape{
    appearance Appearance {
        material  Material 	{
            diffuseColor 1.0 0.6901960784313725 0.3568627450980392
            specularColor 1.0 0.6901960784313725 0.3568627450980392
            ambientIntensity 0.7448
            transparency 0.0
            shininess 0.5
        }
    }
    geometry IndexedFaceSet {
        ccw TRUE
        solid FALSE
        coord DEF co Coordinate {
            point [
                1.2795 3.4153 1.8072, 1.3976 3.4153 1.8072, 1.2795 3.4153 1.9254, 1.3976 3.4153 1.9254
            ]
        }
        coordIndex [
            0,1,2,-1,2,1,3,-1,
        ]
    }
}
Shape{
    appearance Appearance {
        material  Material 	{
            diffuseColor 0.2235294117647059 0.2235294117647059 0.2235294117647059
            specularColor 0.2235294117647059 0.2235294117647059 0.2235294117647059
            ambientIntensity 0.2235
            transparency 0.0
            shininess 0.5
        }
    }
    geometry IndexedFaceSet {
        ccw TRUE
        solid FALSE
        coord DEF co Coordinate {
            point [
                1.2795 3.4153 3.429, 1.3976 3.4153 3.429, 1.2795 2.9035 3.429, 1.3976 2.9035 3.429
            ]
        }
        coordIndex [
            0,1,2,-1,2,1,3,-1,
        ]
    }
}
Shape{
    appearance Appearance {
        material  Material 	{
            diffuseColor 1.0 0.6901960784313725 0.3568627450980392
            specularColor 1.0 0.6901960784313725 0.3568627450980392
            ambientIntensity 0.7448
            transparency 0.0
            shininess 0.5
        }
    }
    geometry IndexedFaceSet {
        ccw TRUE
        solid FALSE
        coord DEF co Coordinate {
            point [
                1.2795 3.4153 3.3109, 1.3976 3.4153 3.3109, 1.2795 3.4153 3.429, 1.3976 3.4153 3.429
            ]
        }
        coordIndex [
            0,1,2,-1,2,1,3,-1,
        ]
    }
}
Shape{
    appearance Appearance {
        material  Material 	{
            diffuseColor 0.2235294117647059 0.2235294117647059 0.2235294117647059
            specularColor 0.2235294117647059 0.2235294117647059 0.2235294117647059
            ambientIntensity 0.2235
            transparency 0.0
            shininess 0.5
        }
    }
    geometry IndexedFaceSet {
        ccw TRUE
        solid FALSE
        coord DEF co Coordinate {
            point [
                1.2795 2.9035 3.3109, 1.3976 2.9035 3.3109, 1.2795 3.4153 3.3109, 1.3976 3.4153 3.3109, 0.374 3.8189 4.5276, 0.374 2.9035 4.5276, 0.5518 2.9035 4.512, 0.5518 3.8189 4.512, 0.7241 2.9035 4.4658, 0.7241 3.8189 4.4658, 0.8858 2.9035 4.3904, 0.8858 3.8189 4.3904, 1.032 2.9035 4.2881, 1.032 3.8189 4.2881, 1.1582 2.9035 4.1619, 1.1582 3.8189 4.1619, 1.2605 2.9035 4.0157, 1.2605 3.8189 4.0157, 1.3359 2.9035 3.854, 1.3359 3.8189 3.854, 1.3821 2.9035 3.6817, 1.3821 3.8189 3.6817, 1.3976 2.9035 3.5039, 1.3976 3.8189 3.5039, -1.3189 2.9035 4.5276, -1.3189 3.8189 4.5276, 3.0315 2.185 0.3543, 2.5886 2.185 0.3543, 3.0315 2.185 1.2205, 2.5886 2.185 1.1024, 2.1161 2.185 1.1024, 2.1161 2.185 1.8072, 2.628 2.185 1.8072, 2.628 2.185 1.9254, 3.0315 2.185 3.5039, 2.1161 2.185 3.429, 2.1161 2.185 3.5039, 2.628 2.185 3.429, 2.628 2.185 3.3109, 2.1161 2.185 3.3109, 2.1161 2.185 1.9254, 3.2284 1.9882 0.3543, 3.2284 1.9882 1.2205, 3.0315 -1.0827 1.2205, 3.0315 -1.5551 1.2205, 3.2284 -1.3583 1.2205, 3.0315 1.7126 1.2205, 3.0315 -0.0787 1.2205, 2.874 -0.0787 1.2205, 2.874 -1.0827 1.2205, 3.0315 0.7087 1.2205, 2.874 0.7087 1.2205, 2.874 1.7126 1.2205, 3.0315 -1.5551 0.3543, 3.2284 -1.3583 0.3543, 3.0138 0.4724 0.3543, 2.9154 1.1417 0.3543, 3.0138 1.1417 0.3543, 3.0138 -0.5118 0.3543, 2.9154 -0.5118 0.3543, 2.9154 0.1575 0.3543, 3.0138 0.1575 0.3543, 3.0138 -0.8268 0.3543, 2.9154 -0.8268 0.3543, 2.5886 -1.5551 0.3543, 2.9154 0.4724 0.3543, 2.9154 1.4567 0.3543, 3.0138 1.4567 0.3543
            ]
        }
        coordIndex [
            0,1,2,-1,2,1,3,-1,4,5,6,-1,4,6,7,-1,7,6,8,-1,7,8,9,-1,9,8,10,-1,9,10,11,-1,11,10,12,-1,11,12,13,-1,13,12,14,-1,13,14,15,-1,15,14,16,-1,15,16,17,-1,17,16,18,-1,17,18,19,-1,19,18,20,-1,19,20,21,-1,21,20,22,-1,21,22,23,-1,24,5,25,-1,25,5,4,-1,26,27,28,-1,28,27,29,-1,30,31,29,-1,29,31,32,-1,29,32,28,-1,28,32,33,-1,28,33,34,-1,35,36,37,-1,37,36,34,-1,37,34,38,-1,38,34,33,-1,38,33,39,-1,39,33,40,-1,26,28,41,-1,41,28,42,-1,43,44,45,-1,45,42,46,-1,46,42,28,-1,47,48,49,-1,49,43,47,-1,47,43,45,-1,47,45,50,-1,50,45,46,-1,50,46,51,-1,51,46,52,-1,44,53,45,-1,45,53,54,-1,55,56,57,-1,58,59,60,-1,60,61,58,-1,58,61,54,-1,58,54,62,-1,62,54,53,-1,62,53,63,-1,63,53,64,-1,63,64,59,-1,59,64,27,-1,59,27,60,-1,60,27,65,-1,55,65,56,-1,56,65,27,-1,56,27,66,-1,66,27,26,-1,66,26,67,-1,67,26,41,-1,67,41,57,-1,57,41,54,-1,57,54,55,-1,55,54,61,-1,
        ]
    }
}
Shape{
    appearance Appearance {
        material  Material 	{
            diffuseColor 0.8117647058823529 0.8117647058823529 0.8117647058823529
            specularColor 0.8117647058823529 0.8117647058823529 0.8117647058823529
            ambientIntensity 0.8118
            transparency 0.0
            shininess 0.5
        }
    }
    geometry IndexedFaceSet {
        ccw TRUE
        solid FALSE
        coord DEF co Coordinate {
            point [
                3.0138 1.4567 0.3543, 3.0138 1.1417 0.3543, 3.0138 1.4567 -0.7087, 3.0138 1.1417 -0.7087, 3.0138 1.4513 -0.7494, 3.0138 1.4356 -0.7874, 3.0138 1.1471 -0.7494, 3.0138 1.2205 -0.845, 3.0138 1.1628 -0.7874, 3.0138 1.1879 -0.82, 3.0138 1.2584 -0.8608, 3.0138 1.2992 -0.8661, 3.0138 1.34 -0.8608, 3.0138 1.3779 -0.845, 3.0138 1.4106 -0.82, 2.9154 1.4567 -0.7087, 2.9154 1.4513 -0.7494, 2.9154 1.4356 -0.7874, 2.9154 1.4106 -0.82, 2.9154 1.3779 -0.845, 2.9154 1.34 -0.8608, 2.9154 1.2992 -0.8661, 2.9154 1.2584 -0.8608, 2.9154 1.2205 -0.845, 2.9154 1.1879 -0.82, 2.9154 1.1628 -0.7874, 2.9154 1.1471 -0.7494, 2.9154 1.1417 -0.7087, 2.9154 1.4567 0.3543, 2.9154 1.1417 0.3543, 3.0138 0.4671 -0.7494, 3.0138 0.4724 -0.7087, 3.0138 0.315 -0.8661, 3.0138 0.4724 0.3543, 3.0138 0.1575 0.3543, 3.0138 0.2742 -0.8608, 3.0138 0.3557 -0.8608, 3.0138 0.3937 -0.845, 3.0138 0.4263 -0.82, 3.0138 0.1575 -0.7087, 3.0138 0.1628 -0.7494, 3.0138 0.1786 -0.7874, 3.0138 0.4513 -0.7874, 3.0138 0.2036 -0.82, 3.0138 0.2362 -0.845, 2.9154 0.4724 -0.7087, 2.9154 0.4671 -0.7494, 2.9154 0.4513 -0.7874, 2.9154 0.4263 -0.82, 2.9154 0.3937 -0.845, 2.9154 0.3557 -0.8608, 2.9154 0.315 -0.8661, 2.9154 0.2742 -0.8608, 2.9154 0.2362 -0.845, 2.9154 0.2036 -0.82, 2.9154 0.1786 -0.7874, 2.9154 0.1628 -0.7494, 2.9154 0.1575 -0.7087, 2.9154 0.4724 0.3543, 2.9154 0.1575 0.3543, 2.9154 -0.8268 0.3543, 2.9154 -0.8268 -0.7087, 3.0138 -0.8268 0.3543, 3.0138 -0.8268 -0.7087, 2.9154 -0.8214 -0.7494, 3.0138 -0.8214 -0.7494, 2.9154 -0.8057 -0.7874, 3.0138 -0.8057 -0.7874, 2.9154 -0.7807 -0.82, 3.0138 -0.7807 -0.82, 2.9154 -0.748 -0.845, 3.0138 -0.748 -0.845, 2.9154 -0.7101 -0.8608, 3.0138 -0.7101 -0.8608, 2.9154 -0.6693 -0.8661, 3.0138 -0.6693 -0.8661, 2.9154 -0.6285 -0.8608, 3.0138 -0.6285 -0.8608, 2.9154 -0.5906 -0.845, 3.0138 -0.5906 -0.845, 2.9154 -0.5579 -0.82, 3.0138 -0.5579 -0.82, 2.9154 -0.5329 -0.7874, 3.0138 -0.5329 -0.7874, 2.9154 -0.5172 -0.7494, 3.0138 -0.5172 -0.7494, 2.9154 -0.5118 -0.7087, 3.0138 -0.5118 -0.7087, 2.9154 -0.5118 0.3543, 3.0138 -0.5118 0.3543
            ]
        }
        coordIndex [
            0,1,2,-1,2,1,3,-1,2,3,4,-1,4,3,5,-1,3,6,7,-1,7,6,8,-1,7,8,9,-1,7,10,3,-1,3,10,11,-1,3,11,12,-1,12,13,3,-1,3,13,14,-1,3,14,5,-1,15,2,4,-1,15,4,16,-1,16,4,5,-1,16,5,17,-1,17,5,14,-1,17,14,18,-1,18,14,13,-1,18,13,19,-1,19,13,12,-1,19,12,20,-1,20,12,11,-1,20,11,21,-1,21,11,10,-1,21,10,22,-1,22,10,7,-1,22,7,23,-1,23,7,9,-1,23,9,24,-1,24,9,8,-1,24,8,25,-1,25,8,6,-1,25,6,26,-1,26,6,3,-1,26,3,27,-1,0,2,28,-1,28,2,15,-1,29,28,27,-1,27,28,15,-1,15,16,27,-1,27,16,17,-1,27,17,18,-1,23,24,25,-1,21,22,27,-1,27,22,23,-1,27,23,26,-1,26,23,25,-1,18,19,27,-1,27,19,20,-1,27,20,21,-1,29,27,1,-1,1,27,3,-1,30,31,32,-1,31,33,34,-1,32,31,35,-1,36,37,38,-1,34,39,31,-1,31,39,40,-1,31,40,41,-1,36,38,32,-1,32,38,42,-1,32,42,30,-1,41,43,31,-1,31,43,44,-1,31,44,35,-1,45,31,30,-1,45,30,46,-1,46,30,42,-1,46,42,47,-1,47,42,38,-1,47,38,48,-1,48,38,37,-1,48,37,49,-1,49,37,36,-1,49,36,50,-1,50,36,32,-1,50,32,51,-1,51,32,35,-1,51,35,52,-1,52,35,44,-1,52,44,53,-1,53,44,43,-1,53,43,54,-1,54,43,41,-1,54,41,55,-1,55,41,40,-1,55,40,56,-1,56,40,39,-1,56,39,57,-1,33,31,58,-1,58,31,45,-1,59,58,57,-1,57,58,45,-1,53,57,52,-1,52,57,51,-1,45,46,57,-1,57,46,47,-1,57,47,48,-1,48,49,57,-1,57,49,50,-1,57,50,51,-1,54,55,53,-1,53,55,56,-1,53,56,57,-1,59,57,34,-1,34,57,39,-1,60,61,62,-1,62,61,63,-1,63,61,64,-1,63,64,65,-1,65,64,66,-1,65,66,67,-1,67,66,68,-1,67,68,69,-1,69,68,70,-1,69,70,71,-1,71,70,72,-1,71,72,73,-1,73,72,74,-1,73,74,75,-1,75,74,76,-1,75,76,77,-1,77,76,78,-1,77,78,79,-1,79,78,80,-1,79,80,81,-1,81,80,82,-1,81,82,83,-1,83,82,84,-1,83,84,85,-1,85,84,86,-1,85,86,87,-1,60,88,61,-1,61,88,86,-1,61,86,64,-1,64,86,66,-1,86,84,78,-1,78,84,82,-1,78,82,80,-1,78,76,86,-1,86,76,74,-1,86,74,72,-1,72,70,86,-1,86,70,68,-1,86,68,66,-1,89,87,88,-1,88,87,86,-1,89,62,87,-1,87,62,63,-1,63,65,87,-1,87,65,67,-1,87,67,69,-1,79,81,83,-1,75,77,87,-1,87,77,79,-1,87,79,85,-1,85,79,83,-1,69,71,87,-1,87,71,73,-1,87,73,75,-1,
        ]
    }
}
Shape{
    appearance Appearance {
        material  Material 	{
            diffuseColor 0.2235294117647059 0.2235294117647059 0.2235294117647059
            specularColor 0.2235294117647059 0.2235294117647059 0.2235294117647059
            ambientIntensity 0.2235
            transparency 0.0
            shininess 0.5
        }
    }
    geometry IndexedFaceSet {
        ccw TRUE
        solid FALSE
        coord DEF co Coordinate {
            point [
                3.2284 0.2389 0.4981, 3.2284 -1.3583 0.3543, 3.2284 0.315 0.4881, 3.2284 1.9882 0.3543, 3.2284 0.168 0.5275, 3.2284 0.1072 0.5742, 3.2284 0.0604 0.6351, 3.2284 0.0311 0.8581, 3.2284 -1.3583 1.2205, 3.2284 0.0211 0.782, 3.2284 0.0311 0.7059, 3.2284 0.0604 0.9289, 3.2284 0.1072 0.9898, 3.2284 0.168 1.0365, 3.2284 1.9882 1.2205, 3.2284 0.4619 1.0365, 3.2284 0.5228 0.9898, 3.2284 0.2389 1.0659, 3.2284 0.315 1.0759, 3.2284 0.391 1.0659, 3.2284 0.5988 0.7059, 3.2284 0.5695 0.6351, 3.2284 0.5228 0.5742, 3.2284 0.5695 0.9289, 3.2284 0.5988 0.8581, 3.2284 0.6088 0.782, 3.2284 0.4619 0.5275, 3.2284 0.391 0.4981, 3.1496 0.315 0.4881, 3.1496 0.391 0.4981, 3.1496 0.4619 0.5275, 3.1496 0.5228 0.5742, 3.1496 0.5695 0.6351, 3.1496 0.5988 0.7059, 3.1496 0.6088 0.782, 3.1496 0.5988 0.8581, 3.1496 0.5695 0.9289, 3.1496 0.5228 0.9898, 3.1496 0.4619 1.0365, 3.1496 0.391 1.0659, 3.1496 0.315 1.0759, 3.1496 0.2389 1.0659, 3.1496 0.168 1.0365, 3.1496 0.1072 0.9898, 3.1496 0.0604 0.9289, 3.1496 0.0311 0.8581, 3.1496 0.0211 0.782, 3.1496 0.0311 0.7059, 3.1496 0.0604 0.6351, 3.1496 0.1072 0.5742, 3.1496 0.168 0.5275, 3.1496 0.2389 0.4981, 2.5886 -1.5551 1.1024, 2.5886 2.185 1.1024, 2.5886 -1.5551 0.3543, 2.5886 2.185 0.3543, 2.1161 -1.5551 1.1024, 2.1161 2.185 1.1024
            ]
        }
        coordIndex [
            0,1,2,-1,2,1,3,-1,0,4,1,-1,1,4,5,-1,1,5,6,-1,7,8,9,-1,9,8,1,-1,9,1,10,-1,10,1,6,-1,7,11,8,-1,8,11,12,-1,8,12,13,-1,14,15,16,-1,13,17,8,-1,8,17,18,-1,8,18,14,-1,14,18,19,-1,14,19,15,-1,20,21,3,-1,3,21,22,-1,16,23,14,-1,14,23,24,-1,14,24,3,-1,3,24,25,-1,3,25,20,-1,22,26,3,-1,3,26,27,-1,3,27,2,-1,28,2,29,-1,29,2,27,-1,29,27,30,-1,30,27,26,-1,30,26,31,-1,31,26,22,-1,31,22,32,-1,32,22,21,-1,32,21,33,-1,33,21,20,-1,33,20,34,-1,34,20,25,-1,34,25,35,-1,35,25,24,-1,35,24,36,-1,36,24,23,-1,36,23,37,-1,37,23,16,-1,37,16,38,-1,38,16,15,-1,38,15,39,-1,39,15,19,-1,39,19,40,-1,40,19,18,-1,40,18,41,-1,41,18,17,-1,41,17,42,-1,42,17,13,-1,42,13,43,-1,43,13,12,-1,43,12,44,-1,44,12,11,-1,44,11,45,-1,45,11,7,-1,45,7,46,-1,46,7,9,-1,46,9,47,-1,47,9,10,-1,47,10,48,-1,48,10,6,-1,48,6,49,-1,49,6,5,-1,49,5,50,-1,50,5,4,-1,50,4,51,-1,51,4,0,-1,51,0,28,-1,28,0,2,-1,28,29,47,-1,40,41,35,-1,35,41,34,-1,29,30,41,-1,41,30,31,-1,41,42,29,-1,29,42,43,-1,29,43,44,-1,47,48,49,-1,31,32,41,-1,41,32,33,-1,41,33,34,-1,35,36,37,-1,49,50,47,-1,47,50,51,-1,47,51,28,-1,37,38,35,-1,35,38,39,-1,35,39,40,-1,44,45,29,-1,29,45,46,-1,29,46,47,-1,52,53,54,-1,54,53,55,-1,56,57,52,-1,52,57,53,-1,
        ]
    }
}
Shape{
    appearance Appearance {
        material  Material 	{
            diffuseColor 1.0 0.6901960784313725 0.3568627450980392
            specularColor 1.0 0.6901960784313725 0.3568627450980392
            ambientIntensity 0.7448
            transparency 0.0
            shininess 0.5
        }
    }
    geometry IndexedFaceSet {
        ccw TRUE
        solid FALSE
        coord DEF co Coordinate {
            point [
                2.1161 2.185 1.1024, 2.1161 -1.5551 1.1024, 2.1161 -1.437 1.8072, 2.1161 -1.5551 1.8072, 2.1161 2.185 3.5039, 2.1161 2.185 3.429, 2.1161 2.0669 3.429, 2.1161 -1.5551 1.9254, 2.1161 -1.5551 3.3109, 2.1161 -1.437 1.9254, 2.1161 -1.437 3.3109, 2.1161 -1.437 3.429, 2.1161 -1.5551 3.429, 2.1161 -1.5551 3.5039, 2.1161 -0.5315 4.5276, 2.1161 1.1614 4.5276, 2.1161 2.0669 3.3109, 2.1161 2.1233 3.854, 2.1161 1.5115 4.4658, 2.1161 1.6732 4.3904, 2.1161 2.1695 3.6817, 2.1161 1.3392 4.512, 2.1161 2.185 1.8072, 2.1161 2.0669 1.8072, 2.1161 2.0669 1.9254, 2.1161 2.185 1.9254, 2.1161 2.185 3.3109, 2.1161 -1.5396 3.6817, 2.1161 -1.4934 3.854, 2.1161 -1.418 4.0157, 2.1161 -1.3156 4.1619, 2.1161 -1.1895 4.2881, 2.1161 -1.0433 4.3904, 2.1161 1.8194 4.2881, 2.1161 1.9456 4.1619, 2.1161 2.0479 4.0157, 2.1161 -0.8816 4.4658, 2.1161 -0.7093 4.512
            ]
        }
        coordIndex [
            0,1,2,-1,2,1,3,-1,4,5,6,-1,7,8,9,-1,9,8,10,-1,11,12,13,-1,11,14,10,-1,10,14,15,-1,10,15,9,-1,9,15,6,-1,9,6,2,-1,2,6,16,-1,17,18,19,-1,4,6,20,-1,20,6,15,-1,20,15,17,-1,17,15,21,-1,17,21,18,-1,22,0,23,-1,23,0,2,-1,23,2,24,-1,24,2,16,-1,24,16,25,-1,25,16,26,-1,13,27,11,-1,11,27,28,-1,11,28,29,-1,29,30,11,-1,11,30,31,-1,11,31,32,-1,19,33,17,-1,17,33,34,-1,17,34,35,-1,32,36,11,-1,11,36,37,-1,11,37,14,-1,
        ]
    }
}
Shape{
    appearance Appearance {
        material  Material 	{
            diffuseColor 0.2235294117647059 0.2235294117647059 0.2235294117647059
            specularColor 0.2235294117647059 0.2235294117647059 0.2235294117647059
            ambientIntensity 0.2235
            transparency 0.0
            shininess 0.5
        }
    }
    geometry IndexedFaceSet {
        ccw TRUE
        solid FALSE
        coord DEF co Coordinate {
            point [
                2.628 2.0669 3.429, 2.628 2.0669 3.3109, 2.1161 2.0669 3.429, 2.1161 2.0669 3.3109, 2.628 2.0669 1.9254, 2.628 2.0669 1.8072, 2.1161 2.0669 1.9254, 2.1161 2.0669 1.8072, 2.1161 2.185 3.3109, 2.628 2.185 3.3109, 2.628 2.185 3.429, 2.1161 2.185 3.429, 2.1161 2.185 1.8072, 2.628 2.185 1.8072, 2.628 2.185 1.9254, 2.1161 2.185 1.9254, 2.1161 1.1614 4.5276, 3.0315 1.1614 4.5276, 3.0315 1.3392 4.512, 2.1161 1.3392 4.512, 3.0315 1.5115 4.4658, 2.1161 1.5115 4.4658, 3.0315 1.6732 4.3904, 2.1161 1.6732 4.3904, 3.0315 1.8194 4.2881, 2.1161 1.8194 4.2881, 3.0315 1.9456 4.1619, 2.1161 1.9456 4.1619, 3.0315 2.0479 4.0157, 2.1161 2.0479 4.0157, 3.0315 2.1233 3.854, 2.1161 2.1233 3.854, 3.0315 2.1695 3.6817, 2.1161 2.1695 3.6817, 3.0315 2.185 3.5039, 2.1161 2.185 3.5039, 3.0315 -1.1895 4.2881, 3.0315 -1.3156 4.1619, 3.0315 -1.0827 4.0157, 3.0315 1.7126 4.0157, 3.0315 -1.5551 1.2205, 3.0315 -1.0827 1.2205, 3.0315 -1.5551 3.5039, 3.0315 -1.0827 2.2244, 3.0315 -0.0787 4.0157, 3.0315 -0.5315 4.5276, 3.0315 -0.9025 2.2244, 3.0315 -0.9025 3.0118, 3.0315 -1.0827 3.0118, 3.0315 1.7126 1.2205, 3.0315 2.185 1.2205, 3.0315 1.7126 2.2244, 3.0315 1.7126 3.0118, 3.0315 1.5324 2.2244, 3.0315 1.5324 3.0118, 3.0315 0.7087 4.0157, 3.0315 0.7087 3.8356, 3.0315 -0.0787 3.8356, 3.0315 -0.439 1.9854, 3.0315 -0.5374 2.126, 3.0315 -0.8257 2.0383, 3.0315 -1.418 4.0157, 3.0315 -1.4934 3.854, 3.0315 -1.5396 3.6817, 3.0315 -0.7093 4.512, 3.0315 -0.8816 4.4658, 3.0315 -1.0433 4.3904, 3.0315 0.6516 1.6932, 3.0315 0.4859 1.6488, 3.0315 0.7087 1.4007, 3.0315 0.315 1.6339, 3.0315 0.7087 1.2205, 3.0315 -0.0787 1.4007, 3.0315 -0.0787 1.2205, 3.0315 0.8071 1.7657, 3.0315 0.8948 1.4775, 3.0315 0.9476 1.8641, 3.0315 -0.3177 3.3721, 3.0315 -0.1772 3.4705, 3.0315 -0.2649 3.7587, 3.0315 1.2992 2.6181, 3.0315 1.2843 2.4472, 3.0315 1.2398 2.2815, 3.0315 1.4556 2.0383, 3.0315 1.1673 2.126, 3.0315 1.3505 1.8665, 3.0315 1.0689 1.9854, 3.0315 1.2197 1.7133, 3.0315 1.0666 1.5826, 3.0315 1.0689 3.2508, 3.0315 1.1673 3.1102, 3.0315 1.4556 3.1979, 3.0315 -0.6099 2.2815, 3.0315 -0.6543 2.4472, 3.0315 -0.6693 2.6181, 3.0315 -0.7206 1.8665, 3.0315 -0.5898 1.7133, 3.0315 -0.3177 1.8641, 3.0315 -0.4367 1.5826, 3.0315 -0.1772 1.7657, 3.0315 -0.2649 1.4775, 3.0315 -0.0217 1.6932, 3.0315 0.144 1.6488, 3.0315 -0.0217 3.543, 3.0315 0.144 3.5874, 3.0315 0.315 3.6024, 3.0315 1.2398 2.9547, 3.0315 1.2843 2.789, 3.0315 1.3505 3.3697, 3.0315 1.2197 3.5229, 3.0315 0.9476 3.3721, 3.0315 1.0666 3.6536, 3.0315 0.8071 3.4705, 3.0315 0.8948 3.7587, 3.0315 0.6516 3.543, 3.0315 0.4859 3.5874, 3.0315 -0.6543 2.789, 3.0315 -0.6099 2.9547, 3.0315 -0.8257 3.1979, 3.0315 -0.5374 3.1102, 3.0315 -0.7206 3.3697, 3.0315 -0.439 3.2508, 3.0315 -0.5898 3.5229, 3.0315 -0.4367 3.6536, 2.874 1.7126 4.0157, 2.874 0.7087 4.0157, 2.874 1.7126 3.0118, 2.874 1.5324 3.0118, 2.874 0.7087 3.8356, 2.874 0.8948 3.7587, 2.874 1.0666 3.6536, 2.874 1.2197 3.5229, 2.874 1.3505 3.3697, 2.874 1.4556 3.1979
            ]
        }
        coordIndex [
            0,1,2,-1,2,1,3,-1,4,5,6,-1,6,5,7,-1,8,3,9,-1,9,3,1,-1,10,9,0,-1,0,9,1,-1,10,0,11,-1,11,0,2,-1,12,7,13,-1,13,7,5,-1,14,13,4,-1,4,13,5,-1,14,4,15,-1,15,4,6,-1,16,17,18,-1,16,18,19,-1,19,18,20,-1,19,20,21,-1,21,20,22,-1,21,22,23,-1,23,22,24,-1,23,24,25,-1,25,24,26,-1,25,26,27,-1,27,26,28,-1,27,28,29,-1,29,28,30,-1,29,30,31,-1,31,30,32,-1,31,32,33,-1,33,32,34,-1,33,34,35,-1,36,37,38,-1,28,26,39,-1,40,41,42,-1,42,41,43,-1,44,17,45,-1,46,47,43,-1,43,47,48,-1,43,48,42,-1,49,50,51,-1,51,50,52,-1,51,52,53,-1,53,52,54,-1,18,17,55,-1,55,17,44,-1,55,44,56,-1,56,44,57,-1,58,59,60,-1,37,61,38,-1,38,61,62,-1,38,62,48,-1,48,62,63,-1,48,63,42,-1,45,64,44,-1,44,64,65,-1,44,65,38,-1,38,65,66,-1,38,66,36,-1,67,68,69,-1,69,68,70,-1,69,70,71,-1,71,70,72,-1,71,72,73,-1,67,69,74,-1,74,69,75,-1,74,75,76,-1,77,78,79,-1,26,24,39,-1,39,24,22,-1,39,22,55,-1,55,22,20,-1,55,20,18,-1,50,34,52,-1,52,34,32,-1,52,32,39,-1,39,32,30,-1,39,30,28,-1,80,81,53,-1,53,81,82,-1,53,82,83,-1,83,82,84,-1,83,84,85,-1,85,84,86,-1,85,86,87,-1,87,86,76,-1,87,76,88,-1,88,76,75,-1,89,90,91,-1,60,59,46,-1,46,59,92,-1,46,92,47,-1,47,92,93,-1,47,93,94,-1,60,95,58,-1,58,95,96,-1,58,96,97,-1,97,96,98,-1,97,98,99,-1,99,98,100,-1,99,100,101,-1,101,100,72,-1,101,72,102,-1,102,72,70,-1,79,78,57,-1,57,78,103,-1,57,103,56,-1,56,103,104,-1,56,104,105,-1,91,90,54,-1,54,90,106,-1,54,106,53,-1,53,106,107,-1,53,107,80,-1,91,108,89,-1,89,108,109,-1,89,109,110,-1,110,109,111,-1,110,111,112,-1,112,111,113,-1,112,113,114,-1,114,113,56,-1,114,56,115,-1,115,56,105,-1,94,116,47,-1,47,116,117,-1,47,117,118,-1,118,117,119,-1,118,119,120,-1,120,119,121,-1,120,121,122,-1,122,121,77,-1,122,77,123,-1,123,77,79,-1,124,39,125,-1,125,39,55,-1,126,52,124,-1,124,52,39,-1,127,54,126,-1,126,54,52,-1,128,56,113,-1,128,113,129,-1,129,113,111,-1,129,111,130,-1,130,111,109,-1,130,109,131,-1,131,109,108,-1,131,108,132,-1,132,108,91,-1,132,91,133,-1,133,91,54,-1,133,54,127,-1,125,55,128,-1,128,55,56,-1,
        ]
    }
}
Shape{
    appearance Appearance {
        material  Material 	{
            diffuseColor 0.6823529411764706 0.7647058823529411 0.5607843137254902
            specularColor 0.6823529411764706 0.7647058823529411 0.5607843137254902
            ambientIntensity 0.7168
            transparency 0.0
            shininess 0.5
        }
    }
    geometry IndexedFaceSet {
        ccw TRUE
        solid FALSE
        coord DEF co Coordinate {
            point [
                2.874 1.0666 3.6536, 2.874 1.2197 3.5229, 2.874 1.2529 3.6988, 2.874 1.371 3.6988, 2.874 0.8948 3.7587, 2.874 1.2529 3.935, 2.874 0.7087 3.8356, 2.874 1.5324 3.0118, 2.874 1.7126 3.0118, 2.874 1.4556 3.1979, 2.874 1.3505 3.3697, 2.874 1.371 3.935, 2.874 1.7126 4.0157, 2.874 0.7087 4.0157, 2.874 1.3956 3.93, 2.874 1.4153 3.9149, 2.874 1.43 3.8948, 2.874 1.43 3.739, 2.874 1.4153 3.7189, 2.874 1.3956 3.7038, 2.874 1.435 3.8797, 2.874 1.435 3.8596, 2.874 1.43 3.8445, 2.874 1.435 3.7541, 2.874 1.435 3.7792, 2.874 1.43 3.7943, 2.874 1.4153 3.8144, 2.874 1.4153 3.8244, 2.874 1.4054 3.8194, 2.874 0.7087 1.4007, 2.874 0.7087 1.2205, 2.874 0.8948 1.4775, 2.874 1.7126 1.2205, 2.874 1.7126 2.2244, 2.874 1.5324 2.2244, 2.874 1.4556 2.0383, 2.874 1.3505 1.8665, 2.874 1.2197 1.7133, 2.874 1.0666 1.5826, 2.874 -1.0827 1.2205, 2.874 -0.0787 1.2205, 2.874 -0.0787 1.4007, 2.874 -0.2649 1.4775, 2.874 -0.4367 1.5826, 2.874 -0.5898 1.7133, 2.874 -0.9025 2.2244, 2.874 -1.0827 2.2244, 2.874 -0.8257 2.0383, 2.874 -0.7206 1.8665, 2.874 -0.7173 3.83, 2.874 -0.7119 3.8576, 2.874 -0.7714 3.8742, 2.874 -1.0827 4.0157, 2.874 -0.923 3.9129, 2.874 -0.8959 3.9295, 2.874 -0.7768 3.8908, 2.874 -0.6956 3.8963, 2.874 -0.7931 3.9129, 2.874 -0.6794 3.9129, 2.874 -0.9284 3.8134, 2.874 -0.8959 3.8355, 2.874 -0.9284 3.8244, 2.874 -0.923 3.8576, 2.874 -0.5898 3.5229, 2.874 -0.7877 3.6973, 2.874 -0.7206 3.3697, 2.874 -0.8147 3.6807, 2.874 -0.8257 3.1979, 2.874 -0.8418 3.6752, 2.874 -0.9025 3.0118, 2.874 -0.8689 3.6752, 2.874 -1.0827 3.0118, 2.874 -0.8959 3.6807, 2.874 -0.923 3.6973, 2.874 -0.8743 3.9074, 2.874 -0.8689 3.841, 2.874 -0.8418 3.9074, 2.874 -0.8418 3.841, 2.874 -0.8256 3.9018, 2.874 -0.8093 3.8908, 2.874 -0.7065 3.8742, 2.874 -0.5603 3.9129, 2.874 -0.5441 3.8963, 2.874 -0.0787 4.0157, 2.874 -0.8905 3.9018, 2.874 -0.9068 3.8908, 2.874 -0.9176 3.8742, 2.874 -0.9555 3.8244, 2.874 -0.9501 3.8631, 2.874 -0.9392 3.8908, 2.874 -0.8689 3.935, 2.874 -0.8472 3.935, 2.874 -0.8201 3.9295, 2.874 -0.6523 3.9295, 2.874 -0.6198 3.935, 2.874 -0.5874 3.9295, 2.874 -0.5874 3.6807, 2.874 -0.5603 3.6973, 2.874 -0.4367 3.6536, 2.874 -0.5441 3.7139, 2.874 -0.7985 3.8742, 2.874 -0.8147 3.8355, 2.874 -0.7877 3.8189, 2.874 -0.7714 3.8023, 2.874 -0.7173 3.7802, 2.874 -0.7606 3.7747, 2.874 -0.7119 3.7526, 2.874 -0.7606 3.747, 2.874 -0.7065 3.736, 2.874 -0.6198 3.6752, 2.874 -0.6523 3.6807, 2.874 -0.6794 3.6973, 2.874 -0.6956 3.7139, 2.874 -0.7714 3.7194, 2.874 -0.9392 3.7194, 2.874 -0.9501 3.747, 2.874 -0.9555 3.7857, 2.874 -0.5332 3.8742, 2.874 -0.5278 3.8576, 2.874 -0.0787 3.8356, 2.874 -0.5224 3.83, 2.874 -0.2649 3.7587, 2.874 -0.5224 3.7802, 2.874 -0.5278 3.7526, 2.874 -0.5332 3.736, 2.874 -0.8905 3.7083, 2.874 -0.8743 3.7028, 2.874 -0.9068 3.7968, 2.874 -0.8905 3.8078, 2.874 -0.8039 3.7968, 2.874 -0.8201 3.8078, 2.874 -0.923 3.7691, 2.874 -0.923 3.7526, 2.874 -0.9176 3.736, 2.874 -0.8039 3.7194, 2.874 -0.7931 3.736, 2.874 -0.8201 3.7083, 2.874 -0.8364 3.7028, 2.874 -0.7931 3.7857, 2.874 -0.7877 3.7691, 2.874 -0.7877 3.7526, 2.874 -0.9176 3.7857, 2.874 -0.9068 3.7194, 2.874 -0.8364 3.8134, 2.874 -0.8743 3.8134, 2.874 -0.5765 3.7194, 2.874 -0.5549 3.7526, 2.874 -0.5495 3.7857, 2.874 -0.6902 3.8244, 2.874 -0.6902 3.7857, 2.874 -0.5495 3.8244, 2.874 -0.6632 3.8908, 2.874 -0.6848 3.8576, 2.874 -0.5765 3.8908, 2.874 -0.5928 3.9018, 2.874 -0.6198 3.9074, 2.874 -0.6198 3.7028, 2.874 -0.5928 3.7083, 2.874 -0.6469 3.7083, 2.874 -0.6632 3.7194, 2.874 -0.6848 3.7526, 2.874 -0.5549 3.8576, 2.874 -0.6469 3.9018, 2.874 1.3759 3.9048, 2.874 1.2824 3.9048, 2.874 1.2824 3.8345, 2.874 1.3907 3.8395, 2.874 1.4005 3.8496, 2.874 1.3759 3.8345, 2.874 1.4054 3.8646, 2.874 1.3907 3.8998, 2.874 1.4005 3.8898, 2.874 1.4054 3.8747, 2.874 1.3759 3.8043, 2.874 1.2824 3.8043, 2.874 1.2824 3.7289, 2.874 1.3907 3.734, 2.874 1.4005 3.744, 2.874 1.3759 3.7289, 2.874 1.4054 3.7591, 2.874 1.3907 3.7993, 2.874 1.4005 3.7892, 2.874 1.4054 3.7742
            ]
        }
        coordIndex [
            0,1,2,-1,2,1,3,-1,0,2,4,-1,4,2,5,-1,4,5,6,-1,7,8,9,-1,9,8,3,-1,9,3,10,-1,10,3,1,-1,11,12,5,-1,5,12,13,-1,5,13,6,-1,11,14,12,-1,12,14,15,-1,12,15,16,-1,17,18,8,-1,8,18,19,-1,8,19,3,-1,16,20,12,-1,12,20,21,-1,12,21,22,-1,17,8,23,-1,23,8,12,-1,23,12,24,-1,24,12,25,-1,25,12,22,-1,25,22,26,-1,26,22,27,-1,26,27,28,-1,29,30,31,-1,31,30,32,-1,33,34,32,-1,32,34,35,-1,32,35,36,-1,36,37,32,-1,32,37,38,-1,32,38,31,-1,39,40,41,-1,41,42,39,-1,39,42,43,-1,39,43,44,-1,45,46,47,-1,47,46,39,-1,47,39,48,-1,48,39,44,-1,49,50,51,-1,52,53,54,-1,55,56,57,-1,57,56,58,-1,59,60,61,-1,61,60,62,-1,63,64,65,-1,65,64,66,-1,65,66,67,-1,67,66,68,-1,67,68,69,-1,69,68,70,-1,69,70,71,-1,71,70,72,-1,71,72,73,-1,74,75,76,-1,76,75,77,-1,76,77,78,-1,78,77,79,-1,51,50,55,-1,55,50,80,-1,55,80,56,-1,81,82,83,-1,74,84,75,-1,75,84,85,-1,75,85,60,-1,60,85,86,-1,60,86,62,-1,87,88,52,-1,52,88,89,-1,52,89,53,-1,54,90,52,-1,52,90,91,-1,52,91,83,-1,83,91,92,-1,83,92,57,-1,58,93,57,-1,57,93,94,-1,57,94,83,-1,83,94,95,-1,83,95,81,-1,96,63,97,-1,97,63,98,-1,97,98,99,-1,79,77,100,-1,100,77,101,-1,100,101,51,-1,51,101,102,-1,51,102,49,-1,49,102,103,-1,49,103,104,-1,104,103,105,-1,104,105,106,-1,106,105,107,-1,106,107,108,-1,96,109,63,-1,63,109,110,-1,63,110,64,-1,64,110,111,-1,64,111,112,-1,108,107,112,-1,112,107,113,-1,112,113,64,-1,73,114,71,-1,71,114,115,-1,71,115,52,-1,52,115,116,-1,52,116,87,-1,82,117,83,-1,83,117,118,-1,83,118,119,-1,119,118,120,-1,119,120,121,-1,120,122,121,-1,121,122,123,-1,121,123,98,-1,98,123,124,-1,98,124,99,-1,125,126,127,-1,127,126,128,-1,126,129,130,-1,131,132,133,-1,134,135,136,-1,136,135,126,-1,136,126,137,-1,138,129,139,-1,139,129,126,-1,139,126,140,-1,140,126,135,-1,127,141,131,-1,131,133,127,-1,127,133,142,-1,127,142,125,-1,130,143,126,-1,126,143,144,-1,126,144,128,-1,145,146,147,-1,148,149,147,-1,147,150,148,-1,148,150,151,-1,148,151,152,-1,153,154,155,-1,156,157,158,-1,158,157,145,-1,158,145,159,-1,159,145,147,-1,159,147,160,-1,160,147,149,-1,150,161,151,-1,151,161,153,-1,151,153,162,-1,162,153,155,-1,163,164,165,-1,166,167,168,-1,168,167,169,-1,168,169,165,-1,170,163,171,-1,171,163,165,-1,171,165,172,-1,172,165,169,-1,173,174,175,-1,176,177,178,-1,178,177,179,-1,178,179,175,-1,180,173,181,-1,181,173,175,-1,181,175,182,-1,182,175,179,-1,
        ]
    }
}
Shape{
    appearance Appearance {
        material  Material 	{
            diffuseColor 0.2235294117647059 0.2235294117647059 0.2235294117647059
            specularColor 0.2235294117647059 0.2235294117647059 0.2235294117647059
            ambientIntensity 0.2235
            transparency 0.0
            shininess 0.5
        }
    }
    geometry IndexedFaceSet {
        ccw TRUE
        solid FALSE
        coord DEF co Coordinate {
            point [
                2.874 1.7126 2.2244, 3.0315 1.7126 2.2244, 2.874 1.5324 2.2244, 3.0315 1.5324 2.2244, 2.874 1.7126 1.2205, 3.0315 1.7126 1.2205, 3.0315 1.4556 2.0383, 2.874 1.4556 2.0383, 3.0315 1.3505 1.8665, 2.874 1.3505 1.8665, 3.0315 1.2197 1.7133, 2.874 1.2197 1.7133, 3.0315 1.0666 1.5826, 2.874 1.0666 1.5826, 3.0315 0.8948 1.4775, 2.874 0.8948 1.4775, 3.0315 0.7087 1.4007, 2.874 0.7087 1.4007, 2.874 0.7087 1.2205, 3.0315 0.7087 1.2205, 2.874 -0.0787 1.2205, 3.0315 -0.0787 1.2205, 2.874 -0.0787 1.4007, 3.0315 -0.0787 1.4007, 3.0315 -0.2649 1.4775, 2.874 -0.2649 1.4775, 3.0315 -0.4367 1.5826, 2.874 -0.4367 1.5826, 3.0315 -0.5898 1.7133, 2.874 -0.5898 1.7133, 3.0315 -0.7206 1.8665, 2.874 -0.7206 1.8665, 3.0315 -0.8257 2.0383, 2.874 -0.8257 2.0383, 3.0315 -0.9025 2.2244, 2.874 -0.9025 2.2244, 2.874 -1.0827 2.2244, 3.0315 -1.0827 2.2244, 2.874 -1.0827 1.2205, 3.0315 -1.0827 1.2205, 2.874 -1.0827 3.0118, 3.0315 -1.0827 3.0118, 2.874 -0.9025 3.0118, 3.0315 -0.9025 3.0118, 2.874 -1.0827 4.0157, 3.0315 -1.0827 4.0157, 2.874 -0.0787 4.0157, 3.0315 -0.0787 4.0157, 2.874 -0.0787 3.8356, 3.0315 -0.0787 3.8356, 3.0315 -0.8257 3.1979, 2.874 -0.8257 3.1979, 3.0315 -0.7206 3.3697, 2.874 -0.7206 3.3697, 3.0315 -0.5898 3.5229, 2.874 -0.5898 3.5229, 3.0315 -0.4367 3.6536, 2.874 -0.4367 3.6536, 3.0315 -0.2649 3.7587, 2.874 -0.2649 3.7587
            ]
        }
        coordIndex [
            0,1,2,-1,2,1,3,-1,4,5,0,-1,0,5,1,-1,2,3,6,-1,2,6,7,-1,7,6,8,-1,7,8,9,-1,9,8,10,-1,9,10,11,-1,11,10,12,-1,11,12,13,-1,13,12,14,-1,13,14,15,-1,15,14,16,-1,15,16,17,-1,17,16,18,-1,18,16,19,-1,20,21,22,-1,22,21,23,-1,22,23,24,-1,22,24,25,-1,25,24,26,-1,25,26,27,-1,27,26,28,-1,27,28,29,-1,29,28,30,-1,29,30,31,-1,31,30,32,-1,31,32,33,-1,33,32,34,-1,33,34,35,-1,35,34,36,-1,36,34,37,-1,36,37,38,-1,38,37,39,-1,40,41,42,-1,42,41,43,-1,44,45,40,-1,40,45,41,-1,46,47,44,-1,44,47,45,-1,48,49,46,-1,46,49,47,-1,42,43,50,-1,42,50,51,-1,51,50,52,-1,51,52,53,-1,53,52,54,-1,53,54,55,-1,55,54,56,-1,55,56,57,-1,57,56,58,-1,57,58,59,-1,59,58,49,-1,59,49,48,-1,
        ]
    }
}
Shape{
    appearance Appearance {
        material  Material 	{
            diffuseColor 0.8117647058823529 0.8117647058823529 0.8117647058823529
            specularColor 0.8117647058823529 0.8117647058823529 0.8117647058823529
            ambientIntensity 0.8118
            transparency 0.0
            shininess 0.5
        }
    }
    geometry IndexedFaceSet {
        ccw TRUE
        solid FALSE
        coord DEF co Coordinate {
            point [
                2.8819 -0.7714 3.8023, 2.874 -0.7714 3.8023, 2.8819 -0.7877 3.8189, 2.874 -0.7877 3.8189, 2.8819 -0.7606 3.7747, 2.874 -0.7606 3.7747, 2.8819 -0.7606 3.747, 2.874 -0.7606 3.747, 2.8819 -0.7714 3.7194, 2.874 -0.7714 3.7194, 2.8819 -0.7877 3.6973, 2.874 -0.7877 3.6973, 2.8819 -0.8147 3.6807, 2.874 -0.8147 3.6807, 2.8819 -0.8418 3.6752, 2.874 -0.8418 3.6752, 2.8819 -0.8689 3.6752, 2.874 -0.8689 3.6752, 2.8819 -0.8959 3.6807, 2.874 -0.8959 3.6807, 2.8819 -0.923 3.6973, 2.874 -0.923 3.6973, 2.8819 -0.9392 3.7194, 2.874 -0.9392 3.7194, 2.8819 -0.9501 3.747, 2.874 -0.9501 3.747, 2.8819 -0.9555 3.7857, 2.874 -0.9555 3.7857, 2.8819 -0.9555 3.8244, 2.874 -0.9555 3.8244, 2.8819 -0.9501 3.8631, 2.874 -0.9501 3.8631, 2.8819 -0.9392 3.8908, 2.874 -0.9392 3.8908, 2.8819 -0.923 3.9129, 2.874 -0.923 3.9129, 2.8819 -0.8959 3.9295, 2.874 -0.8959 3.9295, 2.8819 -0.8689 3.935, 2.874 -0.8689 3.935, 2.8819 -0.8472 3.935, 2.874 -0.8472 3.935, 2.8819 -0.8201 3.9295, 2.874 -0.8201 3.9295, 2.8819 -0.7931 3.9129, 2.874 -0.7931 3.9129, 2.8819 -0.7768 3.8908, 2.874 -0.7768 3.8908, 2.8819 -0.7714 3.8742, 2.874 -0.7714 3.8742, 2.8819 -0.7985 3.8742, 2.874 -0.7985 3.8742, 2.8819 -0.8093 3.8908, 2.874 -0.8093 3.8908, 2.8819 -0.8256 3.9018, 2.874 -0.8256 3.9018, 2.8819 -0.8418 3.9074, 2.874 -0.8418 3.9074, 2.8819 -0.8743 3.9074, 2.874 -0.8743 3.9074, 2.8819 -0.8905 3.9018, 2.874 -0.8905 3.9018, 2.8819 -0.9068 3.8908, 2.874 -0.9068 3.8908, 2.8819 -0.9176 3.8742, 2.874 -0.9176 3.8742, 2.8819 -0.923 3.8576, 2.874 -0.923 3.8576, 2.8819 -0.9284 3.8244, 2.874 -0.9284 3.8244, 2.8819 -0.9284 3.8134, 2.874 -0.9284 3.8134, 2.8819 -0.8959 3.8355, 2.874 -0.8959 3.8355, 2.8819 -0.8689 3.841, 2.874 -0.8689 3.841, 2.8819 -0.8418 3.841, 2.874 -0.8418 3.841, 2.8819 -0.8147 3.8355, 2.874 -0.8147 3.8355, 2.8819 -0.923 3.7691, 2.8819 -0.9176 3.7857, 2.8819 -0.9068 3.7968, 2.8819 -0.8905 3.8078, 2.8819 -0.8743 3.8134, 2.8819 -0.8364 3.8134, 2.8819 -0.8201 3.8078, 2.8819 -0.8039 3.7968, 2.8819 -0.7931 3.7857, 2.8819 -0.7877 3.7691, 2.8819 -0.7877 3.7526, 2.8819 -0.7931 3.736, 2.8819 -0.8039 3.7194, 2.8819 -0.8201 3.7083, 2.8819 -0.8364 3.7028, 2.8819 -0.8743 3.7028, 2.8819 -0.8905 3.7083, 2.8819 -0.9068 3.7194, 2.8819 -0.9176 3.736, 2.8819 -0.923 3.7526, 2.8819 -0.7119 3.7526, 2.8819 -0.6848 3.7526, 2.8819 -0.6902 3.7857, 2.8819 -0.6848 3.8576, 2.8819 -0.7119 3.8576, 2.8819 -0.6902 3.8244, 2.8819 -0.7173 3.83, 2.8819 -0.7173 3.7802, 2.8819 -0.7065 3.736, 2.8819 -0.6956 3.7139, 2.8819 -0.6632 3.7194, 2.8819 -0.6794 3.6973, 2.8819 -0.6469 3.7083, 2.8819 -0.6523 3.6807, 2.8819 -0.6198 3.7028, 2.8819 -0.6198 3.6752, 2.8819 -0.5928 3.7083, 2.8819 -0.5874 3.6807, 2.8819 -0.5765 3.7194, 2.8819 -0.5278 3.8576, 2.8819 -0.5549 3.8576, 2.8819 -0.5495 3.8244, 2.8819 -0.5603 3.6973, 2.8819 -0.5441 3.7139, 2.8819 -0.5549 3.7526, 2.8819 -0.5332 3.8742, 2.8819 -0.5441 3.8963, 2.8819 -0.5765 3.8908, 2.8819 -0.5603 3.9129, 2.8819 -0.5928 3.9018, 2.8819 -0.5874 3.9295, 2.8819 -0.6198 3.9074, 2.8819 -0.6198 3.935, 2.8819 -0.6469 3.9018, 2.8819 -0.6523 3.9295, 2.8819 -0.6632 3.8908, 2.8819 -0.5332 3.736, 2.8819 -0.5278 3.7526, 2.8819 -0.5495 3.7857, 2.8819 -0.5224 3.7802, 2.8819 -0.5224 3.83, 2.8819 -0.6794 3.9129, 2.8819 -0.6956 3.8963, 2.8819 -0.7065 3.8742, 2.8819 1.3907 3.8395, 2.8819 1.3759 3.8345, 2.8819 1.3907 3.7993, 2.8819 1.3907 3.734, 2.8819 1.3759 3.7289, 2.8819 1.371 3.6988, 2.8819 1.2824 3.8043, 2.8819 1.2529 3.935, 2.8819 1.2529 3.6988, 2.8819 1.2824 3.7289, 2.8819 1.4005 3.7892, 2.8819 1.4153 3.8144, 2.8819 1.4054 3.8194, 2.8819 1.3956 3.7038, 2.8819 1.4153 3.7189, 2.8819 1.4005 3.744, 2.8819 1.43 3.739, 2.8819 1.4054 3.7591, 2.8819 1.435 3.7541, 2.8819 1.4054 3.7742, 2.8819 1.435 3.7792, 2.8819 1.43 3.7943, 2.8819 1.3907 3.8998, 2.8819 1.3956 3.93, 2.8819 1.3759 3.9048, 2.8819 1.371 3.935, 2.8819 1.2824 3.9048, 2.8819 1.2824 3.8345, 2.8819 1.3759 3.8043, 2.8819 1.4153 3.8244, 2.8819 1.4054 3.8646, 2.8819 1.4005 3.8496, 2.8819 1.43 3.8445, 2.8819 1.435 3.8596, 2.8819 1.4054 3.8747, 2.8819 1.435 3.8797, 2.8819 1.4005 3.8898, 2.8819 1.43 3.8948, 2.8819 1.4153 3.9149, 2.874 -0.7931 3.7857, 2.874 -0.7877 3.7691, 2.874 -0.8039 3.7968, 2.874 -0.8201 3.8078, 2.874 -0.8364 3.8134, 2.874 -0.8743 3.8134, 2.874 -0.8905 3.8078, 2.874 -0.9068 3.7968, 2.874 -0.9176 3.7857, 2.874 -0.923 3.7691, 2.874 -0.923 3.7526, 2.874 -0.9176 3.736, 2.874 -0.9068 3.7194, 2.874 -0.8905 3.7083, 2.874 -0.8743 3.7028, 2.874 -0.8364 3.7028, 2.874 -0.8201 3.7083, 2.874 -0.8039 3.7194, 2.874 -0.7931 3.736, 2.874 -0.7877 3.7526, 2.874 -0.7173 3.83, 2.874 -0.7173 3.7802, 2.874 -0.7119 3.8576, 2.874 -0.7065 3.8742, 2.874 -0.6956 3.8963, 2.874 -0.6794 3.9129, 2.874 -0.6523 3.9295, 2.874 -0.6198 3.935, 2.874 -0.5874 3.9295, 2.874 -0.5603 3.9129, 2.874 -0.5441 3.8963, 2.874 -0.5332 3.8742, 2.874 -0.5278 3.8576, 2.874 -0.5224 3.83, 2.874 -0.5224 3.7802, 2.874 -0.5278 3.7526, 2.874 -0.5332 3.736, 2.874 -0.5441 3.7139, 2.874 -0.5603 3.6973, 2.874 -0.5874 3.6807, 2.874 -0.6198 3.6752, 2.874 -0.6523 3.6807, 2.874 -0.6794 3.6973, 2.874 -0.6956 3.7139, 2.874 -0.7065 3.736, 2.874 -0.7119 3.7526, 2.874 -0.6902 3.8244, 2.874 -0.6848 3.8576, 2.874 -0.6902 3.7857, 2.874 -0.6848 3.7526, 2.874 -0.6632 3.7194, 2.874 -0.6469 3.7083, 2.874 -0.6198 3.7028, 2.874 -0.5928 3.7083, 2.874 -0.5765 3.7194, 2.874 -0.5549 3.7526, 2.874 -0.5495 3.7857, 2.874 -0.5495 3.8244, 2.874 -0.5549 3.8576, 2.874 -0.5765 3.8908, 2.874 -0.5928 3.9018, 2.874 -0.6198 3.9074, 2.874 -0.6469 3.9018, 2.874 -0.6632 3.8908, 2.874 1.4054 3.8194, 2.874 1.4153 3.8244, 2.874 1.4153 3.8144, 2.874 1.43 3.7943, 2.874 1.435 3.7792, 2.874 1.435 3.7541, 2.874 1.43 3.739, 2.874 1.4153 3.7189, 2.874 1.3956 3.7038, 2.874 1.371 3.6988, 2.874 1.2529 3.6988, 2.874 1.2529 3.935, 2.874 1.371 3.935, 2.874 1.3956 3.93, 2.874 1.4153 3.9149, 2.874 1.43 3.8948, 2.874 1.435 3.8797, 2.874 1.435 3.8596, 2.874 1.43 3.8445, 2.874 1.2824 3.9048, 2.874 1.3759 3.9048, 2.874 1.2824 3.8345, 2.874 1.3759 3.8345, 2.874 1.3907 3.8395, 2.874 1.4005 3.8496, 2.874 1.4054 3.8646, 2.874 1.4054 3.8747, 2.874 1.4005 3.8898, 2.874 1.3907 3.8998, 2.874 1.4054 3.7742, 2.874 1.4054 3.7591, 2.874 1.4005 3.7892, 2.874 1.3907 3.7993, 2.874 1.3759 3.8043, 2.874 1.2824 3.8043, 2.874 1.2824 3.7289, 2.874 1.3759 3.7289, 2.874 1.3907 3.734, 2.874 1.4005 3.744
            ]
        }
        coordIndex [
            0,1,2,-1,2,1,3,-1,4,5,0,-1,0,5,1,-1,6,7,4,-1,4,7,5,-1,8,9,6,-1,6,9,7,-1,10,11,8,-1,8,11,9,-1,12,13,10,-1,10,13,11,-1,14,15,12,-1,12,15,13,-1,16,17,14,-1,14,17,15,-1,18,19,16,-1,16,19,17,-1,20,21,18,-1,18,21,19,-1,22,23,20,-1,20,23,21,-1,24,25,22,-1,22,25,23,-1,26,27,24,-1,24,27,25,-1,28,29,26,-1,26,29,27,-1,30,31,28,-1,28,31,29,-1,32,33,30,-1,30,33,31,-1,34,35,32,-1,32,35,33,-1,36,37,34,-1,34,37,35,-1,38,39,36,-1,36,39,37,-1,40,41,38,-1,38,41,39,-1,42,43,40,-1,40,43,41,-1,44,45,42,-1,42,45,43,-1,46,47,44,-1,44,47,45,-1,48,49,46,-1,46,49,47,-1,50,51,48,-1,48,51,49,-1,52,53,50,-1,50,53,51,-1,54,55,52,-1,52,55,53,-1,56,57,54,-1,54,57,55,-1,58,59,56,-1,56,59,57,-1,60,61,58,-1,58,61,59,-1,62,63,60,-1,60,63,61,-1,64,65,62,-1,62,65,63,-1,66,67,64,-1,64,67,65,-1,68,69,66,-1,66,69,67,-1,70,71,68,-1,68,71,69,-1,72,73,70,-1,70,73,71,-1,74,75,72,-1,72,75,73,-1,76,77,74,-1,74,77,75,-1,78,79,76,-1,76,79,77,-1,2,3,78,-1,78,3,79,-1,50,48,46,-1,70,24,80,-1,50,46,52,-1,52,46,44,-1,52,44,54,-1,54,44,42,-1,54,42,56,-1,56,42,40,-1,56,40,58,-1,58,40,38,-1,58,38,60,-1,60,38,36,-1,60,36,62,-1,62,36,34,-1,62,34,64,-1,64,34,32,-1,64,32,66,-1,66,32,30,-1,66,30,68,-1,68,30,28,-1,68,28,70,-1,70,28,26,-1,70,26,24,-1,80,81,70,-1,70,81,82,-1,70,82,72,-1,72,82,83,-1,72,83,74,-1,74,83,84,-1,74,84,76,-1,76,84,85,-1,76,85,78,-1,78,85,86,-1,78,86,2,-1,2,86,87,-1,2,87,0,-1,0,87,88,-1,0,88,4,-1,4,88,89,-1,4,89,6,-1,6,89,90,-1,6,90,8,-1,8,90,91,-1,8,91,10,-1,10,91,92,-1,10,92,12,-1,12,92,93,-1,12,93,14,-1,14,93,94,-1,14,94,16,-1,16,94,95,-1,16,95,18,-1,18,95,96,-1,18,96,20,-1,20,96,97,-1,20,97,22,-1,22,97,98,-1,22,98,24,-1,24,98,99,-1,24,99,80,-1,100,101,102,-1,103,104,105,-1,105,104,106,-1,105,106,102,-1,102,106,107,-1,102,107,100,-1,100,108,101,-1,101,108,109,-1,101,109,110,-1,110,109,111,-1,110,111,112,-1,112,111,113,-1,112,113,114,-1,114,113,115,-1,114,115,116,-1,116,115,117,-1,116,117,118,-1,119,120,121,-1,117,122,118,-1,118,122,123,-1,118,123,124,-1,119,125,120,-1,120,125,126,-1,120,126,127,-1,127,126,128,-1,127,128,129,-1,129,128,130,-1,129,130,131,-1,131,130,132,-1,131,132,133,-1,133,132,134,-1,133,134,135,-1,123,136,124,-1,124,136,137,-1,124,137,138,-1,138,137,139,-1,138,139,121,-1,121,139,140,-1,121,140,119,-1,134,141,135,-1,135,141,142,-1,135,142,103,-1,103,142,143,-1,103,143,104,-1,144,145,146,-1,147,148,149,-1,150,151,152,-1,149,148,152,-1,152,148,153,-1,152,153,150,-1,154,155,146,-1,146,155,156,-1,146,156,144,-1,149,157,147,-1,147,157,158,-1,147,158,159,-1,159,158,160,-1,159,160,161,-1,161,160,162,-1,161,162,163,-1,163,162,164,-1,163,164,154,-1,154,164,165,-1,154,165,155,-1,166,167,168,-1,168,167,169,-1,168,169,170,-1,170,169,151,-1,170,151,171,-1,171,151,150,-1,171,150,145,-1,145,150,172,-1,145,172,146,-1,173,174,156,-1,156,174,175,-1,156,175,144,-1,173,176,174,-1,174,176,177,-1,174,177,178,-1,178,177,179,-1,178,179,180,-1,180,179,181,-1,180,181,166,-1,166,181,182,-1,166,182,167,-1,88,183,89,-1,89,183,184,-1,87,185,88,-1,88,185,183,-1,86,186,87,-1,87,186,185,-1,85,187,86,-1,86,187,186,-1,84,188,85,-1,85,188,187,-1,83,189,84,-1,84,189,188,-1,82,190,83,-1,83,190,189,-1,81,191,82,-1,82,191,190,-1,80,192,81,-1,81,192,191,-1,99,193,80,-1,80,193,192,-1,98,194,99,-1,99,194,193,-1,97,195,98,-1,98,195,194,-1,96,196,97,-1,97,196,195,-1,95,197,96,-1,96,197,196,-1,94,198,95,-1,95,198,197,-1,93,199,94,-1,94,199,198,-1,92,200,93,-1,93,200,199,-1,91,201,92,-1,92,201,200,-1,90,202,91,-1,91,202,201,-1,89,184,90,-1,90,184,202,-1,106,203,107,-1,107,203,204,-1,104,205,106,-1,106,205,203,-1,143,206,104,-1,104,206,205,-1,142,207,143,-1,143,207,206,-1,141,208,142,-1,142,208,207,-1,134,209,141,-1,141,209,208,-1,132,210,134,-1,134,210,209,-1,130,211,132,-1,132,211,210,-1,128,212,130,-1,130,212,211,-1,126,213,128,-1,128,213,212,-1,125,214,126,-1,126,214,213,-1,119,215,125,-1,125,215,214,-1,140,216,119,-1,119,216,215,-1,139,217,140,-1,140,217,216,-1,137,218,139,-1,139,218,217,-1,136,219,137,-1,137,219,218,-1,123,220,136,-1,136,220,219,-1,122,221,123,-1,123,221,220,-1,117,222,122,-1,122,222,221,-1,115,223,117,-1,117,223,222,-1,113,224,115,-1,115,224,223,-1,111,225,113,-1,113,225,224,-1,109,226,111,-1,111,226,225,-1,108,227,109,-1,109,227,226,-1,100,228,108,-1,108,228,227,-1,107,204,100,-1,100,204,228,-1,105,229,103,-1,103,229,230,-1,102,231,105,-1,105,231,229,-1,101,232,102,-1,102,232,231,-1,110,233,101,-1,101,233,232,-1,112,234,110,-1,110,234,233,-1,114,235,112,-1,112,235,234,-1,116,236,114,-1,114,236,235,-1,118,237,116,-1,116,237,236,-1,124,238,118,-1,118,238,237,-1,138,239,124,-1,124,239,238,-1,121,240,138,-1,138,240,239,-1,120,241,121,-1,121,241,240,-1,127,242,120,-1,120,242,241,-1,129,243,127,-1,127,243,242,-1,131,244,129,-1,129,244,243,-1,133,245,131,-1,131,245,244,-1,135,246,133,-1,133,246,245,-1,103,230,135,-1,135,230,246,-1,156,247,173,-1,173,247,248,-1,155,249,156,-1,156,249,247,-1,165,250,155,-1,155,250,249,-1,164,251,165,-1,165,251,250,-1,162,252,164,-1,164,252,251,-1,160,253,162,-1,162,253,252,-1,158,254,160,-1,160,254,253,-1,157,255,158,-1,158,255,254,-1,149,256,157,-1,157,256,255,-1,152,257,149,-1,149,257,256,-1,151,258,152,-1,152,258,257,-1,169,259,151,-1,151,259,258,-1,167,260,169,-1,169,260,259,-1,182,261,167,-1,167,261,260,-1,181,262,182,-1,182,262,261,-1,179,263,181,-1,181,263,262,-1,177,264,179,-1,179,264,263,-1,176,265,177,-1,177,265,264,-1,173,248,176,-1,176,248,265,-1,170,266,168,-1,168,266,267,-1,171,268,170,-1,170,268,266,-1,145,269,171,-1,171,269,268,-1,144,270,145,-1,145,270,269,-1,175,271,144,-1,144,271,270,-1,174,272,175,-1,175,272,271,-1,178,273,174,-1,174,273,272,-1,180,274,178,-1,178,274,273,-1,166,275,180,-1,180,275,274,-1,168,267,166,-1,166,267,275,-1,163,276,161,-1,161,276,277,-1,154,278,163,-1,163,278,276,-1,146,279,154,-1,154,279,278,-1,172,280,146,-1,146,280,279,-1,150,281,172,-1,172,281,280,-1,153,282,150,-1,150,282,281,-1,148,283,153,-1,153,283,282,-1,147,284,148,-1,148,284,283,-1,159,285,147,-1,147,285,284,-1,161,277,159,-1,159,277,285,-1,
        ]
    }
}
Shape{
    appearance Appearance {
        material  Material 	{
            diffuseColor 0.2235294117647059 0.2235294117647059 0.2235294117647059
            specularColor 0.2235294117647059 0.2235294117647059 0.2235294117647059
            ambientIntensity 0.2235
            transparency 0.0
            shininess 0.5
        }
    }
    geometry IndexedFaceSet {
        ccw TRUE
        solid FALSE
        coord DEF co Coordinate {
            point [
                2.874 0.315 1.6339, 3.0315 0.315 1.6339, 2.874 0.4859 1.6488, 3.0315 0.4859 1.6488, 2.874 0.6516 1.6932, 3.0315 0.6516 1.6932, 2.874 0.8071 1.7657, 3.0315 0.8071 1.7657, 2.874 0.9476 1.8641, 3.0315 0.9476 1.8641, 2.874 1.0689 1.9854, 3.0315 1.0689 1.9854, 2.874 1.1673 2.126, 3.0315 1.1673 2.126, 2.874 1.2398 2.2815, 3.0315 1.2398 2.2815, 2.874 1.2843 2.4472, 3.0315 1.2843 2.4472, 2.874 1.2992 2.6181, 3.0315 1.2992 2.6181, 2.874 1.2843 2.789, 3.0315 1.2843 2.789, 2.874 1.2398 2.9547, 3.0315 1.2398 2.9547, 2.874 1.1673 3.1102, 3.0315 1.1673 3.1102, 2.874 1.0689 3.2508, 3.0315 1.0689 3.2508, 2.874 0.9476 3.3721, 3.0315 0.9476 3.3721, 2.874 0.8071 3.4705, 3.0315 0.8071 3.4705, 2.874 0.6516 3.543, 3.0315 0.6516 3.543, 2.874 0.4859 3.5874, 3.0315 0.4859 3.5874, 2.874 0.315 3.6024, 3.0315 0.315 3.6024, 2.874 0.144 3.5874, 3.0315 0.144 3.5874, 2.874 -0.0217 3.543, 3.0315 -0.0217 3.543, 2.874 -0.1772 3.4705, 3.0315 -0.1772 3.4705, 2.874 -0.3177 3.3721, 3.0315 -0.3177 3.3721, 2.874 -0.439 3.2508, 3.0315 -0.439 3.2508, 2.874 -0.5374 3.1102, 3.0315 -0.5374 3.1102, 2.874 -0.6099 2.9547, 3.0315 -0.6099 2.9547, 2.874 -0.6543 2.789, 3.0315 -0.6543 2.789, 2.874 -0.6693 2.6181, 3.0315 -0.6693 2.6181, 2.874 -0.6543 2.4472, 3.0315 -0.6543 2.4472, 2.874 -0.6099 2.2815, 3.0315 -0.6099 2.2815, 2.874 -0.5374 2.126, 3.0315 -0.5374 2.126, 2.874 -0.439 1.9854, 3.0315 -0.439 1.9854, 2.874 -0.3177 1.8641, 3.0315 -0.3177 1.8641, 2.874 -0.1772 1.7657, 3.0315 -0.1772 1.7657, 2.874 -0.0217 1.6932, 3.0315 -0.0217 1.6932, 2.874 0.144 1.6488, 3.0315 0.144 1.6488
            ]
        }
        coordIndex [
            0,1,2,-1,2,1,3,-1,2,3,4,-1,4,3,5,-1,4,5,6,-1,6,5,7,-1,6,7,8,-1,8,7,9,-1,8,9,10,-1,10,9,11,-1,10,11,12,-1,12,11,13,-1,12,13,14,-1,14,13,15,-1,14,15,16,-1,16,15,17,-1,16,17,18,-1,18,17,19,-1,18,19,20,-1,20,19,21,-1,20,21,22,-1,22,21,23,-1,22,23,24,-1,24,23,25,-1,24,25,26,-1,26,25,27,-1,26,27,28,-1,28,27,29,-1,28,29,30,-1,30,29,31,-1,30,31,32,-1,32,31,33,-1,32,33,34,-1,34,33,35,-1,34,35,36,-1,36,35,37,-1,36,37,38,-1,38,37,39,-1,38,39,40,-1,40,39,41,-1,40,41,42,-1,42,41,43,-1,42,43,44,-1,44,43,45,-1,44,45,46,-1,46,45,47,-1,46,47,48,-1,48,47,49,-1,48,49,50,-1,50,49,51,-1,50,51,52,-1,52,51,53,-1,52,53,54,-1,54,53,55,-1,54,55,56,-1,56,55,57,-1,56,57,58,-1,58,57,59,-1,58,59,60,-1,60,59,61,-1,60,61,62,-1,62,61,63,-1,62,63,64,-1,64,63,65,-1,64,65,66,-1,66,65,67,-1,66,67,68,-1,68,67,69,-1,68,69,70,-1,70,69,71,-1,70,71,0,-1,0,71,1,-1,
        ]
    }
}
Shape{
    appearance Appearance {
        material  Material 	{
            diffuseColor 0.6823529411764706 0.7647058823529411 0.5607843137254902
            specularColor 0.6823529411764706 0.7647058823529411 0.5607843137254902
            ambientIntensity 0.7168
            transparency 0.0
            shininess 0.5
        }
    }
    geometry IndexedFaceSet {
        ccw TRUE
        solid FALSE
        coord DEF co Coordinate {
            point [
                2.874 -0.3702 2.6901, 2.874 -0.6693 2.6181, 2.874 -0.3702 2.5461, 2.874 -0.6543 2.4472, 2.874 -0.3403 2.4052, 2.874 -0.6099 2.2815, 2.874 -0.2817 2.2736, 2.874 -0.5374 2.126, 2.874 -0.1971 2.1571, 2.874 -0.439 1.9854, 2.874 -0.09 2.0607, 2.874 -0.3177 1.8641, 2.874 -0.1772 1.7657, 2.874 0.0347 1.9887, 2.874 -0.0217 1.6932, 2.874 0.1717 1.9442, 2.874 0.144 1.6488, 2.874 0.315 1.9291, 2.874 0.315 1.6339, 2.874 0.4582 1.9442, 2.874 0.4859 1.6488, 2.874 0.5952 1.9887, 2.874 0.0347 3.2475, 2.874 -0.1772 3.4705, 2.874 -0.09 3.1755, 2.874 -0.3177 3.3721, 2.874 -0.1971 3.0791, 2.874 -0.439 3.2508, 2.874 -0.2817 2.9626, 2.874 -0.5374 3.1102, 2.874 -0.3403 2.831, 2.874 -0.6099 2.9547, 2.874 -0.6543 2.789, 2.874 0.7199 3.1755, 2.874 0.8071 3.4705, 2.874 0.5952 3.2475, 2.874 0.6516 3.543, 2.874 0.4582 3.292, 2.874 0.4859 3.5874, 2.874 0.315 3.3071, 2.874 0.315 3.6024, 2.874 0.1717 3.292, 2.874 0.144 3.5874, 2.874 -0.0217 3.543, 2.874 1.0002 2.5461, 2.874 1.2992 2.6181, 2.874 1.0002 2.6901, 2.874 1.2843 2.789, 2.874 0.9702 2.831, 2.874 1.2398 2.9547, 2.874 0.9116 2.9626, 2.874 1.1673 3.1102, 2.874 0.827 3.0791, 2.874 1.0689 3.2508, 2.874 0.9476 3.3721, 2.874 0.6516 1.6932, 2.874 0.8071 1.7657, 2.874 0.7199 2.0607, 2.874 0.9476 1.8641, 2.874 0.827 2.1571, 2.874 1.0689 1.9854, 2.874 0.9116 2.2736, 2.874 1.1673 2.126, 2.874 0.9702 2.4052, 2.874 1.2398 2.2815, 2.874 1.2843 2.4472
            ]
        }
        coordIndex [
            0,1,2,-1,2,1,3,-1,2,3,4,-1,4,3,5,-1,4,5,6,-1,6,5,7,-1,6,7,8,-1,8,7,9,-1,8,9,10,-1,9,11,10,-1,10,11,12,-1,10,12,13,-1,13,12,14,-1,13,14,15,-1,15,14,16,-1,15,16,17,-1,17,16,18,-1,17,18,19,-1,19,18,20,-1,19,20,21,-1,22,23,24,-1,24,23,25,-1,24,25,26,-1,26,25,27,-1,26,27,28,-1,28,27,29,-1,28,29,30,-1,30,29,31,-1,30,31,0,-1,0,31,32,-1,0,32,1,-1,33,34,35,-1,35,34,36,-1,35,36,37,-1,37,36,38,-1,37,38,39,-1,39,38,40,-1,39,40,41,-1,41,40,42,-1,41,42,22,-1,22,42,43,-1,22,43,23,-1,44,45,46,-1,46,45,47,-1,46,47,48,-1,48,47,49,-1,48,49,50,-1,50,49,51,-1,50,51,52,-1,52,51,53,-1,52,53,33,-1,33,53,54,-1,33,54,34,-1,20,55,21,-1,21,55,56,-1,21,56,57,-1,57,56,58,-1,57,58,59,-1,59,58,60,-1,59,60,61,-1,61,60,62,-1,61,62,63,-1,63,62,64,-1,63,64,44,-1,44,64,65,-1,44,65,45,-1,
        ]
    }
}
Shape{
    appearance Appearance {
        material  Material 	{
            diffuseColor 0.2549019607843137 0.2549019607843137 0.2549019607843137
            specularColor 0.2549019607843137 0.2549019607843137 0.2549019607843137
            ambientIntensity 0.2549
            transparency 0.0
            shininess 0.5
        }
    }
    geometry IndexedFaceSet {
        ccw TRUE
        solid FALSE
        coord DEF co Coordinate {
            point [
                2.874 0.315 3.3071, 3.0315 0.315 3.3071, 3.0315 0.4582 3.292, 2.874 0.4582 3.292, 3.0315 0.5952 3.2475, 2.874 0.5952 3.2475, 3.0315 0.7199 3.1755, 2.874 0.7199 3.1755, 3.0315 0.827 3.0791, 2.874 0.827 3.0791, 3.0315 0.9116 2.9626, 2.874 0.9116 2.9626, 3.0315 0.9702 2.831, 2.874 0.9702 2.831, 3.0315 1.0002 2.6901, 2.874 1.0002 2.6901, 3.0315 1.0002 2.5461, 2.874 1.0002 2.5461, 3.0315 0.9702 2.4052, 2.874 0.9702 2.4052, 3.0315 0.9116 2.2736, 2.874 0.9116 2.2736, 3.0315 0.827 2.1571, 2.874 0.827 2.1571, 3.0315 0.7199 2.0607, 2.874 0.7199 2.0607, 3.0315 0.5952 1.9887, 2.874 0.5952 1.9887, 3.0315 0.4582 1.9442, 2.874 0.4582 1.9442, 3.0315 0.315 1.9291, 2.874 0.315 1.9291, 3.0315 0.1717 1.9442, 2.874 0.1717 1.9442, 3.0315 0.0347 1.9887, 2.874 0.0347 1.9887, 3.0315 -0.09 2.0607, 2.874 -0.09 2.0607, 3.0315 -0.1971 2.1571, 2.874 -0.1971 2.1571, 3.0315 -0.2817 2.2736, 2.874 -0.2817 2.2736, 3.0315 -0.3403 2.4052, 2.874 -0.3403 2.4052, 3.0315 -0.3702 2.5461, 2.874 -0.3702 2.5461, 3.0315 -0.3702 2.6901, 2.874 -0.3702 2.6901, 3.0315 -0.3403 2.831, 2.874 -0.3403 2.831, 3.0315 -0.2817 2.9626, 2.874 -0.2817 2.9626, 3.0315 -0.1971 3.0791, 2.874 -0.1971 3.0791, 3.0315 -0.09 3.1755, 2.874 -0.09 3.1755, 3.0315 0.0347 3.2475, 2.874 0.0347 3.2475, 3.0315 0.1717 3.292, 2.874 0.1717 3.292, 3.0315 0.5202 2.3048, 3.0315 0.1097 2.9315, 3.0315 0.5202 2.0309, 3.0315 0.1097 2.0309, 3.0315 0.1097 2.3048, 3.0315 0.5202 3.2053, 3.0315 0.1097 3.2053, 3.0315 0.5202 2.9315, 2.9528 0.5202 2.3048, 2.9528 0.5202 2.9315, 2.9528 0.1097 2.3048, 3.3465 0.5202 2.3048, 3.3465 0.1097 2.3048, 3.3465 0.1097 2.1884, 3.189 0.1097 2.0309, 3.3465 0.5202 2.9315, 3.3465 0.5202 3.0478, 3.3465 0.1097 2.9315, 3.3465 0.1097 3.0478, 3.3465 0.5202 2.1884, 3.189 0.5202 3.2053, 3.189 0.1097 3.2053, 2.9528 0.1097 2.9315, 3.189 0.5202 2.0309
            ]
        }
        coordIndex [
            0,1,2,-1,0,2,3,-1,3,2,4,-1,3,4,5,-1,5,4,6,-1,5,6,7,-1,7,6,8,-1,7,8,9,-1,9,8,10,-1,9,10,11,-1,11,10,12,-1,11,12,13,-1,13,12,14,-1,13,14,15,-1,15,14,16,-1,15,16,17,-1,17,16,18,-1,17,18,19,-1,19,18,20,-1,19,20,21,-1,21,20,22,-1,21,22,23,-1,23,22,24,-1,23,24,25,-1,25,24,26,-1,25,26,27,-1,27,26,28,-1,27,28,29,-1,29,28,30,-1,29,30,31,-1,31,30,32,-1,31,32,33,-1,33,32,34,-1,33,34,35,-1,35,34,36,-1,35,36,37,-1,37,36,38,-1,37,38,39,-1,39,38,40,-1,39,40,41,-1,41,40,42,-1,41,42,43,-1,43,42,44,-1,43,44,45,-1,45,44,46,-1,45,46,47,-1,47,46,48,-1,47,48,49,-1,49,48,50,-1,49,50,51,-1,51,50,52,-1,51,52,53,-1,53,52,54,-1,53,54,55,-1,55,54,56,-1,55,56,57,-1,57,56,58,-1,57,58,59,-1,59,58,1,-1,59,1,0,-1,22,20,60,-1,52,50,61,-1,30,62,32,-1,32,62,63,-1,42,40,64,-1,2,1,65,-1,65,1,66,-1,12,10,67,-1,40,38,64,-1,64,38,36,-1,64,36,63,-1,63,36,34,-1,63,34,32,-1,1,58,66,-1,66,58,56,-1,66,56,61,-1,61,56,54,-1,61,54,52,-1,50,48,61,-1,61,48,46,-1,61,46,64,-1,64,46,44,-1,64,44,42,-1,10,8,67,-1,67,8,6,-1,67,6,65,-1,65,6,4,-1,65,4,2,-1,30,28,62,-1,62,28,26,-1,62,26,60,-1,60,26,24,-1,60,24,22,-1,20,18,60,-1,60,18,16,-1,60,16,67,-1,67,16,14,-1,67,14,12,-1,68,60,69,-1,69,60,67,-1,68,70,60,-1,60,70,64,-1,60,64,71,-1,71,64,72,-1,73,72,74,-1,74,72,64,-1,74,64,63,-1,75,76,77,-1,77,76,78,-1,72,73,71,-1,71,73,79,-1,80,81,76,-1,76,81,78,-1,77,78,61,-1,61,78,81,-1,61,81,66,-1,66,81,65,-1,65,81,80,-1,76,75,80,-1,80,75,67,-1,80,67,65,-1,82,69,61,-1,61,69,67,-1,61,67,77,-1,77,67,75,-1,70,68,82,-1,82,68,69,-1,82,61,70,-1,70,61,64,-1,74,83,73,-1,73,83,79,-1,71,79,60,-1,60,79,83,-1,60,83,62,-1,62,83,63,-1,63,83,74,-1,
        ]
    }
}
Shape{
    appearance Appearance {
        material  Material 	{
            diffuseColor 0.2235294117647059 0.2235294117647059 0.2235294117647059
            specularColor 0.2235294117647059 0.2235294117647059 0.2235294117647059
            ambientIntensity 0.2235
            transparency 0.0
            shininess 0.5
        }
    }
    geometry IndexedFaceSet {
        ccw TRUE
        solid FALSE
        coord DEF co Coordinate {
            point [
                2.1161 -1.5551 3.3109, 2.1161 -1.5551 1.9254, 2.628 -1.5551 3.3109, 2.628 -1.5551 1.9254, 3.0315 -1.5551 1.2205, 3.0315 -1.5551 3.5039, 2.628 -1.5551 3.429, 2.1161 -1.5551 3.5039, 2.1161 -1.5551 3.429, 2.1161 -1.5551 1.1024, 2.5886 -1.5551 1.1024, 2.1161 -1.5551 1.8072, 2.628 -1.5551 1.8072, 2.5886 -1.5551 0.3543, 3.0315 -1.5551 0.3543, 2.1161 -1.437 1.8072, 2.628 -1.437 1.8072, 2.628 -1.437 1.9254, 2.1161 -1.437 1.9254, 2.628 -1.437 3.429, 2.1161 -1.437 3.429, 2.628 -1.437 3.3109, 2.1161 -1.437 3.3109, 3.0315 -0.5315 4.5276, 2.1161 -0.5315 4.5276, 2.1161 -0.7093 4.512, 3.0315 -0.7093 4.512, 2.1161 -0.8816 4.4658, 3.0315 -0.8816 4.4658, 2.1161 -1.0433 4.3904, 3.0315 -1.0433 4.3904, 2.1161 -1.1895 4.2881, 3.0315 -1.1895 4.2881, 2.1161 -1.3156 4.1619, 3.0315 -1.3156 4.1619, 2.1161 -1.418 4.0157, 3.0315 -1.418 4.0157, 2.1161 -1.4934 3.854, 3.0315 -1.4934 3.854, 2.1161 -1.5396 3.6817, 3.0315 -1.5396 3.6817, 2.1161 1.1614 4.5276, 3.0315 1.1614 4.5276
            ]
        }
        coordIndex [
            0,1,2,-1,2,1,3,-1,3,4,2,-1,2,4,5,-1,2,5,6,-1,6,5,7,-1,6,7,8,-1,9,10,11,-1,11,10,12,-1,13,14,10,-1,10,14,4,-1,10,4,12,-1,12,4,3,-1,15,11,16,-1,16,11,12,-1,17,18,16,-1,16,18,15,-1,19,20,21,-1,21,20,22,-1,17,3,18,-1,18,3,1,-1,16,12,17,-1,17,12,3,-1,19,6,20,-1,20,6,8,-1,21,2,19,-1,19,2,6,-1,22,0,21,-1,21,0,2,-1,23,24,25,-1,23,25,26,-1,26,25,27,-1,26,27,28,-1,28,27,29,-1,28,29,30,-1,30,29,31,-1,30,31,32,-1,32,31,33,-1,32,33,34,-1,34,33,35,-1,34,35,36,-1,36,35,37,-1,36,37,38,-1,38,37,39,-1,38,39,40,-1,40,39,7,-1,40,7,5,-1,41,24,42,-1,42,24,23,-1,
        ]
    }
}
Shape{
    appearance Appearance {
        material  Material 	{
            diffuseColor 0.792156862745098 0.8196078431372549 0.9333333333333333
            specularColor 0.396078431372549 0.4117647058823529 0.4666666666666667
            ambientIntensity 0.8244
            transparency 0.0
            shininess 0.5
        }
    }
    geometry IndexedFaceSet {
        ccw TRUE
        solid FALSE
        coord DEF co Coordinate {
            point [
                -0.137 -0.5118 0.0709, -0.1174 -0.5118 0.0709, -0.137 -0.6492 0.0709, -0.1174 -0.6693 0.0709, -0.2355 -0.6492 0.0709, -0.2355 -0.6693 0.0709, -0.37 -0.552 0.0709, -0.3897 -0.552 0.0709, -0.3667 -0.542 0.0709, -0.3864 -0.5353 0.0709, -0.3569 -0.5353 0.0709, -0.3897 -0.6291 0.0709, -0.37 -0.6291 0.0709, -0.3864 -0.6458 0.0709, -0.3667 -0.6391 0.0709, -0.3733 -0.6592 0.0709, -0.3569 -0.6458 0.0709, -0.3733 -0.5219 0.0709, -0.3601 -0.5152 0.0709, -0.3437 -0.5319 0.0709, -0.3437 -0.5118 0.0709, -0.3142 -0.5319 0.0709, -0.3142 -0.5118 0.0709, -0.3011 -0.5353 0.0709, -0.3011 -0.6458 0.0709, -0.2978 -0.6659 0.0709, -0.3142 -0.6492 0.0709, -0.3142 -0.6693 0.0709, -0.3437 -0.6492 0.0709, -0.3437 -0.6693 0.0709, -0.3601 -0.6659 0.0709, -0.2978 -0.5152 0.0709, -0.2847 -0.5219 0.0709, -0.2912 -0.542 0.0709, -0.2716 -0.5353 0.0709, -0.2847 -0.552 0.0709, -0.265 -0.5487 0.0709, -0.2814 -0.5654 0.0709, -0.2617 -0.5654 0.0709, -0.2814 -0.6157 0.0709, -0.2617 -0.6157 0.0709, -0.2847 -0.6291 0.0709, -0.265 -0.6324 0.0709, -0.2912 -0.6391 0.0709, -0.2716 -0.6458 0.0709, -0.2847 -0.6592 0.0709, -0.4159 -0.6693 0.0709, -0.534 -0.6693 0.0709, -0.534 -0.6492 0.0709, -0.4356 -0.6492 0.0709, -0.4356 -0.5956 0.0709, -0.4159 -0.5118 0.0709, -0.534 -0.5319 0.0709, -0.534 -0.5118 0.0709, -0.4356 -0.5319 0.0709, -0.4356 -0.5755 0.0709, -0.5209 -0.5755 0.0709, -0.5209 -0.5956 0.0709, -0.6521 -0.5353 0.0709, -0.6554 -0.5152 0.0709, -0.639 -0.5319 0.0709, -0.639 -0.5118 0.0709, -0.58 -0.5319 0.0709, -0.5603 -0.5118 0.0709, -0.58 -0.6492 0.0709, -0.5603 -0.6693 0.0709, -0.639 -0.6492 0.0709, -0.639 -0.6693 0.0709, -0.6521 -0.6458 0.0709, -0.6554 -0.6659 0.0709, -0.6685 -0.6592 0.0709, -0.662 -0.6391 0.0709, -0.6817 -0.6458 0.0709, -0.6685 -0.6291 0.0709, -0.6882 -0.6324 0.0709, -0.6718 -0.6157 0.0709, -0.6915 -0.6157 0.0709, -0.6718 -0.5654 0.0709, -0.6915 -0.5654 0.0709, -0.6685 -0.552 0.0709, -0.6882 -0.5487 0.0709, -0.662 -0.542 0.0709, -0.6817 -0.5353 0.0709, -0.6685 -0.5219 0.0709, -0.7538 -0.6157 0.0709, -0.7506 -0.6291 0.0709, -0.8129 -0.6157 0.0709, -0.8162 -0.6291 0.0709, -0.7374 -0.6693 0.0709, -0.7177 -0.6693 0.0709, -0.7702 -0.5118 0.0709, -0.7834 -0.5252 0.0709, -0.7965 -0.5118 0.0709, -0.849 -0.6693 0.0709, -0.8293 -0.6693 0.0709, -0.1174 -0.5118 0.0787, -0.1174 -0.6693 0.0787
            ]
        }
        coordIndex [
            0,1,2,-1,2,1,3,-1,2,3,4,-1,4,3,5,-1,6,7,8,-1,8,7,9,-1,8,9,10,-1,11,12,13,-1,13,12,14,-1,13,14,15,-1,15,14,16,-1,9,17,10,-1,10,17,18,-1,10,18,19,-1,19,18,20,-1,19,20,21,-1,21,20,22,-1,21,22,23,-1,24,25,26,-1,26,25,27,-1,26,27,28,-1,28,27,29,-1,28,29,16,-1,16,29,30,-1,16,30,15,-1,22,31,23,-1,23,31,32,-1,23,32,33,-1,33,32,34,-1,33,34,35,-1,35,34,36,-1,35,36,37,-1,37,36,38,-1,37,38,39,-1,39,38,40,-1,39,40,41,-1,41,40,42,-1,41,42,43,-1,43,42,44,-1,43,44,24,-1,24,44,45,-1,24,45,25,-1,46,47,48,-1,48,49,46,-1,46,49,50,-1,46,50,51,-1,52,53,54,-1,54,53,51,-1,54,51,55,-1,55,51,50,-1,55,50,56,-1,56,50,57,-1,58,59,60,-1,60,59,61,-1,60,61,62,-1,62,61,63,-1,62,63,64,-1,64,63,65,-1,64,65,66,-1,66,65,67,-1,66,67,68,-1,67,69,68,-1,68,69,70,-1,68,70,71,-1,71,70,72,-1,71,72,73,-1,73,72,74,-1,73,74,75,-1,75,74,76,-1,75,76,77,-1,77,76,78,-1,77,78,79,-1,79,78,80,-1,79,80,81,-1,81,80,82,-1,81,82,58,-1,58,82,83,-1,58,83,59,-1,84,85,86,-1,86,85,87,-1,88,85,89,-1,89,85,84,-1,89,84,90,-1,90,84,91,-1,90,91,92,-1,92,91,86,-1,92,86,93,-1,93,86,87,-1,93,87,94,-1,1,95,3,-1,3,95,96,-1,
        ]
    }
}
Shape{
    appearance Appearance {
        material  Material 	{
            diffuseColor 0.2549019607843137 0.2549019607843137 0.2549019607843137
            specularColor 0.2549019607843137 0.2549019607843137 0.2549019607843137
            ambientIntensity 0.2549
            transparency 0.0
            shininess 0.5
        }
    }
    geometry IndexedFaceSet {
        ccw TRUE
        solid FALSE
        coord DEF co Coordinate {
            point [
                -0.137 -0.5118 0.0787, -0.137 -0.6492 0.0787, -0.2355 -0.6492 0.0787, -0.8204 -0.033 0.0787, -0.7185 -0.1112 0.0787, -0.7046 -0.3445 0.0787, -0.7046 0.7469 0.0787, -0.7185 0.7411 0.0787, -1.2044 1.1024 0.0787, -0.8204 0.6629 0.0787, -1.2828 1.0329 0.0787, -0.8986 0.561 0.0787, -1.3232 -0.3445 0.0787, -1.4311 -0.1882 0.0787, -0.8986 0.0689 0.0787, -0.9478 0.1876 0.0787, -1.5237 0.0559 0.0787, -0.9646 0.315 0.0787, -1.5551 0.315 0.0787, -0.9478 0.4423 0.0787, -1.5237 0.5741 0.0787, -1.4311 0.8181 0.0787, -0.3451 0.7903 0.0787, -0.4028 0.7979 0.0787, -0.4028 1.1024 0.0787, -0.4724 0.8071 0.0787, -0.5471 1.1024 0.0787, -0.5471 0.7972 0.0787, -0.7046 1.1024 0.0787, -0.5998 0.7903 0.0787, -0.0488 0.5644 0.0787, -0.1245 0.6629 0.0787, -0.0488 1.1024 0.0787, -0.2264 0.7411 0.0787, -0.2486 1.1024 0.0787, -0.2486 0.7503 0.0787, 0.4862 -0.1882 0.0787, 0.3783 -0.3445 0.0787, -0.0488 -0.3445 0.0787, -0.2486 -0.1204 0.0787, -0.2264 -0.1112 0.0787, -0.4028 -0.3445 0.0787, -0.4028 -0.168 0.0787, -0.2486 -0.3445 0.0787, -0.3451 -0.1604 0.0787, -0.7046 -0.117 0.0787, -0.5998 -0.1604 0.0787, -0.5471 -0.3445 0.0787, -0.5471 -0.1673 0.0787, -0.4724 -0.1772 0.0787, -0.849 -0.6693 0.0787, -0.8293 -0.6693 0.0787, -0.7046 -0.7348 0.0787, -0.7965 -0.5118 0.0787, -0.8162 -0.6291 0.0787, -0.7506 -0.6291 0.0787, -0.7374 -0.6693 0.0787, -0.7177 -0.6693 0.0787, -0.7702 -0.5118 0.0787, -0.8564 -0.6974 0.0787, -1.0875 -0.5761 0.0787, -1.2828 -0.403 0.0787, -0.5603 -0.5118 0.0787, -0.5471 -0.7598 0.0787, -0.6882 -0.6324 0.0787, -0.6817 -0.6458 0.0787, -0.6554 -0.5152 0.0787, -0.6685 -0.5219 0.0787, -0.6817 -0.5353 0.0787, -0.6685 -0.6592 0.0787, -0.6554 -0.6659 0.0787, -0.6029 -0.7598 0.0787, -0.639 -0.6693 0.0787, -0.5603 -0.6693 0.0787, -0.6882 -0.5487 0.0787, -0.6915 -0.5654 0.0787, -0.6915 -0.6157 0.0787, -0.639 -0.5118 0.0787, -0.534 -0.6492 0.0787, -0.534 -0.6693 0.0787, -0.4028 -0.7598 0.0787, -0.4159 -0.6693 0.0787, -0.4159 -0.5118 0.0787, -0.4356 -0.5319 0.0787, -0.4356 -0.5755 0.0787, -0.534 -0.5319 0.0787, -0.5209 -0.5755 0.0787, -0.5209 -0.5956 0.0787, -0.4356 -0.5956 0.0787, -0.4356 -0.6492 0.0787, -0.534 -0.5118 0.0787, -0.37 -0.6291 0.0787, -0.3897 -0.6291 0.0787, -0.3897 -0.552 0.0787, -0.3569 -0.6458 0.0787, -0.3667 -0.6391 0.0787, -0.3864 -0.6458 0.0787, -0.2716 -0.5353 0.0787, -0.2847 -0.5219 0.0787, -0.37 -0.552 0.0787, -0.3667 -0.542 0.0787, -0.2814 -0.5654 0.0787, -0.3569 -0.5353 0.0787, -0.3142 -0.5319 0.0787, -0.3011 -0.5353 0.0787, -0.2912 -0.542 0.0787, -0.3601 -0.5152 0.0787, -0.3733 -0.5219 0.0787, -0.3864 -0.5353 0.0787, -0.3437 -0.5319 0.0787, -0.2847 -0.552 0.0787, -0.2912 -0.6391 0.0787, -0.3011 -0.6458 0.0787, -0.2847 -0.6291 0.0787, -0.3142 -0.6492 0.0787, -0.2814 -0.6157 0.0787, -0.3437 -0.6492 0.0787, -0.3733 -0.6592 0.0787, -0.3601 -0.6659 0.0787, -0.3419 -0.7598 0.0787, -0.2847 -0.6592 0.0787, -0.2716 -0.6458 0.0787, -0.2486 -0.7368 0.0787, -0.265 -0.6324 0.0787, -0.2978 -0.5152 0.0787, -0.3142 -0.5118 0.0787, -0.3437 -0.5118 0.0787, -0.3437 -0.6693 0.0787, -0.3142 -0.6693 0.0787, -0.2978 -0.6659 0.0787, -0.2617 -0.6157 0.0787, -0.2617 -0.5654 0.0787, -0.265 -0.5487 0.0787, -0.1174 -0.5118 0.0787, -0.2355 -0.6693 0.0787, -0.0885 -0.6974 0.0787, -0.1174 -0.6693 0.0787, -0.0488 -0.6765 0.0787, 0.338 -0.403 0.0787, 0.1426 -0.5761 0.0787, -0.1245 -0.033 0.0787, -0.0488 0.0655 0.0787, -0.0462 0.0689 0.0787, 0.5788 0.0559 0.0787, 0.0029 0.1876 0.0787, 0.6102 0.315 0.0787, 0.0197 0.315 0.0787, 0.5788 0.5741 0.0787, 0.0029 0.4423 0.0787, 0.4862 0.8181 0.0787, -0.0462 0.561 0.0787, 0.338 1.0329 0.0787, 0.2596 1.1024 0.0787, 0.1426 1.206 0.0787, -0.0488 1.3064 0.0787, -0.0885 1.3273 0.0787, -0.2486 1.3667 0.0787, -0.3419 1.3897 0.0787, -0.8564 1.3273 0.0787, -0.7046 1.3647 0.0787, -0.6029 1.3897 0.0787, -0.5471 1.3897 0.0787, -0.4028 1.3897 0.0787, -1.0875 1.206 0.0787, -0.4724 -2.7259 0.0787, -0.3896 -2.7368 0.0787, -0.5553 -3.3554 0.0787, -0.4724 -3.3664 0.0787, -0.1951 -3.2062 0.0787, -0.246 -3.2726 0.0787, -0.7498 -2.886 0.0787, -0.6989 -2.8197 0.0787, -0.3123 -3.3234 0.0787, -0.3896 -3.3554 0.0787, -0.6326 -3.3234 0.0787, -0.7927 -3.0461 0.0787, -0.7818 -2.9632 0.0787, -0.6989 -3.2726 0.0787, -0.7498 -3.2062 0.0787, -0.7818 -3.129 0.0787, -0.6326 -2.7688 0.0787, -0.5553 -2.7368 0.0787, -0.3123 -2.7688 0.0787, -0.1522 -3.0461 0.0787, -0.1631 -3.129 0.0787, -0.246 -2.8197 0.0787, -0.1951 -2.886 0.0787, -0.1631 -2.9632 0.0787, 2.5454 2.0733 0.0787, 2.5454 1.6357 0.0787, 1.2859 2.0733 0.0787, 1.8898 1.6357 0.0787, 0.8804 3.3224 0.0787, 1.2859 3.3224 0.0787, 0.8804 2.6772 0.0787, 0.266 2.6772 0.0787, 1.8898 1.2598 0.0787, 1.6142 1.2598 0.0787, -0.2756 2.1015 0.0787, -0.2756 2.6772 0.0787, 0.0254 2.042 0.0787, 0.3118 1.9322 0.0787, 1.6142 0.7853 0.0787, 1.2623 0.7853 0.0787, 1.157 1.0735 0.0787, 1.0043 1.3395 0.0787, 0.8085 1.5757 0.0787, 0.5755 1.7752 0.0787, -1.8252 2.6772 0.0787, -1.2109 2.6772 0.0787, -2.5591 1.2598 0.0787, -0.6693 2.6772 0.0787, -0.6693 2.1015 0.0787, -0.9703 2.042 0.0787, -2.2072 0.7853 0.0787, -2.5591 0.7853 0.0787, -2.1019 1.0735 0.0787, -1.9492 1.3395 0.0787, -3.4646 1.2598 0.0787, -3.4646 2.0733 0.0787, -2.2308 2.0733 0.0787, -2.2308 3.3224 0.0787, -1.8252 3.3224 0.0787, -1.2567 1.9322 0.0787, -1.5203 1.7752 0.0787, -1.7534 1.5757 0.0787, 1.8898 -1.0058 0.0787, 2.5454 -1.0058 0.0787, 2.5454 -1.4434 0.0787, 0.8563 -3.563 0.0787, 0.7579 -3.563 0.0787, 0.3686 -2.3503 0.0787, -2.5591 -0.6299 0.0787, -1.7028 -1.7913 0.0787, -1.8012 -1.7913 0.0787, -3.4646 -1.4434 0.0787, -3.4646 -0.6299 0.0787, -2.2308 -1.4434 0.0787, -2.1653 -2.3503 0.0787, -2.1653 -2.0472 0.0787, -2.2308 -2.0472 0.0787, -2.5591 -0.1554 0.0787, -2.2072 -0.1554 0.0787, -0.8058 -1.4512 0.0787, -0.4724 -1.4824 0.0787, -0.139 -1.4512 0.0787, 0.1828 -1.3587 0.0787, 0.3686 -1.2652 0.0787, -1.4268 -1.2081 0.0787, -1.1277 -1.3587 0.0787, -1.7028 -2.1063 0.0787, -1.8012 -2.1063 0.0787, -2.0898 -0.469 0.0787, -1.9163 -0.7554 0.0787, -1.6927 -1.0047 0.0787, -1.9685 -4.1992 0.0787, -2.05 -4.1367 0.0787, -1.8012 -3.878 0.0787, -2.1126 -4.0551 0.0787, -2.1519 -3.9602 0.0787, -2.1653 -3.8583 0.0787, -1.8012 -3.563 0.0787, -1.7028 -3.563 0.0787, -0.5894 -3.4825 0.0787, -1.7028 -3.878 0.0787, -0.6983 -3.4373 0.0787, -0.7919 -3.3655 0.0787, 0.3686 -4.252 0.0787, -1.7716 -4.252 0.0787, -1.8735 -4.2386 0.0787, -0.153 -2.7267 0.0787, -0.2466 -2.6549 0.0787, -0.8636 -2.8203 0.0787, -0.7919 -2.7267 0.0787, -0.6983 -2.6549 0.0787, -0.9088 -2.9292 0.0787, -0.9242 -3.0461 0.0787, -0.9088 -3.163 0.0787, -0.8636 -3.272 0.0787, -0.4724 -3.4978 0.0787, -0.3555 -3.4825 0.0787, -0.2466 -3.4373 0.0787, -0.0361 -3.163 0.0787, -0.0207 -3.0461 0.0787, -0.3555 -2.6098 0.0787, -0.4724 -2.5944 0.0787, -0.5894 -2.6098 0.0787, -0.153 -3.3655 0.0787, -0.0812 -3.272 0.0787, -0.0361 -2.9292 0.0787, -0.0812 -2.8203 0.0787, 1.1677 -4.0551 0.0787, 1.1052 -4.1367 0.0787, 0.8563 -3.878 0.0787, 0.7579 -3.878 0.0787, 1.0236 -4.1992 0.0787, 0.9287 -4.2386 0.0787, 0.8268 -4.252 0.0787, 1.2205 -2.3503 0.0787, 1.2205 -3.8583 0.0787, 1.2071 -3.9602 0.0787, 1.2623 -0.1554 0.0787, 1.6142 -0.1554 0.0787, 1.1449 -0.469 0.0787, 1.6142 -0.6299 0.0787, 0.9715 -0.7554 0.0787, 0.7479 -1.0047 0.0787, 1.2859 -1.4434 0.0787, 1.8898 -0.6299 0.0787, 0.4819 -1.2081 0.0787, 0.8563 -1.7913 0.0787, 0.7579 -1.7913 0.0787, 0.7579 -2.1063 0.0787, 0.8563 -2.1063 0.0787, 1.2205 -2.0472 0.0787, 1.2859 -2.0472 0.0787, -0.6521 -0.6458 0.0787, -0.662 -0.6391 0.0787, -0.639 -0.6492 0.0787, -0.6685 -0.6291 0.0787, -0.6718 -0.6157 0.0787, -0.662 -0.542 0.0787, -0.6521 -0.5353 0.0787, -0.6685 -0.552 0.0787, -0.639 -0.5319 0.0787, -0.6718 -0.5654 0.0787, -0.58 -0.5319 0.0787, -0.58 -0.6492 0.0787, -0.7538 -0.6157 0.0787, -0.8129 -0.6157 0.0787, -0.7834 -0.5252 0.0787, 0.6102 0.315 0.0, 0.5788 0.0559 0.0, 0.4862 -0.1882 0.0, 0.338 -0.403 0.0, 0.1426 -0.5761 0.0, -0.0885 -0.6974 0.0, -0.3419 -0.7598 0.0, -0.6029 -0.7598 0.0, -1.2828 -0.403 0.0, -1.0875 -0.5761 0.0, -0.8564 -0.6974 0.0, -1.5551 0.315 0.0, -1.5237 0.0559 0.0, -1.4311 -0.1882 0.0, -1.5237 0.5741 0.0, -1.4311 0.8181 0.0, -1.2828 1.0329 0.0, -1.0875 1.206 0.0, -0.8564 1.3273 0.0, -0.6029 1.3897 0.0, -0.3419 1.3897 0.0, 0.1426 1.206 0.0, -0.0885 1.3273 0.0, 0.338 1.0329 0.0, 0.5788 0.5741 0.0, 0.4862 0.8181 0.0, -0.7185 0.7411 0.0, -0.5998 0.7903 0.0, -0.1245 -0.033 0.0, -0.4724 0.8071 0.0, -0.3451 0.7903 0.0, -0.2264 0.7411 0.0, -0.1245 0.6629 0.0, -0.0462 0.561 0.0, 0.0029 0.4423 0.0, -0.3451 -0.1604 0.0, -0.4724 -0.1772 0.0, -0.8204 0.6629 0.0, -0.5998 -0.1604 0.0, -0.7185 -0.1112 0.0, -0.8986 0.561 0.0, -0.8204 -0.033 0.0, -0.8986 0.0689 0.0, 0.0197 0.315 0.0, 0.0029 0.1876 0.0, -0.0462 0.0689 0.0, -0.2264 -0.1112 0.0, -0.9478 0.1876 0.0, -0.9646 0.315 0.0, -0.9478 0.4423 0.0, -0.1631 -2.9632 0.0, -0.0361 -2.9292 0.0, -0.1522 -3.0461 0.0, -0.0207 -3.0461 0.0, -0.1631 -3.129 0.0, -0.0361 -3.163 0.0, -0.1951 -3.2062 0.0, -0.0812 -3.272 0.0, -0.246 -3.2726 0.0, -0.153 -3.3655 0.0, -0.3123 -3.3234 0.0, -0.2466 -3.4373 0.0, -0.3896 -3.3554 0.0, -0.3555 -3.4825 0.0, -0.4724 -3.3664 0.0, -0.4724 -3.4978 0.0, -0.5553 -3.3554 0.0, -0.5894 -3.4825 0.0, -0.6326 -3.3234 0.0, -0.6983 -3.4373 0.0, -0.6989 -3.2726 0.0, -0.7919 -3.3655 0.0, -0.7498 -3.2062 0.0, -0.8636 -3.272 0.0, -0.7818 -3.129 0.0, -0.9088 -3.163 0.0, -0.7927 -3.0461 0.0, -0.9242 -3.0461 0.0, -0.7818 -2.9632 0.0, -0.9088 -2.9292 0.0, -0.7498 -2.886 0.0, -0.8636 -2.8203 0.0, -0.6989 -2.8197 0.0, -0.7919 -2.7267 0.0, -0.6326 -2.7688 0.0, -0.6983 -2.6549 0.0, -0.5553 -2.7368 0.0, -0.5894 -2.6098 0.0, -0.4724 -2.7259 0.0, -0.4724 -2.5944 0.0, -0.3896 -2.7368 0.0, -0.3555 -2.6098 0.0, -0.3123 -2.7688 0.0, -0.2466 -2.6549 0.0, -0.246 -2.8197 0.0, -0.153 -2.7267 0.0, -0.1951 -2.886 0.0, -0.0812 -2.8203 0.0, -1.2109 2.9035 0.0, 0.266 2.9035 0.0, -0.2756 2.6772 0.0, 0.266 2.6772 0.0, 1.1417 0.7853 0.0, -0.2756 2.1015 0.0, 0.0254 2.042 0.0, 0.3118 1.9322 0.0, 0.5755 1.7752 0.0, 0.8085 1.5757 0.0, 1.1417 -0.1554 0.0, 0.7479 -1.0047 0.0, 0.4819 -1.2081 0.0, -0.6693 2.1015 0.0, -2.0866 0.7853 0.0, -2.2072 0.7853 0.0, 1.2623 -0.1554 0.0, 1.1449 -0.469 0.0, 0.9715 -0.7554 0.0, 1.0043 1.3395 0.0, 1.157 1.0735 0.0, 1.2623 0.7853 0.0, -2.1019 1.0735 0.0, -1.9492 1.3395 0.0, -1.7534 1.5757 0.0, -1.5203 1.7752 0.0, -1.2567 1.9322 0.0, -0.9703 2.042 0.0, -1.6927 -1.0047 0.0, -1.9163 -0.7554 0.0, -2.0866 -0.1554 0.0, -2.0898 -0.469 0.0, -2.2072 -0.1554 0.0, -0.139 -1.4512 0.0, 0.1828 -1.3587 0.0, -0.4724 -1.4824 0.0, -0.8058 -1.4512 0.0, -1.1277 -1.3587 0.0, -1.4268 -1.2081 0.0, -1.2109 2.6772 0.0, -0.6693 2.6772 0.0, 0.266 2.9035 1.378, 0.266 2.6772 1.378, -1.2109 2.9035 1.378, -1.2109 2.6772 1.378, -1.8252 2.6772 0.6299, -2.2308 2.6772 0.2362, -2.8346 2.6772 0.2362, -2.2308 2.6772 0.6299, -2.8346 2.6772 3.3465, 1.8898 2.6772 3.3465, 1.8898 2.6772 0.2362, 1.2859 2.6772 0.6299, 1.2859 2.6772 0.2362, 0.8804 2.6772 0.6299, -2.0866 0.7853 1.8536, -2.5591 0.7853 1.8536, -2.5591 1.0486 2.092, -2.5591 1.2598 2.092, -2.5591 0.9029 1.9374, -2.5591 -0.1554 1.8536, -2.5591 -0.273 1.9374, -2.5591 -0.4187 2.092, -2.5591 -0.6299 2.092, -3.4646 1.2598 2.092, -3.4646 1.0486 2.092, -2.0866 0.7255 1.8207, -3.4646 -0.4187 2.092, -3.4646 -0.273 1.9374, -2.0866 -0.0956 1.8207, -2.0866 -0.1554 1.8536, -3.4646 0.7255 1.8207, -3.4646 0.9029 1.9374, -2.0866 0.5259 1.748, -3.4646 0.5259 1.748, -2.0866 0.315 1.7233, -3.4646 0.315 1.7233, -2.0866 0.104 1.748, -3.4646 0.104 1.748, -3.4646 -0.0956 1.8207, -3.4646 -0.6299 2.092, -3.4646 2.0733 0.6966, -3.4646 1.5846 0.6966, -3.4646 1.5846 2.6024, -3.4646 -1.4434 0.6966, -3.4646 -0.9546 0.6966, -3.4646 0.9027 2.4497, -3.4646 0.931 2.6024, -3.4646 -0.9546 2.6024, -3.4646 -0.3011 2.6024, -3.4646 -0.2728 2.4497, -3.4646 -0.2073 2.309, -3.4646 -0.1087 2.1891, -3.4646 0.0167 2.0976, -3.4646 0.161 2.0402, -3.4646 0.315 2.0207, -3.4646 0.469 2.0402, -3.4646 0.6132 2.0976, -3.4646 0.7386 2.1891, -3.4646 0.8372 2.309, -3.2677 0.931 2.6024, -3.2677 0.9027 2.4497, -3.2677 0.8372 2.309, -3.2677 0.7386 2.1891, -3.2677 0.6132 2.0976, -3.2677 0.469 2.0402, -3.2677 0.315 2.0207, -3.2677 0.161 2.0402, -3.2677 0.0167 2.0976, -3.2677 -0.1087 2.1891, -3.2677 -0.2073 2.309, -3.2677 -0.2728 2.4497, -3.2677 -0.3011 2.6024, -2.8346 0.931 2.6024, -2.8346 1.5846 2.6024, -2.8346 1.5846 0.6966, -2.8346 2.0733 0.6966, -2.8346 2.0733 0.2362, -2.8346 -1.4434 0.2362, -2.8346 -2.0472 0.2362, -2.8346 -1.4434 0.6966, -2.8346 -2.0472 3.3465, -2.8346 -0.9546 0.6966, -2.8346 -0.9546 2.6024, -2.8346 0.0885 3.2119, -2.8346 -0.0467 3.1378, -2.8346 -0.6693 3.3465, -2.8346 -0.1594 3.0325, -2.8346 0.9206 2.7562, -2.8346 0.8724 2.9026, -2.8346 1.2992 3.3465, -2.8346 0.7893 3.0325, -2.8346 0.6767 3.1378, -2.8346 0.5414 3.2119, -2.8346 0.392 3.2501, -2.8346 0.2379 3.2501, -2.8346 -0.3011 2.6024, -2.8346 -0.2907 2.7562, -2.8346 -0.2424 2.9026
            ]
        }
        coordIndex [
            0,1,2,-1,3,4,5,-1,6,7,8,-1,8,7,9,-1,8,9,10,-1,10,9,11,-1,12,13,14,-1,14,13,15,-1,15,13,16,-1,15,16,17,-1,17,16,18,-1,17,18,19,-1,19,18,20,-1,19,20,11,-1,11,20,21,-1,11,21,10,-1,22,23,24,-1,24,23,25,-1,24,25,26,-1,26,25,27,-1,26,27,28,-1,28,27,29,-1,28,29,6,-1,30,31,32,-1,32,31,33,-1,32,33,34,-1,34,33,35,-1,34,35,22,-1,36,37,38,-1,39,40,38,-1,41,42,43,-1,43,42,44,-1,4,45,5,-1,5,45,46,-1,5,46,47,-1,47,46,48,-1,47,48,41,-1,41,48,49,-1,41,49,42,-1,50,51,52,-1,14,3,12,-1,12,3,5,-1,12,5,53,-1,54,55,51,-1,51,55,56,-1,51,56,52,-1,52,56,57,-1,52,57,5,-1,5,57,58,-1,5,58,53,-1,52,59,50,-1,50,59,60,-1,50,60,53,-1,53,60,61,-1,53,61,12,-1,62,47,63,-1,64,65,52,-1,66,67,5,-1,5,67,68,-1,65,69,52,-1,52,69,70,-1,52,70,71,-1,71,70,72,-1,71,72,63,-1,63,72,73,-1,63,73,62,-1,68,74,5,-1,5,74,75,-1,5,75,52,-1,52,75,76,-1,52,76,64,-1,47,62,5,-1,5,62,77,-1,5,77,66,-1,47,78,63,-1,63,78,79,-1,63,79,80,-1,80,79,81,-1,80,81,82,-1,83,84,85,-1,85,84,86,-1,85,86,87,-1,88,89,87,-1,87,89,78,-1,87,78,85,-1,85,78,47,-1,85,47,90,-1,91,92,93,-1,93,92,41,-1,94,95,91,-1,90,47,82,-1,82,47,41,-1,82,41,80,-1,80,41,92,-1,80,92,96,-1,97,98,43,-1,99,100,101,-1,101,100,102,-1,103,104,105,-1,106,107,41,-1,41,107,108,-1,41,108,93,-1,102,109,101,-1,101,109,103,-1,101,103,110,-1,110,103,105,-1,111,112,113,-1,113,112,114,-1,113,114,115,-1,115,114,116,-1,116,94,115,-1,115,94,91,-1,115,91,101,-1,101,91,93,-1,101,93,99,-1,96,117,80,-1,80,117,118,-1,80,118,119,-1,120,121,122,-1,122,121,123,-1,98,124,43,-1,43,124,125,-1,43,125,41,-1,41,125,126,-1,41,126,106,-1,118,127,119,-1,119,127,128,-1,119,128,122,-1,122,128,129,-1,122,129,120,-1,123,130,122,-1,122,130,131,-1,122,131,43,-1,43,131,132,-1,43,132,97,-1,133,0,43,-1,43,0,2,-1,43,2,122,-1,122,2,134,-1,122,134,135,-1,135,134,136,-1,135,136,137,-1,137,136,133,-1,137,133,38,-1,38,133,43,-1,38,43,39,-1,39,43,44,-1,37,138,38,-1,38,138,139,-1,38,139,137,-1,40,140,38,-1,38,140,141,-1,38,141,36,-1,36,141,142,-1,36,142,143,-1,143,142,144,-1,143,144,145,-1,145,144,146,-1,145,146,147,-1,147,146,148,-1,147,148,149,-1,149,148,150,-1,149,150,151,-1,151,150,30,-1,151,30,152,-1,152,30,32,-1,152,32,153,-1,153,32,154,-1,154,32,155,-1,155,32,34,-1,155,34,156,-1,22,24,34,-1,34,24,157,-1,34,157,156,-1,158,159,28,-1,28,159,160,-1,28,160,26,-1,26,160,161,-1,26,161,24,-1,24,161,162,-1,24,162,157,-1,6,8,28,-1,28,8,163,-1,28,163,158,-1,164,165,166,-1,166,165,167,-1,165,168,169,-1,166,170,171,-1,169,172,165,-1,165,172,173,-1,165,173,167,-1,174,175,166,-1,166,175,176,-1,166,176,170,-1,174,177,175,-1,175,177,178,-1,175,178,179,-1,171,180,166,-1,166,180,181,-1,166,181,164,-1,182,183,165,-1,165,183,184,-1,165,184,168,-1,182,185,183,-1,183,185,186,-1,183,186,187,-1,188,189,190,-1,190,189,191,-1,192,193,194,-1,194,193,190,-1,194,190,195,-1,191,196,190,-1,190,196,197,-1,190,197,195,-1,198,199,200,-1,200,199,195,-1,200,195,201,-1,202,203,197,-1,197,203,204,-1,204,205,197,-1,197,205,206,-1,197,206,195,-1,195,206,207,-1,195,207,201,-1,208,209,210,-1,211,212,209,-1,209,212,213,-1,214,215,216,-1,216,215,210,-1,216,210,217,-1,218,219,210,-1,210,219,220,-1,210,220,208,-1,208,220,221,-1,208,221,222,-1,213,223,209,-1,209,223,224,-1,209,224,210,-1,210,224,225,-1,210,225,217,-1,226,227,228,-1,229,230,231,-1,232,233,234,-1,235,236,237,-1,237,236,232,-1,238,239,234,-1,232,234,237,-1,237,234,239,-1,237,239,240,-1,232,241,242,-1,243,244,231,-1,244,245,231,-1,231,245,246,-1,231,246,247,-1,248,249,233,-1,249,243,233,-1,233,243,231,-1,233,231,250,-1,250,231,238,-1,250,238,251,-1,251,238,234,-1,242,252,232,-1,232,252,253,-1,232,253,233,-1,233,253,254,-1,233,254,248,-1,255,256,257,-1,257,256,258,-1,258,259,257,-1,257,259,260,-1,257,260,261,-1,261,260,238,-1,261,238,262,-1,263,264,265,-1,265,264,266,-1,263,267,264,-1,264,267,268,-1,264,268,257,-1,257,268,269,-1,257,269,255,-1,231,270,271,-1,272,238,273,-1,273,238,274,-1,272,275,238,-1,238,275,276,-1,238,276,262,-1,262,276,277,-1,262,277,264,-1,264,277,278,-1,264,278,266,-1,263,279,267,-1,267,279,280,-1,267,280,281,-1,282,283,231,-1,271,284,231,-1,231,284,285,-1,231,285,238,-1,238,285,286,-1,238,286,274,-1,281,287,267,-1,267,287,288,-1,267,288,282,-1,283,289,231,-1,231,289,290,-1,231,290,270,-1,291,292,293,-1,282,231,267,-1,267,231,230,-1,267,230,294,-1,292,295,293,-1,293,295,296,-1,293,296,294,-1,294,296,297,-1,294,297,267,-1,231,298,229,-1,229,298,299,-1,229,299,293,-1,293,299,300,-1,293,300,291,-1,301,302,303,-1,303,302,304,-1,303,304,305,-1,305,304,306,-1,228,307,226,-1,226,307,304,-1,226,304,308,-1,309,310,247,-1,247,310,311,-1,247,311,231,-1,231,311,312,-1,231,312,298,-1,298,312,313,-1,298,313,314,-1,309,306,310,-1,310,306,304,-1,310,304,313,-1,313,304,307,-1,313,307,314,-1,314,307,315,-1,316,317,318,-1,318,317,319,-1,318,319,320,-1,321,322,323,-1,323,322,324,-1,323,324,325,-1,325,324,326,-1,325,326,320,-1,320,326,327,-1,320,327,318,-1,328,329,330,-1,145,331,143,-1,143,331,332,-1,143,332,36,-1,36,332,333,-1,36,333,37,-1,37,333,334,-1,37,334,138,-1,138,334,139,-1,139,334,335,-1,139,335,137,-1,137,335,336,-1,137,336,135,-1,135,336,122,-1,122,336,337,-1,122,337,119,-1,338,71,63,-1,338,63,337,-1,337,63,80,-1,337,80,119,-1,339,61,340,-1,340,61,60,-1,340,60,341,-1,341,60,59,-1,341,59,338,-1,338,59,52,-1,338,52,71,-1,342,18,343,-1,343,18,16,-1,343,16,344,-1,344,16,13,-1,344,13,339,-1,339,13,12,-1,339,12,61,-1,18,342,20,-1,20,342,345,-1,20,345,21,-1,21,345,346,-1,21,346,10,-1,10,346,347,-1,10,347,8,-1,8,347,163,-1,163,347,348,-1,163,348,158,-1,158,348,349,-1,158,349,159,-1,159,349,350,-1,159,350,160,-1,351,157,162,-1,351,162,350,-1,350,162,161,-1,350,161,160,-1,352,154,353,-1,353,154,155,-1,353,155,351,-1,351,155,156,-1,351,156,157,-1,354,152,352,-1,352,152,153,-1,352,153,154,-1,331,145,355,-1,355,145,147,-1,355,147,356,-1,356,147,149,-1,356,149,354,-1,354,149,151,-1,354,151,152,-1,357,358,359,-1,358,360,359,-1,359,360,361,-1,359,361,362,-1,363,364,365,-1,366,367,368,-1,367,369,368,-1,368,369,370,-1,368,370,371,-1,371,370,372,-1,371,372,373,-1,365,374,363,-1,363,374,375,-1,363,375,362,-1,362,375,376,-1,362,376,359,-1,357,359,368,-1,368,359,377,-1,368,377,366,-1,373,378,371,-1,371,378,379,-1,371,379,380,-1,381,382,383,-1,383,382,384,-1,383,384,385,-1,385,384,386,-1,385,386,387,-1,387,386,388,-1,387,388,389,-1,389,388,390,-1,389,390,391,-1,391,390,392,-1,391,392,393,-1,393,392,394,-1,393,394,395,-1,395,394,396,-1,395,396,397,-1,397,396,398,-1,397,398,399,-1,399,398,400,-1,399,400,401,-1,401,400,402,-1,401,402,403,-1,403,402,404,-1,403,404,405,-1,405,404,406,-1,405,406,407,-1,407,406,408,-1,407,408,409,-1,409,408,410,-1,409,410,411,-1,411,410,412,-1,411,412,413,-1,413,412,414,-1,413,414,415,-1,415,414,416,-1,415,416,417,-1,417,416,418,-1,417,418,419,-1,419,418,420,-1,419,420,421,-1,421,420,422,-1,421,422,423,-1,423,422,424,-1,423,424,425,-1,425,424,426,-1,425,426,427,-1,427,426,428,-1,427,428,381,-1,381,428,382,-1,429,430,431,-1,431,430,432,-1,433,434,435,-1,435,436,433,-1,433,436,437,-1,433,437,438,-1,439,440,441,-1,442,443,444,-1,445,446,439,-1,439,446,447,-1,439,447,440,-1,438,448,433,-1,433,448,449,-1,433,449,450,-1,444,451,442,-1,442,451,452,-1,442,452,453,-1,453,454,442,-1,442,454,455,-1,442,455,456,-1,457,458,459,-1,459,458,460,-1,459,460,461,-1,335,334,439,-1,336,335,462,-1,462,335,439,-1,462,439,463,-1,463,439,441,-1,334,333,439,-1,439,333,332,-1,439,332,433,-1,433,332,331,-1,433,331,355,-1,336,462,337,-1,337,462,464,-1,337,464,338,-1,338,464,465,-1,338,465,341,-1,341,465,466,-1,341,466,340,-1,340,466,467,-1,340,467,339,-1,339,467,457,-1,339,457,344,-1,344,457,459,-1,344,459,343,-1,355,356,433,-1,433,356,354,-1,433,354,434,-1,354,352,434,-1,434,352,353,-1,434,353,351,-1,468,429,469,-1,469,429,431,-1,469,431,442,-1,442,431,434,-1,442,434,443,-1,443,434,348,-1,443,348,347,-1,347,346,443,-1,443,346,345,-1,443,345,459,-1,459,345,342,-1,459,342,343,-1,351,350,434,-1,434,350,349,-1,434,349,348,-1,364,148,365,-1,365,148,146,-1,365,146,374,-1,362,31,363,-1,363,31,30,-1,363,30,364,-1,364,30,150,-1,364,150,148,-1,23,22,361,-1,361,22,35,-1,361,35,362,-1,362,35,33,-1,362,33,31,-1,23,361,25,-1,25,361,360,-1,25,360,27,-1,27,360,358,-1,27,358,29,-1,29,358,6,-1,6,358,357,-1,6,357,7,-1,7,357,368,-1,7,368,9,-1,9,368,371,-1,9,371,11,-1,11,371,380,-1,11,380,19,-1,19,380,379,-1,19,379,17,-1,370,3,372,-1,372,3,14,-1,372,14,373,-1,373,14,15,-1,373,15,378,-1,378,15,17,-1,378,17,379,-1,48,46,369,-1,369,46,45,-1,369,45,370,-1,370,45,4,-1,370,4,3,-1,48,369,49,-1,49,369,367,-1,49,367,42,-1,42,367,366,-1,42,366,44,-1,44,366,39,-1,39,366,377,-1,39,377,40,-1,40,377,359,-1,40,359,140,-1,140,359,141,-1,141,359,376,-1,141,376,142,-1,142,376,375,-1,142,375,144,-1,144,375,374,-1,144,374,146,-1,183,383,184,-1,184,383,385,-1,184,385,168,-1,168,385,387,-1,168,387,169,-1,169,387,389,-1,169,389,172,-1,172,389,391,-1,172,391,173,-1,173,391,393,-1,173,393,167,-1,167,393,395,-1,167,395,166,-1,166,395,397,-1,166,397,174,-1,174,397,399,-1,174,399,177,-1,177,399,401,-1,177,401,178,-1,178,401,403,-1,178,403,179,-1,179,403,405,-1,179,405,175,-1,175,405,407,-1,175,407,176,-1,176,407,409,-1,176,409,170,-1,170,409,411,-1,170,411,171,-1,171,411,413,-1,171,413,180,-1,180,413,415,-1,180,415,181,-1,181,415,417,-1,181,417,164,-1,164,417,419,-1,164,419,165,-1,165,419,421,-1,165,421,182,-1,182,421,423,-1,182,423,185,-1,185,423,425,-1,185,425,186,-1,186,425,427,-1,186,427,187,-1,187,427,381,-1,187,381,183,-1,183,381,383,-1,283,384,382,-1,283,382,289,-1,289,382,428,-1,289,428,290,-1,290,428,426,-1,290,426,270,-1,270,426,424,-1,270,424,271,-1,271,424,422,-1,271,422,284,-1,284,422,420,-1,284,420,285,-1,285,420,418,-1,285,418,286,-1,286,418,416,-1,286,416,274,-1,274,416,414,-1,274,414,273,-1,273,414,412,-1,273,412,272,-1,272,412,410,-1,272,410,275,-1,275,410,408,-1,275,408,276,-1,276,408,406,-1,276,406,277,-1,277,406,404,-1,277,404,278,-1,278,404,402,-1,278,402,266,-1,266,402,400,-1,266,400,265,-1,265,400,398,-1,265,398,263,-1,263,398,396,-1,263,396,279,-1,279,396,394,-1,279,394,280,-1,280,394,392,-1,280,392,281,-1,281,392,390,-1,281,390,287,-1,287,390,388,-1,287,388,288,-1,288,388,386,-1,288,386,282,-1,282,386,384,-1,282,384,283,-1,432,430,195,-1,195,430,470,-1,195,470,471,-1,472,473,470,-1,470,473,471,-1,209,208,473,-1,473,208,474,-1,475,476,477,-1,477,476,478,-1,479,480,481,-1,481,480,482,-1,194,195,483,-1,483,195,471,-1,474,477,473,-1,473,477,478,-1,473,478,471,-1,471,478,479,-1,471,479,483,-1,483,479,481,-1,473,472,209,-1,209,472,429,-1,209,429,468,-1,469,211,468,-1,468,211,209,-1,442,212,469,-1,469,212,211,-1,212,442,456,-1,212,456,213,-1,213,456,455,-1,213,455,223,-1,223,455,454,-1,223,454,224,-1,224,454,453,-1,224,453,225,-1,225,453,452,-1,225,452,217,-1,217,452,451,-1,217,451,216,-1,216,451,444,-1,216,444,214,-1,444,443,214,-1,214,443,484,-1,214,484,215,-1,215,484,485,-1,486,487,488,-1,488,487,210,-1,488,210,485,-1,485,210,215,-1,489,241,490,-1,490,241,232,-1,490,232,491,-1,491,232,492,-1,210,487,218,-1,218,487,493,-1,487,486,493,-1,493,486,494,-1,485,484,495,-1,491,496,497,-1,498,499,489,-1,488,485,500,-1,500,501,488,-1,488,501,494,-1,488,494,486,-1,485,495,500,-1,500,495,502,-1,500,502,503,-1,503,502,504,-1,503,504,505,-1,505,504,506,-1,505,506,507,-1,507,506,498,-1,507,498,508,-1,508,498,489,-1,508,489,497,-1,497,489,490,-1,497,490,491,-1,491,492,496,-1,496,492,509,-1,509,492,236,-1,236,492,232,-1,510,219,511,-1,511,219,218,-1,511,218,512,-1,512,218,493,-1,235,513,236,-1,236,513,514,-1,236,514,509,-1,493,494,512,-1,512,494,515,-1,512,515,516,-1,517,518,519,-1,514,517,509,-1,509,517,519,-1,509,519,496,-1,496,519,520,-1,496,520,497,-1,497,520,521,-1,497,521,508,-1,508,521,522,-1,508,522,507,-1,507,522,523,-1,507,523,505,-1,505,523,524,-1,505,524,503,-1,503,524,525,-1,503,525,500,-1,500,525,526,-1,500,526,501,-1,501,526,527,-1,501,527,494,-1,494,527,528,-1,494,528,515,-1,529,516,530,-1,530,516,515,-1,530,515,531,-1,531,515,528,-1,531,528,532,-1,532,528,527,-1,532,527,533,-1,533,527,526,-1,533,526,534,-1,534,526,525,-1,534,525,535,-1,535,525,524,-1,535,524,536,-1,536,524,523,-1,536,523,537,-1,537,523,522,-1,537,522,538,-1,538,522,521,-1,538,521,539,-1,539,521,520,-1,539,520,540,-1,540,520,519,-1,540,519,541,-1,541,519,518,-1,542,543,529,-1,529,543,512,-1,529,512,516,-1,512,543,511,-1,511,543,544,-1,478,476,545,-1,545,476,546,-1,547,548,549,-1,549,548,550,-1,549,550,551,-1,551,550,552,-1,545,544,478,-1,478,544,543,-1,478,543,542,-1,553,554,555,-1,555,554,556,-1,555,556,550,-1,542,557,478,-1,478,557,558,-1,478,558,559,-1,559,558,560,-1,559,560,561,-1,561,562,559,-1,559,562,563,-1,559,563,555,-1,555,563,564,-1,555,564,553,-1,565,552,566,-1,566,552,550,-1,566,550,567,-1,567,550,556,-1,
        ]
    }
}
Shape{
    appearance Appearance {
        material  Material 	{
            diffuseColor 1.0 1.0 1.0
            specularColor 0.5019607843137255 0.5019607843137255 0.5019607843137255
            ambientIntensity 1.0
            transparency 0.0
            shininess 0.5
        }
    }
    geometry IndexedFaceSet {
        ccw TRUE
        solid FALSE
        coord DEF co Coordinate {
            point [
                0.7292 -0.374 4.9548, 0.6985 -0.374 4.9721, 0.6985 -0.6693 4.9721, 0.3846 -0.374 5.1181, 0.3846 -0.6693 5.1181, 0.9382 -0.3101 4.8191, 0.9078 -0.3312 4.8414, 0.9883 -0.6693 4.7826, 0.8669 -0.3449 4.8683, 0.7988 -0.3678 4.9132, 0.7924 -0.3684 4.917, 0.9883 1.2992 4.7826, 0.988 0.9021 4.7822, 1.248 1.2992 4.5536, 0.9973 0.894 4.7751, 1.0244 0.8707 4.7546, 1.025 0.8699 4.7542, 1.046 0.8397 4.7371, 1.0762 0.7963 4.7124, 1.0817 0.7829 4.7077, 1.1063 0.7232 4.6868, 1.1064 0.7229 4.6866, 1.118 0.6624 4.6765, 1.1214 0.645 4.6736, 1.1229 0.6102 4.6722, 1.1229 0.0197 4.6722, 1.248 -0.6693 4.5536, 1.119 -0.0264 4.6757, 1.1174 -0.046 4.6771, 1.1062 -0.087 4.6868, 1.0969 -0.121 4.6949, 1.0818 -0.1508 4.7076, 1.0655 -0.1829 4.7213, 1.0599 -0.1939 4.726, 1.0445 -0.2123 4.7382, 1.0008 -0.2641 4.7729, 0.996 -0.2698 4.7768, 0.9882 -0.2752 4.7825, 0.6985 1.2992 4.9721, 0.7292 1.0039 4.9548, 0.7811 0.9965 4.923, 0.8398 0.9881 4.8872, 0.8593 0.9791 4.8738, 0.9352 0.9444 4.8217, 0.9431 0.9407 4.8163, 0.6985 1.0039 4.9721, 0.3846 1.2992 5.1181, 0.3846 1.0039 5.1181, 1.4722 -0.6693 4.2897, 1.4722 1.2992 4.2897, 1.6562 -0.6693 3.9965, 1.6562 1.2992 3.9965, 1.7964 -0.6693 3.6799, 1.7964 1.2992 3.6799, 1.8898 -0.6693 3.3465, 1.8898 1.2992 3.3465, -1.6741 1.0039 4.9548, -1.6434 1.0039 4.9721, -1.6434 1.2992 4.9721, -1.3295 1.0039 5.1181, -1.3295 1.2992 5.1181, -1.883 0.94 4.8191, -1.8526 0.9611 4.8414, -1.9332 1.2992 4.7826, -1.8118 0.9749 4.8683, -1.7437 0.9977 4.9132, -1.7373 0.9983 4.917, -1.9332 -0.6693 4.7826, -1.9329 -0.2721 4.7822, -2.1929 -0.6693 4.5536, -1.9422 -0.2641 4.7751, -1.9693 -0.2408 4.7546, -1.9698 -0.24 4.7542, -1.9908 -0.2098 4.7371, -2.021 -0.1664 4.7124, -2.0266 -0.153 4.7077, -2.0512 -0.0933 4.6868, -2.0513 -0.093 4.6866, -2.0629 -0.0325 4.6765, -2.0662 -0.0151 4.6736, -2.0678 0.0197 4.6722, -2.0678 0.6102 4.6722, -2.1929 1.2992 4.5536, -2.0639 0.6563 4.6757, -2.0623 0.6759 4.6771, -2.0511 0.7169 4.6868, -2.0418 0.7509 4.6949, -2.0267 0.7807 4.7076, -2.0104 0.8128 4.7213, -2.0048 0.8239 4.726, -1.9893 0.8422 4.7382, -1.9457 0.894 4.7729, -1.9409 0.8997 4.7768, -1.9331 0.9052 4.7825, -1.6434 -0.6693 4.9721, -1.6741 -0.374 4.9548, -1.726 -0.3666 4.923, -1.7846 -0.3582 4.8872, -1.8042 -0.3492 4.8738, -1.88 -0.3145 4.8217, -1.888 -0.3108 4.8163, -1.6434 -0.374 4.9721, -1.3295 -0.6693 5.1181, -1.3295 -0.374 5.1181, -2.4171 1.2992 4.2897, -2.4171 -0.6693 4.2897, -2.6011 1.2992 3.9965, -2.6011 -0.6693 3.9965, -2.7413 1.2992 3.6799, -2.7413 -0.6693 3.6799, -2.8346 1.2992 3.3465, -2.8346 -0.6693 3.3465, -0.2991 1.2992 4.8744, -0.6458 1.2992 4.8744, 1.4863 1.2992 3.3465, 1.466 1.2992 3.4227, 1.3418 1.2992 3.7463, 1.1641 1.2992 4.044, 0.938 1.2992 4.3068, 0.6703 1.2992 4.527, 0.3688 1.2992 4.6981, 0.0424 1.2992 4.8151, -0.9873 1.2992 4.8151, -1.3137 1.2992 4.6981, -1.6151 1.2992 4.527, -2.4312 1.2992 3.3465, -2.4109 1.2992 3.4227, -2.2867 1.2992 3.7463, -2.109 1.2992 4.044, -1.8829 1.2992 4.3068, -2.8346 -2.0472 3.3465, -2.4312 -0.6693 3.3465, 1.8898 -2.0472 3.3465, 1.8898 2.6772 3.3465, -2.8346 2.6772 3.3465, 0.4019 1.3357 3.3465, 1.4863 -0.6693 3.3465, 0.4019 -0.7058 3.3465, 0.0082 -1.0995 3.3465, -0.953 -1.0995 3.3465, -1.3467 -0.7058 3.3465, -1.3467 1.3357 3.3465, -0.953 1.7294 3.3465, 0.0082 1.7294 3.3465, 0.4019 -0.7058 2.9528, 0.4019 1.3357 2.9528, 0.0082 1.7294 2.9528, 0.2095 -0.0787 2.9528, 0.0843 -0.2418 2.9528, 0.0082 -1.0995 2.9528, 0.1497 0.7976 2.9528, 0.2517 0.6242 2.9528, -0.0787 -0.367 2.9528, -0.2686 -0.4456 2.9528, -0.953 -1.0995 2.9528, -0.4724 -0.4724 2.9528, 0.3064 0.4307 2.9528, 0.315 0.315 2.9528, 0.2881 0.1112 2.9528, -0.6762 -0.4456 2.9528, -0.8661 -0.367 2.9528, -1.3467 -0.7058 2.9528, -1.0292 -0.2418 2.9528, -1.1543 -0.0787 2.9528, -1.233 0.1112 2.9528, -1.2598 0.315 2.9528, -1.3467 1.3357 2.9528, -1.2476 0.4532 2.9528, -1.1873 0.6451 2.9528, -0.953 1.7294 2.9528, -0.5617 1.0973 2.9528, -0.3605 1.0944 2.9528, -0.1667 1.0406 2.9528, 0.0071 0.9395 2.9528, -1.0803 0.8154 2.9528, -0.9337 0.9531 2.9528, -0.757 1.0492 2.9528
            ]
        }
        coordIndex [
            0,1,2,-1,2,1,3,-1,2,3,4,-1,5,6,7,-1,6,8,7,-1,7,8,9,-1,7,9,2,-1,2,9,10,-1,2,10,0,-1,11,12,13,-1,13,12,14,-1,13,14,15,-1,15,16,13,-1,13,16,17,-1,13,17,18,-1,18,19,13,-1,13,19,20,-1,13,20,21,-1,21,22,13,-1,13,22,23,-1,13,23,24,-1,24,25,26,-1,26,25,27,-1,26,27,28,-1,28,29,26,-1,26,29,30,-1,26,30,31,-1,31,32,26,-1,26,32,33,-1,26,33,34,-1,34,35,26,-1,26,35,36,-1,26,36,7,-1,7,36,37,-1,7,37,5,-1,38,39,40,-1,38,40,11,-1,11,40,41,-1,11,41,42,-1,42,43,11,-1,11,43,44,-1,11,44,12,-1,39,38,45,-1,45,38,46,-1,45,46,47,-1,24,26,13,-1,13,26,48,-1,13,48,49,-1,49,48,50,-1,49,50,51,-1,51,50,52,-1,51,52,53,-1,53,52,54,-1,53,54,55,-1,56,57,58,-1,58,57,59,-1,58,59,60,-1,61,62,63,-1,62,64,63,-1,63,64,65,-1,63,65,58,-1,58,65,66,-1,58,66,56,-1,67,68,69,-1,69,68,70,-1,69,70,71,-1,71,72,69,-1,69,72,73,-1,69,73,74,-1,74,75,69,-1,69,75,76,-1,69,76,77,-1,77,78,69,-1,69,78,79,-1,69,79,80,-1,80,81,82,-1,82,81,83,-1,82,83,84,-1,84,85,82,-1,82,85,86,-1,82,86,87,-1,87,88,82,-1,82,88,89,-1,82,89,90,-1,90,91,82,-1,82,91,92,-1,82,92,63,-1,63,92,93,-1,63,93,61,-1,94,95,96,-1,94,96,67,-1,67,96,97,-1,67,97,98,-1,98,99,67,-1,67,99,100,-1,67,100,68,-1,95,94,101,-1,101,94,102,-1,101,102,103,-1,80,82,69,-1,69,82,104,-1,69,104,105,-1,105,104,106,-1,105,106,107,-1,107,106,108,-1,107,108,109,-1,109,108,110,-1,109,110,111,-1,47,46,59,-1,59,46,60,-1,103,102,3,-1,3,102,4,-1,46,112,60,-1,60,112,113,-1,55,114,53,-1,53,114,115,-1,53,115,51,-1,51,115,116,-1,51,116,49,-1,49,116,117,-1,49,117,13,-1,13,117,118,-1,13,118,11,-1,11,118,119,-1,11,119,38,-1,38,119,120,-1,38,120,46,-1,46,120,121,-1,46,121,112,-1,113,122,60,-1,60,122,123,-1,60,123,58,-1,58,123,124,-1,125,110,126,-1,126,110,108,-1,126,108,127,-1,127,108,106,-1,127,106,128,-1,128,106,104,-1,128,104,129,-1,129,104,82,-1,129,82,124,-1,124,82,63,-1,124,63,58,-1,111,130,131,-1,131,130,132,-1,133,134,125,-1,125,134,110,-1,55,133,114,-1,114,133,135,-1,114,135,136,-1,132,54,136,-1,135,137,136,-1,136,137,138,-1,136,138,132,-1,132,138,139,-1,132,139,131,-1,131,139,140,-1,131,140,125,-1,140,141,125,-1,125,141,142,-1,125,142,133,-1,133,142,143,-1,133,143,135,-1,137,135,144,-1,144,135,145,-1,143,146,135,-1,135,146,145,-1,147,148,144,-1,144,148,149,-1,150,151,145,-1,148,152,149,-1,149,152,153,-1,149,153,154,-1,154,153,155,-1,151,156,145,-1,145,156,157,-1,145,157,144,-1,144,157,158,-1,144,158,147,-1,155,159,154,-1,154,159,160,-1,154,160,161,-1,161,160,162,-1,161,162,163,-1,163,164,161,-1,161,164,165,-1,161,165,166,-1,166,165,167,-1,166,167,168,-1,146,169,170,-1,170,171,146,-1,146,171,172,-1,146,172,145,-1,145,172,173,-1,145,173,150,-1,168,174,166,-1,166,174,175,-1,166,175,169,-1,169,175,176,-1,169,176,170,-1,141,166,142,-1,142,166,169,-1,161,166,140,-1,140,166,141,-1,139,154,140,-1,140,154,161,-1,149,154,138,-1,138,154,139,-1,137,144,138,-1,138,144,149,-1,143,142,146,-1,146,142,169,-1,
        ]
    }
}
Shape{
    appearance Appearance {
        material  Material 	{
            diffuseColor 0.2549019607843137 0.2549019607843137 0.2549019607843137
            specularColor 0.2549019607843137 0.2549019607843137 0.2549019607843137
            ambientIntensity 0.2549
            transparency 0.0
            shininess 0.5
        }
    }
    geometry IndexedFaceSet {
        ccw TRUE
        solid FALSE
        coord DEF co Coordinate {
            point [
                0.315 0.315 3.3465, 0.315 0.315 2.9528, 0.3064 0.4307 2.9528, 0.0484 0.9055 3.3465, 0.0484 0.9055 7.4213, 0.1471 0.7953 7.4213, 0.0071 0.9395 3.3465, 0.1497 0.7976 2.9528, 0.0071 0.9395 2.9528, -0.1667 1.0406 2.9528, -0.1667 1.0406 3.3465, -0.3605 1.0944 2.9528, -0.3605 1.0944 3.3465, -0.5617 1.0973 2.9528, -0.5617 1.0973 3.3465, -0.757 1.0492 2.9528, -0.757 1.0492 3.3465, -0.9337 0.9531 2.9528, -1.0803 0.8154 2.9528, -0.9933 0.9055 3.3465, -0.9337 0.9531 3.3465, -0.9933 -0.2756 3.3465, -0.9933 -0.2756 7.4213, -1.0292 -0.2418 3.3465, -1.1165 -0.1381 7.4213, -1.1218 -0.1212 3.3465, -1.1242 -0.1235 7.4213, -1.1543 -0.0787 3.3465, -1.2072 0.0318 7.4213, -1.2108 0.0576 3.3465, -1.2133 0.0562 7.4213, -1.233 0.1112 3.3465, -1.2539 0.2187 7.4213, -1.2517 0.2531 3.3465, -1.2476 0.4532 2.9528, -1.2598 0.315 2.9528, -1.2598 0.315 3.3465, 0.3043 0.4301 7.4213, 0.3091 0.4113 7.4213, 0.3038 0.2304 3.3465, 0.3091 0.2296 7.4213, 0.2881 0.1112 3.3465, 0.3091 0.2187 7.4213, 0.2572 0.0365 3.3465, 0.2629 0.0341 7.4213, 0.2095 -0.0787 3.3465, 0.2623 0.0318 7.4213, 0.163 -0.1393 3.3465, 0.1716 -0.1381 7.4213, 0.1675 -0.1427 7.4213, 0.0843 -0.2418 3.3465, 0.0484 -0.2756 7.4213, 0.0484 -0.2756 3.3465, -1.2539 0.2523 7.4213, -1.2539 0.4113 7.4213, -1.2437 0.4522 7.4213, -1.2072 0.5981 7.4213, -1.1873 0.6451 2.9528, -0.9933 0.9055 7.4213, -1.0768 0.8123 7.4213, -1.1165 0.768 7.4213, -1.1832 0.6429 7.4213, 0.1716 0.768 7.4213, 0.2517 0.6242 2.9528, 0.2623 0.5981 7.4213, 0.2491 0.6228 7.4213, 0.0317 0.8622 7.583, 0.0154 0.8211 7.7362, 0.1026 0.7194 7.7362, 0.0317 -0.2323 7.583, 0.1716 -0.1381 7.4213, 0.0154 -0.1912 7.7362, 0.1026 -0.0895 7.7362, 0.2623 0.0318 7.4213, 0.1836 0.0622 7.7362, 0.2253 0.229 7.7362, 0.3091 0.2187 7.4213, 0.2253 0.4009 7.7362, 0.3091 0.4113 7.4213, 0.1836 0.5677 7.7362, 0.2623 0.5981 7.4213, 0.1716 0.768 7.4213, -0.9766 -0.2322 7.583, -0.9603 -0.1912 7.7362, -0.8273 -0.2756 3.3465, -0.8273 -0.2756 5.7677, -0.1176 -0.2756 3.3465, -0.1176 -0.2756 5.7677, -0.933 0.4204 3.3465, -0.9449 0.315 3.3465, -0.047 0.1094 3.3465, -0.1036 0.6102 3.3465, -0.8412 0.6102 3.3465, -0.047 0.5205 3.3465, -0.8978 0.5205 3.3465, -0.0119 0.4204 3.3465, 0.0 0.315 3.3465, -0.8412 0.0197 3.3465, -0.1036 0.0197 3.3465, -0.8978 0.1094 3.3465, -0.933 0.2095 3.3465, -0.0119 0.2095 3.3465, -0.8273 0.9055 3.3465, -0.7133 0.9605 3.3465, -0.5543 0.9991 3.3465, -0.3906 0.9991 3.3465, -0.2316 0.9605 3.3465, -0.1176 0.9055 3.3465, -0.4724 -0.4724 3.3465, -0.2686 -0.4456 3.3465, -0.2316 -0.3306 3.3465, -0.0787 -0.367 3.3465, -0.3906 -0.3691 3.3465, -0.5543 -0.3691 3.3465, -0.6762 -0.4456 3.3465, -0.7133 -0.3306 3.3465, -0.8661 -0.367 3.3465, -0.8412 0.6102 7.7362, -0.1036 0.6102 7.7362, -0.8978 0.5205 7.7362, -0.933 0.4204 7.7362, -0.9449 0.315 7.7362, -0.933 0.2095 7.7362, -0.8978 0.1094 7.7362, -0.8412 0.0197 7.7362, -0.1036 0.0197 7.7362, -0.047 0.1094 7.7362, -0.0119 0.2095 7.7362, 0.0 0.315 7.7362, -0.0119 0.4204 7.7362, -0.047 0.5205 7.7362, -1.0474 -0.0895 7.7362, -1.1284 0.0622 7.7362, -1.1702 0.229 7.7362, -1.1702 0.4009 7.7362, -1.1284 0.5677 7.7362, -1.0474 0.7194 7.7362, -0.9603 0.8211 7.7362, -1.1165 0.768 7.4213, -0.9766 0.8622 7.583, -1.1165 -0.1381 7.4213, -1.2072 0.5981 7.4213, -1.2539 0.4113 7.4213, -1.2539 0.2187 7.4213, -1.2072 0.0318 7.4213, -0.1176 0.9055 5.7677, -0.8273 0.9055 5.7677, -0.4275 1.0025 5.4768, -0.3907 0.9985 5.4888, -0.3682 0.996 5.4962, -0.3087 0.9842 5.5317, -0.2437 0.9649 5.5895, -0.2317 0.96 5.6041, -0.1839 0.9406 5.6623, -0.4854 1.0038 5.4728, -0.5401 1.0006 5.4824, -0.7134 0.9605 5.6028, -0.7131 0.9606 5.6024, -0.6499 0.9807 5.5421, -0.5953 0.9929 5.5055, -0.5542 0.9986 5.4883, -0.7728 0.9351 5.679, -0.5173 -0.3726 5.4768, -0.5542 -0.3685 5.4888, -0.5766 -0.3661 5.4962, -0.6362 -0.3543 5.5317, -0.7011 -0.335 5.5895, -0.7132 -0.3301 5.6041, -0.761 -0.3107 5.6623, -0.4595 -0.3739 5.4728, -0.4047 -0.3707 5.4824, -0.2315 -0.3306 5.6028, -0.2318 -0.3307 5.6024, -0.295 -0.3508 5.5421, -0.3496 -0.363 5.5055, -0.3906 -0.3687 5.4883, -0.1721 -0.3052 5.679, 0.2881 0.1112 2.9528, 0.2095 -0.0787 2.9528, 0.0843 -0.2418 2.9528, -0.0787 -0.367 2.9528, -0.2686 -0.4456 2.9528, -0.4724 -0.4724 2.9528, -0.6762 -0.4456 2.9528, -0.8661 -0.367 2.9528, -1.0292 -0.2418 2.9528, -1.1543 -0.0787 2.9528, -1.233 0.1112 2.9528, 1.8898 -2.0472 3.3465, 1.8898 -2.0472 0.2362, 1.8898 -1.4434 0.6299, 1.8898 -1.4434 0.2362, 1.8898 -1.0058 0.0787, 1.8898 -0.6299 0.0787, 1.8898 -1.0058 0.6299, 1.8898 -0.6299 1.378, 1.8898 -0.6693 3.3465, 1.8898 1.2598 1.378, 1.8898 1.2992 3.3465, 1.8898 2.6772 3.3465, 1.8898 2.0733 0.2362, 1.8898 2.6772 0.2362, 1.8898 2.0733 0.6299, 1.8898 1.6357 0.6299, 1.8898 1.6357 0.0787, 1.8898 1.2598 0.0787, 1.2859 2.0733 0.2362, 1.2859 2.6772 0.2362, 1.2859 -1.4434 0.2362, 1.2859 -2.0472 0.2362, -2.2308 -2.0472 0.2362, -2.8346 -2.0472 0.2362, -2.2308 -1.4434 0.2362, -2.8346 -1.4434 0.2362, -2.2308 2.0733 0.2362, -2.8346 2.0733 0.2362, -2.2308 2.6772 0.2362, -2.8346 2.6772 0.2362, 1.2859 2.9149 0.6299, 1.2859 2.6772 0.6299, 1.2859 3.0659 1.0366, 1.2859 2.9149 0.8365, 1.2859 3.3224 1.0366, 1.2859 3.3224 0.0787, 1.2859 2.0733 0.0787, 0.8804 2.6772 0.6299, 0.8804 2.9149 0.6299, -1.8252 2.6772 0.6299, -1.8252 2.9149 0.6299, -2.2308 2.6772 0.6299, -2.2308 2.9149 0.6299, 2.1318 1.6357 0.6299, 2.1318 2.0733 0.6299, 2.1318 -1.4434 0.6299, 2.1318 -1.0058 0.6299, 0.8804 2.9149 0.8365, 0.8804 3.0659 1.0366, 0.8804 2.6772 0.0787, 0.8804 3.3224 0.0787, 0.8804 3.3224 1.0366, -1.8252 2.9149 0.8365, -2.2308 2.9149 0.8365, -2.2308 3.0659 1.0366, -2.2308 3.3224 0.0787, -2.2308 2.0733 0.0787, -2.2308 3.3224 1.0366, -1.8252 3.3224 1.0366, -1.8252 3.3224 0.0787, -1.8252 2.6772 0.0787, -1.8252 3.0659 1.0366, -3.4646 2.0733 0.0787, -2.8346 2.0733 0.6966, -3.4646 2.0733 0.6966, -3.4646 1.5846 0.6966, -2.8346 1.5846 0.6966, 2.1318 2.0733 0.8521, 2.1318 1.6357 0.8521, 2.2735 2.0733 1.0327, 2.5454 2.0733 0.0787, 2.5454 2.0733 1.0327, 2.5454 1.6357 1.0327, 2.5454 1.6357 0.0787, 2.2735 1.6357 1.0327, 2.1318 -1.0058 0.8521, 2.1318 -1.4434 0.8521, 2.2735 -1.4434 1.0327, 2.5454 -1.4434 1.0327, 2.5454 -1.4434 0.0787, 1.2859 -1.4434 0.0787, 2.2735 -1.0058 1.0327, 2.5454 -1.0058 0.0787, 2.5454 -1.0058 1.0327, 1.2859 -2.0472 0.0787, -2.2308 -2.0472 0.0787, -2.1653 -2.0472 0.0787, 1.2205 -2.0472 0.0787, 1.2205 -2.0472 0.9843, 0.8071 -2.0472 0.9843, -1.752 -2.0472 0.6693, -1.6142 -2.0472 0.6693, -1.752 -2.0472 0.9843, -1.6142 -2.0472 1.5157, -2.1653 -2.0472 0.9843, -2.8346 -2.0472 3.3465, 0.6693 -2.0472 1.5157, 0.6693 -2.0472 0.6693, 0.8071 -2.0472 0.6693, -1.6142 -2.0768 1.5157, 0.6693 -2.0768 1.5157, -1.0055 -2.6673 1.5157, -1.6142 -2.6673 1.5157, -1.0239 -2.724 1.5157, -1.0433 -2.8717 1.5157, -1.5878 -3.7576 1.5157, -1.5565 -3.7983 1.5157, -0.8997 -3.2503 1.5157, 0.0606 -2.6673 1.5157, 0.079 -2.724 1.5157, 0.6693 -2.6673 1.5157, 0.0984 -2.8717 1.5157, 0.6693 -3.6591 1.5157, 0.5709 -3.8296 1.5157, 0.6116 -3.7983 1.5157, -0.0451 -3.2503 1.5157, -1.5157 -3.8296 1.5157, -1.4683 -3.8493 1.5157, -0.7967 -3.3416 1.5157, -1.4173 -3.856 1.5157, -0.6749 -3.4055 1.5157, -0.1481 -3.3416 1.5157, -0.27 -3.4055 1.5157, 0.4724 -3.856 1.5157, -0.4036 -3.4384 1.5157, -0.5412 -3.4384 1.5157, -1.0267 -3.0084 1.5157, -1.6142 -3.6591 1.5157, -0.9779 -3.137 1.5157, -1.6075 -3.7101 1.5157, 0.5234 -3.8493 1.5157, 0.0818 -3.0084 1.5157, 0.033 -3.137 1.5157, 0.6626 -3.7101 1.5157, 0.6429 -3.7576 1.5157, 0.8071 -2.0768 0.9843, 0.8071 -2.0768 0.6693, 0.6693 -2.0768 0.6693, -1.752 -2.0768 0.9843, -2.1653 -2.0768 0.9843, -2.1653 -2.0768 3.3203, 1.2205 -2.0768 3.3203, 1.2205 -2.0768 0.9843, 0.4724 -2.0768 4.0683, -1.4173 -2.0768 4.0683, -1.6142 -2.0768 0.6693, -1.752 -2.0768 0.6693, -1.4173 -2.6673 4.0683, -2.1653 -2.6673 3.3203, 0.4724 -2.6673 4.0683, 1.2205 -2.6673 3.3203, 1.2205 -3.4547 0.9843, 1.2205 -3.8583 0.9843, 1.2205 -3.8583 0.0787, 1.2205 -2.3503 0.0787, 1.2205 -2.6673 2.7559, 1.2205 -3.4547 1.811, 0.4724 -2.6673 2.7559, 0.4724 -3.4547 1.811, 0.4724 -3.4547 1.6275, 0.4724 -2.6673 1.6275, 0.8071 -3.4547 0.9843, 0.723 -3.4547 0.9843, 0.723 -3.4547 1.6275, -1.752 -3.4547 0.9843, -1.6679 -3.4547 0.9843, -1.6679 -3.4547 1.6275, -1.4173 -3.4547 1.6275, -1.4173 -3.4547 1.811, -2.1653 -3.4547 1.811, -2.1653 -3.4547 0.9843, -2.05 -4.1367 0.9843, -1.9685 -4.1992 0.9843, -1.752 -3.937 0.9843, 0.9287 -4.2386 0.9843, 1.0236 -4.1992 0.9843, 0.8071 -3.937 0.9843, 1.1052 -4.1367 0.9843, 1.1677 -4.0551 0.9843, 1.2071 -3.9602 0.9843, -2.1653 -3.8583 0.9843, -1.8735 -4.2386 0.9843, -1.7716 -4.252 0.9843, 0.8268 -4.252 0.9843, -2.1519 -3.9602 0.9843, -2.1126 -4.0551 0.9843, 0.8071 -2.6673 0.9843, 0.8071 -2.6673 0.6693, 0.8071 -3.937 0.6693, 0.6626 -3.7101 0.6693, 0.6429 -3.7576 0.6693, 0.6116 -3.7983 0.6693, 0.5709 -3.8296 0.6693, -1.4683 -3.8493 0.6693, -1.5157 -3.8296 0.6693, -1.752 -3.937 0.6693, -1.5565 -3.7983 0.6693, -1.5878 -3.7576 0.6693, 0.6693 -2.6673 0.6693, 0.6693 -3.6591 0.6693, -1.6142 -2.6673 0.6693, -1.752 -2.6673 0.6693, -1.6142 -3.6591 0.6693, -1.6075 -3.7101 0.6693, 0.5234 -3.8493 0.6693, 0.4724 -3.856 0.6693, -1.4173 -3.856 0.6693, -1.752 -2.6673 0.9843, -1.6679 -2.6673 0.9843, -2.1653 -2.6673 2.7559, -1.4173 -2.6673 2.7559, -1.6142 -2.6673 1.6024, -1.4173 -2.6673 1.6275, -1.6679 -2.6673 1.6275, 0.6693 -2.6673 1.5236, 0.0816 -2.6673 1.5236, 0.0606 -2.6673 1.5236, 0.723 -2.6673 0.9843, -1.6142 -2.6673 1.5236, -1.0265 -2.6673 1.5236, -1.0055 -2.6673 1.5236, -0.9647 -2.6673 2.076, -0.9642 -2.6673 2.0784, -0.9603 -2.6673 2.0867, -1.0265 -2.6673 1.6024, -1.0018 -2.6673 1.6024, -0.9835 -2.6673 1.8414, -0.9659 -2.6673 2.0697, -0.9557 -2.6673 2.0923, -0.9544 -2.6673 2.0939, -0.9464 -2.6673 2.1001, 0.0077 -2.6673 2.0956, 0.0034 -2.6673 2.0985, -0.0012 -2.6673 2.1016, 0.0108 -2.6673 2.0922, 0.0146 -2.6673 2.0881, 0.0185 -2.6673 2.0807, 0.0198 -2.6673 2.0759, 0.0208 -2.6673 2.0721, 0.021 -2.6673 2.0697, 0.0386 -2.6673 1.8416, -0.9396 -2.6673 2.1031, -0.9366 -2.6673 2.1045, -0.9328 -2.6673 2.1051, -0.0218 -2.6673 2.1063, -0.0149 -2.6673 2.1055, 0.723 -2.6673 1.6275, 0.6693 -2.6673 1.6024, 0.0816 -2.6673 1.6024, 0.057 -2.6673 1.6024, -0.9299 -2.6673 2.1056, -0.926 -2.6673 2.1062, -0.9231 -2.6673 2.1063, -0.0121 -2.6673 2.1052, -0.0107 -2.6673 2.105, -0.0052 -2.6673 2.1031, -0.9668 -2.5863 1.5236, -0.9636 -2.588 1.5551, -0.9452 -2.5517 1.5551, -0.8761 -2.4681 1.5236, -0.8736 -2.4702 1.5551, -0.8509 -2.4443 1.5551, -0.7579 -2.3774 1.5236, -0.7563 -2.3797 1.5551, -0.7328 -2.3637 1.5551, -0.6202 -2.3203 1.5236, -0.6194 -2.3225 1.5551, -0.5985 -2.315 1.5551, -0.4724 -2.3009 1.5236, -0.4724 -2.3009 1.5551, -0.3247 -2.3203 1.5236, -0.3492 -2.3143 1.5551, -0.3254 -2.3225 1.5551, -0.187 -2.3774 1.5236, -0.2268 -2.3564 1.5551, -0.1888 -2.3802 1.5551, -0.0688 -2.4681 1.5236, -0.1171 -2.4249 1.5551, -0.0714 -2.4707 1.5551, -0.0256 -2.5164 1.5551, 0.0219 -2.5863 1.5236, 0.0191 -2.5881 1.5551, 0.0429 -2.6261 1.5551, 0.0768 -2.7247 1.5551, -1.0098 -2.6791 1.5551, -1.02 -2.7248 1.5551, -1.0408 -2.8187 1.5551, -1.0433 -2.8717 1.5551, 0.0984 -2.8717 1.5551, 0.085 -2.7485 1.5551
            ]
        }
        coordIndex [
            0,1,2,-1,3,4,5,-1,6,3,7,-1,7,8,6,-1,6,8,9,-1,6,9,10,-1,10,9,11,-1,10,11,12,-1,12,11,13,-1,12,13,14,-1,14,13,15,-1,14,15,16,-1,16,15,17,-1,18,19,17,-1,17,19,20,-1,17,20,16,-1,21,22,23,-1,23,22,24,-1,23,24,25,-1,25,24,26,-1,25,26,27,-1,27,26,28,-1,27,28,29,-1,29,28,30,-1,29,30,31,-1,31,30,32,-1,31,32,33,-1,34,35,36,-1,37,38,39,-1,39,38,40,-1,39,40,41,-1,41,40,42,-1,41,42,43,-1,43,42,44,-1,43,44,45,-1,45,44,46,-1,45,46,47,-1,46,48,47,-1,47,48,49,-1,47,49,50,-1,50,49,51,-1,50,51,52,-1,32,53,33,-1,33,53,54,-1,33,54,36,-1,36,54,55,-1,36,55,34,-1,34,55,56,-1,34,56,57,-1,58,19,59,-1,59,19,18,-1,59,18,60,-1,60,18,57,-1,60,57,61,-1,61,57,56,-1,3,5,7,-1,7,5,62,-1,7,62,63,-1,39,0,37,-1,37,0,2,-1,37,2,64,-1,64,2,63,-1,64,63,65,-1,65,63,62,-1,66,67,68,-1,51,49,69,-1,69,49,70,-1,69,70,71,-1,71,70,72,-1,72,70,73,-1,72,73,74,-1,74,73,44,-1,74,44,75,-1,44,76,75,-1,75,76,40,-1,75,40,77,-1,40,78,77,-1,77,78,37,-1,77,37,79,-1,37,80,79,-1,79,80,65,-1,79,65,68,-1,68,65,81,-1,68,81,66,-1,66,81,5,-1,66,5,4,-1,22,51,69,-1,22,69,82,-1,82,69,71,-1,82,71,83,-1,21,84,85,-1,86,52,87,-1,87,52,51,-1,87,51,85,-1,85,51,22,-1,85,22,21,-1,88,89,90,-1,91,92,93,-1,93,92,94,-1,93,94,95,-1,95,94,96,-1,97,98,99,-1,99,98,90,-1,99,90,100,-1,100,90,89,-1,88,90,94,-1,94,90,101,-1,94,101,96,-1,20,19,102,-1,20,102,16,-1,16,102,103,-1,16,103,14,-1,14,103,104,-1,14,104,12,-1,12,104,105,-1,12,105,10,-1,10,105,106,-1,10,106,6,-1,6,106,107,-1,6,107,3,-1,108,109,110,-1,110,109,86,-1,86,109,111,-1,86,111,52,-1,110,112,108,-1,108,112,113,-1,108,113,114,-1,114,113,115,-1,114,115,116,-1,116,115,84,-1,116,84,21,-1,117,92,118,-1,118,92,91,-1,92,117,94,-1,94,117,119,-1,94,119,88,-1,88,119,120,-1,88,120,89,-1,89,120,121,-1,89,121,100,-1,100,121,122,-1,100,122,99,-1,99,122,123,-1,99,123,97,-1,97,123,124,-1,125,98,124,-1,124,98,97,-1,98,125,90,-1,90,125,126,-1,90,126,101,-1,101,126,127,-1,101,127,96,-1,96,127,128,-1,96,128,95,-1,95,128,129,-1,95,129,93,-1,93,129,130,-1,93,130,91,-1,91,130,118,-1,125,124,83,-1,83,124,131,-1,131,124,123,-1,131,123,132,-1,132,123,133,-1,133,123,122,-1,133,122,134,-1,83,71,125,-1,125,71,72,-1,125,72,126,-1,126,72,74,-1,126,74,127,-1,127,74,75,-1,127,75,128,-1,130,68,118,-1,118,68,67,-1,118,67,117,-1,128,75,129,-1,129,75,77,-1,129,77,130,-1,130,77,79,-1,130,79,68,-1,122,121,134,-1,134,121,120,-1,134,120,135,-1,135,120,119,-1,135,119,136,-1,136,119,117,-1,136,117,137,-1,137,117,67,-1,138,139,59,-1,59,139,58,-1,83,131,82,-1,82,131,140,-1,82,140,22,-1,135,136,138,-1,138,136,137,-1,138,137,139,-1,138,61,135,-1,135,61,141,-1,135,141,134,-1,141,55,134,-1,134,55,142,-1,134,142,133,-1,142,53,133,-1,133,53,143,-1,133,143,132,-1,143,30,132,-1,132,30,144,-1,132,144,131,-1,131,144,26,-1,131,26,140,-1,137,67,139,-1,139,67,66,-1,139,66,58,-1,58,66,4,-1,3,107,145,-1,102,19,146,-1,146,19,58,-1,146,58,145,-1,145,58,4,-1,145,4,3,-1,147,148,105,-1,105,148,106,-1,106,148,149,-1,106,149,150,-1,150,151,106,-1,106,151,152,-1,106,152,107,-1,107,152,153,-1,107,153,145,-1,147,105,154,-1,154,105,104,-1,154,104,155,-1,103,156,157,-1,157,158,103,-1,103,158,159,-1,103,159,104,-1,104,159,160,-1,104,160,155,-1,156,103,161,-1,161,103,102,-1,161,102,146,-1,153,156,145,-1,145,156,161,-1,145,161,146,-1,153,152,156,-1,156,152,151,-1,156,151,150,-1,147,154,148,-1,148,154,155,-1,148,155,160,-1,150,149,156,-1,156,149,148,-1,156,148,157,-1,160,159,148,-1,148,159,158,-1,148,158,157,-1,162,163,113,-1,113,163,115,-1,115,163,164,-1,115,164,165,-1,165,166,115,-1,115,166,167,-1,115,167,84,-1,84,167,168,-1,84,168,85,-1,162,113,169,-1,169,113,112,-1,169,112,170,-1,110,171,172,-1,172,173,110,-1,110,173,174,-1,110,174,112,-1,112,174,175,-1,112,175,170,-1,171,110,176,-1,176,110,86,-1,176,86,87,-1,172,171,85,-1,85,171,176,-1,85,176,87,-1,175,85,168,-1,175,174,85,-1,85,174,173,-1,85,173,172,-1,168,167,175,-1,175,167,166,-1,175,166,165,-1,163,162,169,-1,169,170,163,-1,163,170,175,-1,163,175,164,-1,164,175,165,-1,1,0,39,-1,1,39,177,-1,39,41,177,-1,177,41,43,-1,177,43,178,-1,43,45,178,-1,178,45,47,-1,178,47,179,-1,47,50,179,-1,179,50,52,-1,179,52,180,-1,52,111,180,-1,180,111,109,-1,180,109,181,-1,181,109,108,-1,181,108,182,-1,182,108,114,-1,182,114,183,-1,183,114,116,-1,183,116,184,-1,184,116,21,-1,184,21,185,-1,21,23,185,-1,185,23,25,-1,185,25,186,-1,25,27,186,-1,186,27,29,-1,186,29,187,-1,36,35,33,-1,33,35,187,-1,33,187,31,-1,31,187,29,-1,188,189,190,-1,190,189,191,-1,192,193,194,-1,194,193,195,-1,190,194,188,-1,188,194,195,-1,188,195,196,-1,196,195,197,-1,196,197,198,-1,198,197,199,-1,200,201,202,-1,202,201,199,-1,202,199,203,-1,203,199,197,-1,203,197,204,-1,204,197,205,-1,206,207,200,-1,200,207,201,-1,208,191,209,-1,209,191,189,-1,210,211,212,-1,212,211,213,-1,214,215,216,-1,216,215,217,-1,218,219,207,-1,220,221,222,-1,222,221,218,-1,222,218,223,-1,223,218,207,-1,223,207,224,-1,224,207,206,-1,219,218,225,-1,225,218,226,-1,227,228,229,-1,229,228,230,-1,203,231,202,-1,202,231,232,-1,190,233,194,-1,194,233,234,-1,235,226,221,-1,221,226,218,-1,226,235,236,-1,237,225,238,-1,238,225,226,-1,238,226,239,-1,239,226,236,-1,239,222,238,-1,238,222,223,-1,236,220,239,-1,239,220,222,-1,235,221,236,-1,236,221,220,-1,240,241,228,-1,228,241,230,-1,230,241,242,-1,243,244,216,-1,216,244,214,-1,216,229,243,-1,243,229,230,-1,243,230,245,-1,245,230,242,-1,245,246,243,-1,243,246,247,-1,228,227,248,-1,249,240,246,-1,246,240,228,-1,246,228,247,-1,247,228,248,-1,249,242,240,-1,240,242,241,-1,246,245,249,-1,249,245,242,-1,214,244,215,-1,215,244,250,-1,215,250,251,-1,251,250,252,-1,253,254,252,-1,252,254,251,-1,255,232,256,-1,256,232,231,-1,232,255,257,-1,258,224,200,-1,200,224,206,-1,200,202,258,-1,258,202,232,-1,258,232,259,-1,259,232,257,-1,259,260,258,-1,258,260,261,-1,231,203,204,-1,262,256,260,-1,260,256,231,-1,260,231,261,-1,261,231,204,-1,262,257,256,-1,256,257,255,-1,260,259,262,-1,262,259,257,-1,234,233,263,-1,263,233,264,-1,233,190,191,-1,265,264,266,-1,266,264,233,-1,266,233,267,-1,267,233,191,-1,267,191,268,-1,268,191,208,-1,263,264,269,-1,269,264,265,-1,234,263,269,-1,192,194,270,-1,270,194,234,-1,270,234,271,-1,271,234,269,-1,271,266,270,-1,270,266,267,-1,269,265,271,-1,271,265,266,-1,209,272,208,-1,208,272,268,-1,209,189,188,-1,210,273,274,-1,275,272,209,-1,275,209,276,-1,276,209,188,-1,276,188,277,-1,278,279,280,-1,280,279,281,-1,274,282,210,-1,210,282,283,-1,210,283,211,-1,282,280,283,-1,283,280,281,-1,283,281,188,-1,188,281,284,-1,188,284,277,-1,277,284,285,-1,277,285,286,-1,281,287,284,-1,284,287,288,-1,289,290,291,-1,291,290,292,-1,293,294,295,-1,296,297,298,-1,298,297,299,-1,298,299,300,-1,301,302,303,-1,294,304,295,-1,295,304,305,-1,295,305,306,-1,306,305,307,-1,306,307,308,-1,309,310,311,-1,311,310,312,-1,311,312,307,-1,307,312,313,-1,307,313,308,-1,292,290,314,-1,314,290,315,-1,314,315,316,-1,316,315,295,-1,295,315,317,-1,295,317,293,-1,309,311,303,-1,303,311,318,-1,303,318,301,-1,299,319,300,-1,300,319,320,-1,300,320,321,-1,321,320,303,-1,321,303,322,-1,322,303,302,-1,323,324,325,-1,326,327,328,-1,325,288,323,-1,323,288,329,-1,323,329,330,-1,331,329,332,-1,332,329,288,-1,332,288,328,-1,328,288,287,-1,328,287,326,-1,326,287,333,-1,326,333,334,-1,335,332,336,-1,336,332,328,-1,331,332,337,-1,337,332,335,-1,338,329,337,-1,337,329,331,-1,339,340,341,-1,275,276,342,-1,342,276,330,-1,329,338,330,-1,330,338,343,-1,343,344,330,-1,330,344,339,-1,330,339,342,-1,342,339,341,-1,343,345,344,-1,344,345,346,-1,347,346,348,-1,348,346,345,-1,349,339,344,-1,350,349,351,-1,351,349,344,-1,351,344,347,-1,347,344,346,-1,352,353,354,-1,355,356,354,-1,354,356,357,-1,354,357,352,-1,352,357,358,-1,277,323,276,-1,276,323,330,-1,282,327,280,-1,280,327,326,-1,359,360,361,-1,362,363,364,-1,364,363,365,-1,364,365,366,-1,339,349,340,-1,340,349,364,-1,340,364,367,-1,367,364,366,-1,352,358,361,-1,361,358,368,-1,360,369,361,-1,361,369,370,-1,361,370,364,-1,364,370,371,-1,364,371,362,-1,368,372,361,-1,361,372,373,-1,361,373,359,-1,286,324,277,-1,277,324,323,-1,374,375,349,-1,349,375,376,-1,349,376,364,-1,278,334,279,-1,279,334,333,-1,285,325,286,-1,286,325,324,-1,377,378,376,-1,376,378,379,-1,376,379,380,-1,381,382,383,-1,383,382,384,-1,383,384,385,-1,375,386,376,-1,376,386,387,-1,376,387,377,-1,388,389,390,-1,390,389,383,-1,390,383,391,-1,391,383,385,-1,380,392,376,-1,376,392,393,-1,376,393,383,-1,383,393,394,-1,383,394,381,-1,280,326,278,-1,278,326,334,-1,389,395,383,-1,383,395,352,-1,383,352,361,-1,396,395,389,-1,336,397,335,-1,335,397,398,-1,335,398,337,-1,399,400,401,-1,343,338,345,-1,345,338,337,-1,389,388,396,-1,396,388,290,-1,396,290,401,-1,298,402,296,-1,296,402,403,-1,296,403,404,-1,375,374,386,-1,386,374,405,-1,386,405,298,-1,399,401,406,-1,406,401,290,-1,406,290,407,-1,407,290,289,-1,407,289,408,-1,409,410,398,-1,398,410,411,-1,412,413,414,-1,399,412,400,-1,400,412,414,-1,400,414,398,-1,398,414,415,-1,398,415,409,-1,411,416,398,-1,398,416,417,-1,398,417,418,-1,419,345,420,-1,420,345,421,-1,419,422,345,-1,345,422,423,-1,345,423,424,-1,424,425,345,-1,345,425,426,-1,345,426,348,-1,348,426,427,-1,348,427,428,-1,418,429,398,-1,398,429,430,-1,398,430,431,-1,337,432,433,-1,298,405,402,-1,402,405,434,-1,402,434,435,-1,435,434,348,-1,435,348,436,-1,436,348,428,-1,436,428,437,-1,431,438,398,-1,398,438,439,-1,398,439,337,-1,337,439,440,-1,337,440,432,-1,433,441,337,-1,337,441,442,-1,337,442,345,-1,345,442,443,-1,345,443,421,-1,347,348,351,-1,351,348,434,-1,351,434,350,-1,350,434,405,-1,405,374,350,-1,350,374,349,-1,284,288,285,-1,285,288,325,-1,387,386,300,-1,300,386,298,-1,311,393,392,-1,311,392,318,-1,318,392,380,-1,318,380,301,-1,301,380,379,-1,301,379,302,-1,302,379,378,-1,302,378,322,-1,322,378,377,-1,322,377,321,-1,321,377,387,-1,321,387,300,-1,311,307,393,-1,393,307,394,-1,315,390,391,-1,315,391,317,-1,317,391,385,-1,317,385,293,-1,293,385,384,-1,293,384,294,-1,294,384,382,-1,294,382,304,-1,304,382,381,-1,304,381,305,-1,305,381,394,-1,305,394,307,-1,279,333,281,-1,281,333,287,-1,315,290,390,-1,390,290,388,-1,408,289,291,-1,444,445,446,-1,444,446,447,-1,446,448,447,-1,447,448,449,-1,447,449,450,-1,449,451,450,-1,450,451,452,-1,450,452,453,-1,452,454,453,-1,453,454,455,-1,453,455,456,-1,456,455,457,-1,456,457,458,-1,457,459,458,-1,458,459,460,-1,458,460,461,-1,460,462,461,-1,461,462,463,-1,461,463,464,-1,464,463,465,-1,465,466,464,-1,464,466,467,-1,464,467,468,-1,468,467,469,-1,468,469,404,-1,404,469,470,-1,404,470,471,-1,445,444,472,-1,472,444,408,-1,472,408,473,-1,473,408,291,-1,473,291,474,-1,474,291,292,-1,474,292,475,-1,476,299,477,-1,477,299,297,-1,477,297,471,-1,471,297,296,-1,471,296,404,-1,
        ]
    }
}
Shape{
    appearance Appearance {
        material  Material 	{
            diffuseColor 0.8431372549019608 0.8156862745098039 0.7529411764705882
            specularColor 0.4235294117647059 0.40784313725490196 0.3764705882352941
            ambientIntensity 0.8167
            transparency 0.0
            shininess 0.5
        }
    }
    geometry IndexedFaceSet {
        ccw TRUE
        solid FALSE
        coord DEF co Coordinate {
            point [
                0.0386 -2.6673 1.8416, 0.085 -2.7485 1.5551, 0.057 -2.6673 1.6024, 0.0768 -2.7247 1.5551, 0.0398 -2.6276 1.6024, 0.0429 -2.6261 1.5551, 0.0191 -2.5881 1.5551, -0.0283 -2.5185 1.6024, -0.0256 -2.5164 1.5551, -0.0714 -2.4707 1.5551, -0.1192 -2.4276 1.6024, -0.1171 -2.4249 1.5551, -0.2283 -2.3595 1.6024, -0.1888 -2.3802 1.5551, -0.2268 -2.3564 1.5551, -0.3499 -2.3176 1.6024, -0.3254 -2.3225 1.5551, -0.3492 -2.3143 1.5551, -0.4724 -2.3009 1.5551, -0.4724 -2.3042 1.6024, 0.0617 -2.8717 2.0697, 0.0984 -2.8717 1.5551, 0.0527 -2.7741 2.0697, 0.0476 -2.7568 2.0697, 0.021 -2.6673 2.0697, -0.9328 -2.6673 2.1051, -0.9304 -2.6684 2.1058, -0.9299 -2.6673 2.1056, 0.0077 -2.6673 2.0956, 0.0034 -2.6673 2.0985, 0.0369 -2.777 2.0987, -0.0012 -2.6673 2.1016, -0.0052 -2.6673 2.1031, 0.029 -2.7785 2.1032, -0.0149 -2.6673 2.1055, -0.0144 -2.6684 2.1058, -0.0121 -2.6673 2.1052, -0.926 -2.6673 2.1062, -0.9247 -2.6709 2.1063, -0.9651 -2.7801 2.1058, -0.9589 -2.7812 2.1063, -0.9729 -2.8968 2.1058, -0.9667 -2.8965 2.1063, -0.9535 -3.0122 2.1058, -0.9475 -3.0104 2.1063, -0.9078 -3.1199 2.1058, -0.9024 -3.1167 2.1063, -0.8385 -3.214 2.1058, -0.8339 -3.2097 2.1063, -0.7491 -3.2896 2.1058, -0.7456 -3.2843 2.1063, -0.6447 -3.3423 2.1058, -0.6426 -3.3364 2.1063, -0.5309 -3.3694 2.1058, -0.5302 -3.3632 2.1063, -0.4139 -3.3694 2.1058, -0.4147 -3.3632 2.1063, -0.3002 -3.3423 2.1058, -0.3023 -3.3364 2.1063, -0.1957 -3.2896 2.1058, -0.1992 -3.2843 2.1063, -0.1064 -3.214 2.1058, -0.111 -3.2097 2.1063, -0.037 -3.1199 2.1058, -0.0425 -3.1167 2.1063, 0.0086 -3.0122 2.1058, 0.0026 -3.0104 2.1063, 0.0281 -2.8968 2.1058, 0.0218 -2.8965 2.1063, 0.0202 -2.7801 2.1058, 0.0141 -2.7812 2.1063, -0.0202 -2.6709 2.1063, -0.0218 -2.6673 2.1063, -0.0107 -2.6673 2.105, 0.0108 -2.6673 2.0922, 0.0198 -2.6673 2.0759, 0.0185 -2.6673 2.0807, 0.0486 -2.7748 2.0847, 0.0146 -2.6673 2.0881, 0.0517 -2.7742 2.076, 0.0208 -2.6673 2.0721, 0.0601 -2.8984 2.076, 0.0394 -3.0211 2.076, 0.0457 -2.9892 2.0697, 0.061 -2.8984 2.0697, -0.0092 -3.1357 2.076, 0.0008 -3.1145 2.0697, 0.0403 -3.0214 2.0697, -0.083 -3.2359 2.076, -0.0738 -3.2249 2.0697, -0.0084 -3.1362 2.0697, -0.2891 -3.3724 2.076, -0.1775 -3.3171 2.0697, -0.1781 -3.3163 2.076, -0.1734 -3.3136 2.0697, -0.0823 -3.2366 2.0697, -0.4228 -3.4022 2.0697, -0.4101 -3.4022 2.0697, -0.4102 -3.4012 2.076, -0.2924 -3.3741 2.0697, -0.2888 -3.3733 2.0697, -0.5348 -3.4022 2.0697, -0.5347 -3.4012 2.076, -0.5559 -3.3972 2.0697, -0.6557 -3.3724 2.076, -0.6561 -3.3733 2.0697, -0.6836 -3.3594 2.0697, -0.7668 -3.3163 2.076, -0.7673 -3.3171 2.0697, -0.7978 -3.2913 2.0697, -0.8618 -3.2359 2.076, -0.8625 -3.2366 2.0697, -0.8916 -3.1971 2.0697, -0.9357 -3.1357 2.076, -0.9365 -3.1362 2.0697, -0.9592 -3.0827 2.0697, -0.9842 -3.0211 2.076, -0.9851 -3.0214 2.0697, -0.9963 -2.9551 2.0697, -1.0049 -2.8984 2.076, -1.0059 -2.8984 2.0697, -1.0008 -2.8223 2.0697, -0.9966 -2.7742 2.076, -0.9975 -2.7741 2.0697, -0.9732 -2.6921 2.0697, -0.9647 -2.6673 2.076, -0.9659 -2.6673 2.0697, -0.9885 -2.7757 2.0924, -0.9557 -2.6673 2.0923, -0.9603 -2.6673 2.0867, -0.9739 -2.7785 2.1032, -0.9396 -2.6673 2.1031, -0.9464 -2.6673 2.1001, -0.9231 -2.6673 2.1063, -0.9366 -2.6673 2.1045, 0.0569 -2.8982 2.0847, 0.0363 -3.0202 2.0847, -0.012 -3.1341 2.0847, -0.0854 -3.2337 2.0847, -0.1798 -3.3136 2.0847, -0.2902 -3.3694 2.0847, -0.4106 -3.3981 2.0847, -0.5343 -3.3981 2.0847, -0.6546 -3.3694 2.0847, -0.7651 -3.3136 2.0847, -0.8595 -3.2337 2.0847, -0.9329 -3.1341 2.0847, -0.9812 -3.0202 2.0847, -1.0018 -2.8982 2.0847, -0.9935 -2.7748 2.0847, -0.9642 -2.6673 2.0784, 0.0436 -2.7757 2.0924, 0.0518 -2.898 2.0924, 0.0314 -3.0188 2.0924, -0.0164 -3.1316 2.0924, -0.0891 -3.2302 2.0924, -0.1826 -3.3094 2.0924, -0.292 -3.3646 2.0924, -0.4112 -3.393 2.0924, -0.5337 -3.393 2.0924, -0.6529 -3.3646 2.0924, -0.7622 -3.3094 2.0924, -0.8558 -3.2302 2.0924, -0.9285 -3.1316 2.0924, -0.9763 -3.0188 2.0924, -0.9966 -2.898 2.0924, 0.045 -2.8976 2.0987, 0.0249 -3.0169 2.0987, -0.0223 -3.1283 2.0987, -0.094 -3.2256 2.0987, -0.1864 -3.3037 2.0987, -0.2943 -3.3583 2.0987, -0.412 -3.3863 2.0987, -0.5329 -3.3863 2.0987, -0.6505 -3.3583 2.0987, -0.7585 -3.3037 2.0987, -0.8508 -3.2256 2.0987, -0.9226 -3.1283 2.0987, -0.9698 -3.0169 2.0987, -0.9899 -2.8976 2.0987, -0.9818 -2.777 2.0987, -0.9544 -2.6673 2.0939, 0.037 -2.8972 2.1032, 0.0172 -3.0146 2.1032, -0.0293 -3.1243 2.1032, -0.0999 -3.2201 2.1032, -0.1908 -3.297 2.1032, -0.2971 -3.3507 2.1032, -0.4129 -3.3783 2.1032, -0.532 -3.3783 2.1032, -0.6478 -3.3507 2.1032, -0.754 -3.297 2.1032, -0.845 -3.2201 2.1032, -0.9156 -3.1243 2.1032, -0.962 -3.0146 2.1032, -0.9818 -2.8972 2.1032, -0.5978 -2.3183 1.6024, -0.5985 -2.315 1.5551, -0.6194 -2.3225 1.5551, -0.7313 -2.3667 1.6024, -0.7328 -2.3637 1.5551, -0.7563 -2.3797 1.5551, -0.8486 -2.4469 1.6024, -0.8509 -2.4443 1.5551, -0.8736 -2.4702 1.5551, -0.9424 -2.5536 1.6024, -0.9452 -2.5517 1.5551, -0.9636 -2.588 1.5551, -1.0018 -2.6673 1.6024, -1.0098 -2.6791 1.5551, -0.9835 -2.6673 1.8414, -1.02 -2.7248 1.5551, -1.0408 -2.8187 1.5551, -1.0433 -2.8717 1.5551, -1.0362 -2.9615 1.5551, -1.0229 -3.0072 1.5551, -0.9962 -3.0987 1.5551, -0.9747 -3.1351 1.5551, -0.9235 -3.2217 1.5551, -0.8973 -3.2479 1.5551, -0.8224 -3.3227 1.5551, -0.7951 -3.3389 1.5551, -0.6994 -3.3955 1.5551, -0.6741 -3.4029 1.5551, -0.5622 -3.4355 1.5551, -0.5412 -3.4362 1.5551, -0.4194 -3.4401 1.5551, -0.404 -3.4367 1.5551, -0.2799 -3.4091 1.5551, -0.2706 -3.4044 1.5551, -0.1524 -3.3445 1.5551, -0.1486 -3.3411 1.5551, -0.0451 -3.2503 1.5551, -0.045 -3.2502 1.5551, 0.0325 -3.1367 1.5551, 0.0356 -3.1322 1.5551, 0.0807 -3.0079 1.5551, 0.0843 -2.9978 1.5551
            ]
        }
        coordIndex [
            0,1,2,-1,2,1,3,-1,2,3,4,-1,3,5,4,-1,4,5,6,-1,4,6,7,-1,6,8,7,-1,7,8,9,-1,7,9,10,-1,10,9,11,-1,10,11,12,-1,11,13,12,-1,12,13,14,-1,12,14,15,-1,15,14,16,-1,16,17,15,-1,15,17,18,-1,15,18,19,-1,20,21,22,-1,22,21,1,-1,22,1,23,-1,23,1,0,-1,23,0,24,-1,25,26,27,-1,28,29,30,-1,31,32,33,-1,34,35,36,-1,27,26,37,-1,38,39,40,-1,40,39,41,-1,40,41,42,-1,42,41,43,-1,42,43,44,-1,44,43,45,-1,44,45,46,-1,46,45,47,-1,46,47,48,-1,48,47,49,-1,48,49,50,-1,50,49,51,-1,50,51,52,-1,52,51,53,-1,52,53,54,-1,54,53,55,-1,54,55,56,-1,56,55,57,-1,56,57,58,-1,58,57,59,-1,58,59,60,-1,60,59,61,-1,60,61,62,-1,62,61,63,-1,62,63,64,-1,64,63,65,-1,64,65,66,-1,66,65,67,-1,66,67,68,-1,68,67,69,-1,68,69,70,-1,70,69,35,-1,70,35,71,-1,71,35,34,-1,71,34,72,-1,36,35,73,-1,73,35,69,-1,73,69,32,-1,31,33,29,-1,28,30,74,-1,75,76,77,-1,77,76,78,-1,77,78,74,-1,75,79,80,-1,80,79,23,-1,80,23,24,-1,81,20,79,-1,79,20,22,-1,79,22,23,-1,82,83,81,-1,81,83,84,-1,81,84,20,-1,85,86,82,-1,82,86,87,-1,82,87,83,-1,88,89,85,-1,85,89,90,-1,85,90,86,-1,91,92,93,-1,93,92,94,-1,93,94,88,-1,88,94,95,-1,88,95,89,-1,96,97,98,-1,98,97,99,-1,98,99,91,-1,91,99,100,-1,91,100,92,-1,96,98,101,-1,101,98,102,-1,101,102,103,-1,103,102,104,-1,103,104,105,-1,105,104,106,-1,106,104,107,-1,106,107,108,-1,108,107,109,-1,109,107,110,-1,109,110,111,-1,111,110,112,-1,112,110,113,-1,112,113,114,-1,114,113,115,-1,115,113,116,-1,115,116,117,-1,117,116,118,-1,118,116,119,-1,118,119,120,-1,120,119,121,-1,121,119,122,-1,121,122,123,-1,123,122,124,-1,124,122,125,-1,124,125,126,-1,127,128,129,-1,130,131,132,-1,133,37,38,-1,38,37,26,-1,38,26,39,-1,39,26,25,-1,39,25,134,-1,75,77,79,-1,79,77,135,-1,79,135,81,-1,81,135,136,-1,81,136,82,-1,82,136,137,-1,82,137,85,-1,85,137,138,-1,85,138,88,-1,88,138,139,-1,88,139,93,-1,93,139,140,-1,93,140,91,-1,91,140,141,-1,91,141,98,-1,98,141,142,-1,98,142,102,-1,102,142,143,-1,102,143,104,-1,104,143,144,-1,104,144,107,-1,107,144,145,-1,107,145,110,-1,110,145,146,-1,110,146,113,-1,113,146,147,-1,113,147,116,-1,116,147,148,-1,116,148,119,-1,119,148,149,-1,119,149,122,-1,122,149,150,-1,122,150,125,-1,74,151,77,-1,77,151,152,-1,77,152,135,-1,135,152,153,-1,135,153,136,-1,136,153,154,-1,136,154,137,-1,137,154,155,-1,137,155,138,-1,138,155,156,-1,138,156,139,-1,139,156,157,-1,139,157,140,-1,140,157,158,-1,140,158,141,-1,141,158,159,-1,141,159,142,-1,142,159,160,-1,142,160,143,-1,143,160,161,-1,143,161,144,-1,144,161,162,-1,144,162,145,-1,145,162,163,-1,145,163,146,-1,146,163,164,-1,146,164,147,-1,147,164,165,-1,147,165,148,-1,148,165,127,-1,148,127,149,-1,149,127,129,-1,149,129,150,-1,74,30,151,-1,151,30,166,-1,151,166,152,-1,152,166,167,-1,152,167,153,-1,153,167,168,-1,153,168,154,-1,154,168,169,-1,154,169,155,-1,155,169,170,-1,155,170,156,-1,156,170,171,-1,156,171,157,-1,157,171,172,-1,157,172,158,-1,158,172,173,-1,158,173,159,-1,159,173,174,-1,159,174,160,-1,160,174,175,-1,160,175,161,-1,161,175,176,-1,161,176,162,-1,162,176,177,-1,162,177,163,-1,163,177,178,-1,163,178,164,-1,164,178,179,-1,164,179,165,-1,165,179,180,-1,165,180,127,-1,127,180,181,-1,127,181,128,-1,29,33,30,-1,30,33,182,-1,30,182,166,-1,166,182,183,-1,166,183,167,-1,167,183,184,-1,167,184,168,-1,168,184,185,-1,168,185,169,-1,169,185,186,-1,169,186,170,-1,170,186,187,-1,170,187,171,-1,171,187,188,-1,171,188,172,-1,172,188,189,-1,172,189,173,-1,173,189,190,-1,173,190,174,-1,174,190,191,-1,174,191,175,-1,175,191,192,-1,175,192,176,-1,176,192,193,-1,176,193,177,-1,177,193,194,-1,177,194,178,-1,178,194,195,-1,178,195,179,-1,179,195,130,-1,179,130,180,-1,180,130,132,-1,180,132,181,-1,32,69,33,-1,33,69,67,-1,33,67,182,-1,182,67,65,-1,182,65,183,-1,183,65,63,-1,183,63,184,-1,184,63,61,-1,184,61,185,-1,185,61,59,-1,185,59,186,-1,186,59,57,-1,186,57,187,-1,187,57,55,-1,187,55,188,-1,188,55,53,-1,188,53,189,-1,189,53,51,-1,189,51,190,-1,190,51,49,-1,190,49,191,-1,191,49,47,-1,191,47,192,-1,192,47,45,-1,192,45,193,-1,193,45,43,-1,193,43,194,-1,194,43,41,-1,194,41,195,-1,195,41,39,-1,195,39,130,-1,130,39,134,-1,130,134,131,-1,60,62,50,-1,72,133,71,-1,71,133,38,-1,71,38,70,-1,70,38,68,-1,62,64,50,-1,50,64,66,-1,50,66,48,-1,68,38,66,-1,66,38,40,-1,66,40,42,-1,42,44,66,-1,66,44,46,-1,66,46,48,-1,50,52,54,-1,54,56,50,-1,50,56,58,-1,50,58,60,-1,196,19,18,-1,18,197,196,-1,196,197,198,-1,196,198,199,-1,198,200,199,-1,199,200,201,-1,199,201,202,-1,201,203,202,-1,202,203,204,-1,202,204,205,-1,204,206,205,-1,205,206,207,-1,205,207,208,-1,208,207,209,-1,208,209,210,-1,126,210,124,-1,124,210,209,-1,124,209,123,-1,123,209,211,-1,123,211,121,-1,121,211,212,-1,121,212,120,-1,120,212,213,-1,120,213,118,-1,118,213,214,-1,118,214,117,-1,117,214,215,-1,117,215,115,-1,115,215,216,-1,115,216,114,-1,114,216,217,-1,114,217,112,-1,112,217,218,-1,112,218,111,-1,111,218,219,-1,111,219,109,-1,109,219,220,-1,109,220,108,-1,108,220,221,-1,108,221,106,-1,106,221,222,-1,106,222,105,-1,105,222,223,-1,105,223,103,-1,103,223,224,-1,103,224,101,-1,101,224,225,-1,101,225,96,-1,96,225,226,-1,96,226,97,-1,97,226,227,-1,97,227,99,-1,99,227,228,-1,99,228,100,-1,100,228,229,-1,100,229,92,-1,92,229,230,-1,92,230,94,-1,94,230,231,-1,94,231,95,-1,95,231,232,-1,95,232,89,-1,89,232,233,-1,89,233,90,-1,90,233,234,-1,90,234,86,-1,86,234,235,-1,86,235,87,-1,87,235,236,-1,87,236,83,-1,83,236,237,-1,83,237,84,-1,84,237,21,-1,84,21,20,-1,
        ]
    }
}
Shape{
    appearance Appearance {
        material  Material 	{
            diffuseColor 0.2549019607843137 0.2549019607843137 0.2549019607843137
            specularColor 0.2549019607843137 0.2549019607843137 0.2549019607843137
            ambientIntensity 0.2549
            transparency 0.0
            shininess 0.5
        }
    }
    geometry IndexedFaceSet {
        ccw TRUE
        solid FALSE
        coord DEF co Coordinate {
            point [
                0.0984 -2.8717 1.5551, 0.0843 -2.9978 1.5551, 0.0984 -2.8717 1.5157, 0.0818 -3.0084 1.5157, 0.0807 -3.0079 1.5551, 0.0356 -3.1322 1.5551, 0.033 -3.137 1.5157, 0.0325 -3.1367 1.5551, -0.045 -3.2502 1.5551, -0.0451 -3.2503 1.5157, -0.0451 -3.2503 1.5551, -0.1486 -3.3411 1.5551, -0.1481 -3.3416 1.5157, -0.1524 -3.3445 1.5551, -0.27 -3.4055 1.5157, -0.2706 -3.4044 1.5551, -0.2799 -3.4091 1.5551, -0.4036 -3.4384 1.5157, -0.404 -3.4367 1.5551, -0.4194 -3.4401 1.5551, -0.5412 -3.4384 1.5157, -0.5412 -3.4362 1.5551, -0.5622 -3.4355 1.5551, -0.6749 -3.4055 1.5157, -0.6741 -3.4029 1.5551, -0.6994 -3.3955 1.5551, -0.7967 -3.3416 1.5157, -0.7951 -3.3389 1.5551, -0.8224 -3.3227 1.5551, -0.8997 -3.2503 1.5157, -0.8973 -3.2479 1.5551, -0.9235 -3.2217 1.5551, -0.9779 -3.137 1.5157, -0.9747 -3.1351 1.5551, -0.9962 -3.0987 1.5551, -1.0267 -3.0084 1.5157, -1.0433 -2.8717 1.5551, -1.0433 -2.8717 1.5157, -1.0362 -2.9615 1.5551, -1.0229 -3.0072 1.5551, 0.039 -2.5765 1.6024, 0.0816 -2.6673 1.6024, 0.057 -2.6673 1.6024, -1.0018 -2.6673 1.6024, -1.0265 -2.6673 1.6024, -0.9424 -2.5536 1.6024, -0.9839 -2.5765 1.6024, -0.8486 -2.4469 1.6024, -0.89 -2.4542 1.6024, -0.7313 -2.3667 1.6024, -0.7677 -2.3603 1.6024, -0.5978 -2.3183 1.6024, -0.6253 -2.3013 1.6024, -0.4724 -2.3042 1.6024, -0.4724 -2.2812 1.6024, -0.3499 -2.3176 1.6024, -0.3196 -2.3013 1.6024, -0.2283 -2.3595 1.6024, -0.1772 -2.3603 1.6024, -0.1192 -2.4276 1.6024, -0.0549 -2.4542 1.6024, -0.0283 -2.5185 1.6024, 0.0398 -2.6276 1.6024, 0.1181 -2.8717 1.5236, 0.1181 -2.8717 1.6024, 0.098 -2.7189 1.5236, 0.098 -2.7189 1.6024, 0.0816 -2.6673 1.5236, 0.039 -2.5765 1.5236, -0.0549 -2.4542 1.5236, -0.1772 -2.3603 1.5236, -0.3196 -2.3013 1.5236, -0.4724 -2.2812 1.5236, -0.6253 -2.3013 1.5236, -0.7677 -2.3603 1.5236, -0.89 -2.4542 1.5236, -0.9839 -2.5765 1.5236, -1.0265 -2.6673 1.5236, -1.0429 -2.7189 1.5236, -1.0429 -2.7189 1.6024, -1.063 -2.8717 1.5236, -1.063 -2.8717 1.6024
            ]
        }
        coordIndex [
            0,1,2,-1,2,1,3,-1,1,4,3,-1,3,4,5,-1,3,5,6,-1,5,7,6,-1,6,7,8,-1,6,8,9,-1,8,10,9,-1,9,10,11,-1,9,11,12,-1,12,11,13,-1,12,13,14,-1,13,15,14,-1,14,15,16,-1,14,16,17,-1,16,18,17,-1,17,18,19,-1,17,19,20,-1,19,21,20,-1,20,21,22,-1,20,22,23,-1,22,24,23,-1,23,24,25,-1,23,25,26,-1,25,27,26,-1,26,27,28,-1,26,28,29,-1,28,30,29,-1,29,30,31,-1,29,31,32,-1,31,33,32,-1,32,33,34,-1,32,34,35,-1,36,37,38,-1,38,37,35,-1,38,35,39,-1,39,35,34,-1,40,41,42,-1,43,44,45,-1,45,44,46,-1,45,46,47,-1,47,46,48,-1,47,48,49,-1,49,48,50,-1,49,50,51,-1,51,50,52,-1,51,52,53,-1,53,52,54,-1,53,54,55,-1,55,54,56,-1,55,56,57,-1,57,56,58,-1,57,58,59,-1,59,58,60,-1,59,60,61,-1,61,60,40,-1,61,40,62,-1,62,40,42,-1,63,64,65,-1,65,64,66,-1,65,66,67,-1,67,66,41,-1,67,41,68,-1,68,41,40,-1,68,40,69,-1,69,40,60,-1,69,60,70,-1,70,60,58,-1,70,58,71,-1,71,58,56,-1,71,56,72,-1,72,56,54,-1,72,54,73,-1,73,54,52,-1,73,52,74,-1,74,52,50,-1,74,50,75,-1,75,50,48,-1,75,48,76,-1,76,48,46,-1,76,46,77,-1,77,46,44,-1,77,44,78,-1,78,44,79,-1,78,79,80,-1,80,79,81,-1,
        ]
    }
}
Shape{
    appearance Appearance {
        material  Material 	{
            diffuseColor 0.8117647058823529 0.8117647058823529 0.8117647058823529
            specularColor 0.8117647058823529 0.8117647058823529 0.8117647058823529
            ambientIntensity 0.8118
            transparency 0.0
            shininess 0.5
        }
    }
    geometry IndexedFaceSet {
        ccw TRUE
        solid FALSE
        coord DEF co Coordinate {
            point [
                -1.0429 -2.7189 1.6024, -1.0265 -2.6673 1.6024, -1.6142 -2.6673 1.6024, -1.6142 -3.6591 1.6024, -1.3949 -3.4608 1.6024, 0.1548 -3.2903 1.6024, 0.2022 -3.2706 1.6024, 0.039 -3.167 1.6024, 0.45 -3.4608 1.6024, 0.6693 -3.6591 1.6024, 0.4433 -3.4098 1.6024, 0.6693 -2.6673 1.6024, 0.098 -3.0246 1.6024, 0.2532 -3.2639 1.6024, 0.3041 -3.2706 1.6024, -0.89 -3.2893 1.6024, -1.0079 -3.4098 1.6024, -0.7677 -3.3832 1.6024, -1.0012 -3.4608 1.6024, -0.6253 -3.4422 1.6024, -1.3882 -3.4098 1.6024, -1.3685 -3.3623 1.6024, -1.3373 -3.3216 1.6024, 0.2295 -3.6562 1.6024, 0.4724 -3.856 1.6024, 0.2769 -3.6562 1.6024, 0.323 -3.6448 1.6024, -0.3196 -3.4422 1.6024, -0.4724 -3.4623 1.6024, 0.0816 -2.6673 1.6024, 0.098 -2.7189 1.6024, 0.1181 -2.8717 1.6024, -1.0429 -3.0246 1.6024, -1.249 -3.2706 1.6024, -0.9839 -3.167 1.6024, -1.1981 -3.2639 1.6024, -1.1471 -3.2706 1.6024, -1.063 -2.8717 1.6024, -1.2965 -3.2903 1.6024, 0.6116 -3.7983 1.6024, 0.4005 -3.5913 1.6024, 0.5709 -3.8296 1.6024, 0.365 -3.6228 1.6024, 0.5234 -3.8493 1.6024, -1.0069 -3.5079 1.6024, -1.0238 -3.5522 1.6024, -1.0507 -3.5913 1.6024, -1.0862 -3.6228 1.6024, -1.1283 -3.6448 1.6024, -1.4173 -3.856 1.6024, -1.1743 -3.6562 1.6024, 0.3516 -3.2903 1.6024, 0.3924 -3.3216 1.6024, 0.4237 -3.3623 1.6024, -1.0996 -3.2903 1.6024, -1.0589 -3.3216 1.6024, -1.0276 -3.3623 1.6024, 0.4443 -3.5079 1.6024, 0.4275 -3.5522 1.6024, 0.6626 -3.7101 1.6024, 0.6429 -3.7576 1.6024, 0.1834 -3.6448 1.6024, 0.1414 -3.6228 1.6024, 0.1058 -3.5913 1.6024, 0.0789 -3.5522 1.6024, 0.0621 -3.5079 1.6024, 0.0563 -3.4608 1.6024, -0.1772 -3.3832 1.6024, 0.0631 -3.4098 1.6024, -0.0549 -3.2893 1.6024, 0.0827 -3.3623 1.6024, 0.114 -3.3216 1.6024, -1.2218 -3.6562 1.6024, -1.2679 -3.6448 1.6024, -1.4683 -3.8493 1.6024, -1.3099 -3.6228 1.6024, -1.5157 -3.8296 1.6024, -1.3454 -3.5913 1.6024, -1.5565 -3.7983 1.6024, -1.5878 -3.7576 1.6024, -1.6075 -3.7101 1.6024, -1.3724 -3.5522 1.6024, -1.3892 -3.5079 1.6024
            ]
        }
        coordIndex [
            0,1,2,-1,2,3,4,-1,5,6,7,-1,8,9,10,-1,10,9,11,-1,7,6,12,-1,12,6,13,-1,12,13,14,-1,15,16,17,-1,17,16,18,-1,17,18,19,-1,4,20,2,-1,2,20,21,-1,2,21,22,-1,23,24,25,-1,25,24,26,-1,24,27,28,-1,29,30,11,-1,11,30,31,-1,11,31,12,-1,32,33,34,-1,34,33,35,-1,34,35,36,-1,0,2,37,-1,37,2,22,-1,37,22,32,-1,32,22,38,-1,32,38,33,-1,39,40,41,-1,41,40,42,-1,26,24,42,-1,42,24,43,-1,42,43,41,-1,19,18,28,-1,28,18,44,-1,28,44,24,-1,24,44,45,-1,24,45,46,-1,46,47,24,-1,24,47,48,-1,24,48,49,-1,49,48,50,-1,14,51,12,-1,12,51,52,-1,12,52,11,-1,11,52,53,-1,11,53,10,-1,36,54,34,-1,34,54,55,-1,34,55,15,-1,15,55,56,-1,15,56,16,-1,8,57,9,-1,9,57,58,-1,9,58,59,-1,59,58,40,-1,59,40,60,-1,60,40,39,-1,23,61,24,-1,24,61,62,-1,24,62,27,-1,27,62,63,-1,27,63,64,-1,64,65,27,-1,27,65,66,-1,27,66,67,-1,67,66,68,-1,67,68,69,-1,69,68,70,-1,69,70,7,-1,7,70,71,-1,7,71,5,-1,50,72,49,-1,49,72,73,-1,49,73,74,-1,74,73,75,-1,74,75,76,-1,76,75,77,-1,76,77,78,-1,78,77,79,-1,79,77,80,-1,80,77,81,-1,80,81,3,-1,3,81,82,-1,3,82,4,-1,
        ]
    }
}
Shape{
    appearance Appearance {
        material  Material 	{
            diffuseColor 0.2549019607843137 0.2549019607843137 0.2549019607843137
            specularColor 0.2549019607843137 0.2549019607843137 0.2549019607843137
            ambientIntensity 0.2549
            transparency 0.0
            shininess 0.5
        }
    }
    geometry IndexedFaceSet {
        ccw TRUE
        solid FALSE
        coord DEF co Coordinate {
            point [
                -1.3949 -3.4608 1.6024, -1.3949 -3.4608 1.6417, -1.3882 -3.4098 1.6417, -1.3882 -3.4098 1.6024, -1.3685 -3.3623 1.6417, -1.3685 -3.3623 1.6024, -1.3373 -3.3216 1.6417, -1.3373 -3.3216 1.6024, -1.2965 -3.2903 1.6417, -1.2965 -3.2903 1.6024, -1.249 -3.2706 1.6417, -1.249 -3.2706 1.6024, -1.1981 -3.2639 1.6417, -1.1981 -3.2639 1.6024, -1.1471 -3.2706 1.6417, -1.1471 -3.2706 1.6024, -1.0996 -3.2903 1.6417, -1.0996 -3.2903 1.6024, -1.0589 -3.3216 1.6417, -1.0589 -3.3216 1.6024, -1.0276 -3.3623 1.6417, -1.0276 -3.3623 1.6024, -1.0079 -3.4098 1.6417, -1.0079 -3.4098 1.6024, -1.0012 -3.4608 1.6417, -1.0012 -3.4608 1.6024, -1.3922 -3.4608 1.6621, -1.3856 -3.4105 1.6621, -1.3844 -3.4608 1.6811, -1.378 -3.4125 1.6811, -1.3719 -3.4608 1.6974, -1.3659 -3.4158 1.6974, -1.3555 -3.4608 1.7099, -1.3502 -3.42 1.7099, -1.3366 -3.4608 1.7178, -1.3318 -3.4249 1.7178, -1.3162 -3.4608 1.7205, -1.3122 -3.4302 1.7205, -1.3004 -3.4017 1.7205, -1.318 -3.3915 1.7178, -1.2816 -3.3772 1.7205, -1.296 -3.3628 1.7178, -1.2571 -3.3585 1.7205, -1.2673 -3.3408 1.7178, -1.2286 -3.3467 1.7205, -1.2339 -3.327 1.7178, -1.1981 -3.3426 1.7205, -1.1981 -3.3223 1.7178, -1.1675 -3.3467 1.7205, -1.1622 -3.327 1.7178, -1.139 -3.3585 1.7205, -1.1288 -3.3408 1.7178, -1.1145 -3.3772 1.7205, -1.1001 -3.3628 1.7178, -1.0958 -3.4017 1.7205, -1.0781 -3.3915 1.7178, -1.084 -3.4302 1.7205, -1.0643 -3.4249 1.7178, -1.08 -3.4608 1.7205, -1.0596 -3.4608 1.7178, -1.3344 -3.382 1.7099, -1.3094 -3.3494 1.7099, -1.2768 -3.3244 1.7099, -1.2388 -3.3086 1.7099, -1.1981 -3.3033 1.7099, -1.1573 -3.3086 1.7099, -1.1193 -3.3244 1.7099, -1.0867 -3.3494 1.7099, -1.0617 -3.382 1.7099, -1.046 -3.42 1.7099, -1.0406 -3.4608 1.7099, -1.3486 -3.3739 1.6974, -1.321 -3.3379 1.6974, -1.285 -3.3102 1.6974, -1.243 -3.2929 1.6974, -1.1981 -3.287 1.6974, -1.1531 -3.2929 1.6974, -1.1112 -3.3102 1.6974, -1.0752 -3.3379 1.6974, -1.0476 -3.3739 1.6974, -1.0302 -3.4158 1.6974, -1.0243 -3.4608 1.6974, -1.3594 -3.3676 1.6811, -1.3298 -3.329 1.6811, -1.2912 -3.2994 1.6811, -1.2463 -3.2808 1.6811, -1.1981 -3.2745 1.6811, -1.1498 -3.2808 1.6811, -1.1049 -3.2994 1.6811, -1.0663 -3.329 1.6811, -1.0367 -3.3676 1.6811, -1.0181 -3.4125 1.6811, -1.0118 -3.4608 1.6811, -1.3662 -3.3637 1.6621, -1.3354 -3.3235 1.6621, -1.2951 -3.2926 1.6621, -1.2483 -3.2732 1.6621, -1.1981 -3.2666 1.6621, -1.1478 -3.2732 1.6621, -1.101 -3.2926 1.6621, -1.0608 -3.3235 1.6621, -1.0299 -3.3637 1.6621, -1.0105 -3.4105 1.6621, -1.0039 -3.4608 1.6621, -1.2816 -3.5443 1.7205, -1.2286 -3.5748 1.7205, -1.1981 -3.5789 1.7205, -1.3004 -3.5198 1.7205, -1.2571 -3.563 1.7205, -1.139 -3.563 1.7205, -1.084 -3.4913 1.7205, -1.1145 -3.5443 1.7205, -1.0958 -3.5198 1.7205, -1.3122 -3.4913 1.7205, -1.1675 -3.5748 1.7205, 0.3673 -3.4302 1.7205, 0.3555 -3.4017 1.7205, 0.3122 -3.563 1.7205, 0.2532 -3.3426 1.7205, 0.1697 -3.5443 1.7205, 0.1941 -3.563 1.7205, 0.2838 -3.5748 1.7205, 0.3367 -3.5443 1.7205, 0.3555 -3.5198 1.7205, 0.3673 -3.4913 1.7205, 0.2532 -3.5789 1.7205, 0.3367 -3.3772 1.7205, 0.3122 -3.3585 1.7205, 0.2226 -3.5748 1.7205, 0.2838 -3.3467 1.7205, 0.1697 -3.3772 1.7205, 0.1509 -3.4017 1.7205, 0.1391 -3.4302 1.7205, 0.2226 -3.3467 1.7205, 0.1941 -3.3585 1.7205, 0.1509 -3.5198 1.7205, 0.1391 -3.4913 1.7205, 0.1351 -3.4608 1.7205, 0.3713 -3.4608 1.7205, -1.3887 -3.5078 1.6417, -1.3882 -3.5117 1.6417, -1.3856 -3.511 1.6621, -1.3716 -3.5519 1.6417, -1.3685 -3.5592 1.6417, -1.3662 -3.5578 1.6621, -1.2216 -3.6545 1.6417, -1.1981 -3.6576 1.6417, -1.1981 -3.6549 1.6621, -1.1746 -3.6545 1.6417, -1.1471 -3.6509 1.6417, -1.1478 -3.6483 1.6621, -1.1289 -3.6433 1.6417, -1.0996 -3.6312 1.6417, -1.101 -3.6289 1.6621, -1.0871 -3.6216 1.6417, -1.0589 -3.5999 1.6417, -1.0608 -3.5981 1.6621, -1.0517 -3.5906 1.6417, -1.0276 -3.5592 1.6417, -1.0299 -3.5578 1.6621, -1.0246 -3.5519 1.6417, -1.0079 -3.5117 1.6417, -1.0105 -3.511 1.6621, -1.0074 -3.5078 1.6417, -1.2339 -3.5945 1.7178, -1.2673 -3.5807 1.7178, -1.2388 -3.6129 1.7099, -1.2768 -3.5971 1.7099, -1.243 -3.6286 1.6974, -1.285 -3.6113 1.6974, -1.2463 -3.6407 1.6811, -1.1981 -3.5992 1.7178, -1.1981 -3.6182 1.7099, -1.1981 -3.6345 1.6974, -1.1981 -3.6471 1.6811, -1.2912 -3.6221 1.6811, -1.2951 -3.6289 1.6621, -1.2483 -3.6483 1.6621, -1.0181 -3.509 1.6811, -1.0302 -3.5057 1.6974, -1.046 -3.5015 1.7099, -1.0643 -3.4966 1.7178, -1.0367 -3.5539 1.6811, -1.0476 -3.5476 1.6974, -1.0617 -3.5395 1.7099, -1.0781 -3.53 1.7178, -1.0663 -3.5925 1.6811, -1.0752 -3.5836 1.6974, -1.0867 -3.5721 1.7099, -1.1001 -3.5587 1.7178, -1.1049 -3.6221 1.6811, -1.1112 -3.6113 1.6974, -1.1193 -3.5971 1.7099, -1.1288 -3.5807 1.7178, -1.1498 -3.6407 1.6811, -1.1531 -3.6286 1.6974, -1.1573 -3.6129 1.7099, -1.1622 -3.5945 1.7178, -1.249 -3.6509 1.6417, -1.3445 -3.5906 1.6417, -1.3373 -3.5999 1.6417, -1.3354 -3.5981 1.6621, -1.3298 -3.5925 1.6811, -1.321 -3.5836 1.6974, -1.3094 -3.5721 1.7099, -1.296 -3.5587 1.7178, -1.309 -3.6216 1.6417, -1.2965 -3.6312 1.6417, -1.2673 -3.6433 1.6417, -1.3594 -3.5539 1.6811, -1.3486 -3.5476 1.6974, -1.3344 -3.5395 1.7099, -1.318 -3.53 1.7178, -1.378 -3.509 1.6811, -1.3659 -3.5057 1.6974, -1.3502 -3.5015 1.7099, -1.3318 -3.4966 1.7178, -1.0069 -3.5079 1.6024, -1.0238 -3.5522 1.6024, -1.0507 -3.5913 1.6024, -1.0862 -3.6228 1.6024, -1.1283 -3.6448 1.6024, -1.1743 -3.6562 1.6024, -1.2218 -3.6562 1.6024, -1.2679 -3.6448 1.6024, -1.3099 -3.6228 1.6024, -1.3454 -3.5913 1.6024, -1.3724 -3.5522 1.6024, -1.3892 -3.5079 1.6024, 0.0563 -3.4608 1.6417, 0.059 -3.4608 1.6621, 0.0656 -3.4105 1.6621, 0.0669 -3.4608 1.6811, 0.0732 -3.4125 1.6811, 0.0794 -3.4608 1.6974, 0.0853 -3.4158 1.6974, 0.0957 -3.4608 1.7099, 0.1011 -3.42 1.7099, 0.1147 -3.4608 1.7178, 0.1194 -3.4249 1.7178, 0.1333 -3.3915 1.7178, 0.1553 -3.3628 1.7178, 0.1839 -3.3408 1.7178, 0.2174 -3.327 1.7178, 0.2532 -3.3223 1.7178, 0.289 -3.327 1.7178, 0.3224 -3.3408 1.7178, 0.3511 -3.3628 1.7178, 0.3731 -3.3915 1.7178, 0.387 -3.4249 1.7178, 0.3917 -3.4608 1.7178, 0.1168 -3.382 1.7099, 0.1418 -3.3494 1.7099, 0.1745 -3.3244 1.7099, 0.2124 -3.3086 1.7099, 0.2532 -3.3033 1.7099, 0.294 -3.3086 1.7099, 0.3319 -3.3244 1.7099, 0.3645 -3.3494 1.7099, 0.3896 -3.382 1.7099, 0.4053 -3.42 1.7099, 0.4107 -3.4608 1.7099, 0.1027 -3.3739 1.6974, 0.1303 -3.3379 1.6974, 0.1663 -3.3102 1.6974, 0.2082 -3.2929 1.6974, 0.2532 -3.287 1.6974, 0.2982 -3.2929 1.6974, 0.3401 -3.3102 1.6974, 0.3761 -3.3379 1.6974, 0.4037 -3.3739 1.6974, 0.4211 -3.4158 1.6974, 0.427 -3.4608 1.6974, 0.0919 -3.3676 1.6811, 0.1215 -3.329 1.6811, 0.16 -3.2994 1.6811, 0.205 -3.2808 1.6811, 0.2532 -3.2745 1.6811, 0.3014 -3.2808 1.6811, 0.3463 -3.2994 1.6811, 0.3849 -3.329 1.6811, 0.4145 -3.3676 1.6811, 0.4331 -3.4125 1.6811, 0.4395 -3.4608 1.6811, 0.085 -3.3637 1.6621, 0.1159 -3.3235 1.6621, 0.1561 -3.2926 1.6621, 0.2029 -3.2732 1.6621, 0.2532 -3.2666 1.6621, 0.3034 -3.2732 1.6621, 0.3503 -3.2926 1.6621, 0.3905 -3.3235 1.6621, 0.4213 -3.3637 1.6621, 0.4407 -3.4105 1.6621, 0.4474 -3.4608 1.6621, 0.0631 -3.4098 1.6417, 0.0827 -3.3623 1.6417, 0.114 -3.3216 1.6417, 0.1548 -3.2903 1.6417, 0.2022 -3.2706 1.6417, 0.2532 -3.2639 1.6417, 0.3041 -3.2706 1.6417, 0.3516 -3.2903 1.6417, 0.3924 -3.3216 1.6417, 0.4237 -3.3623 1.6417, 0.4433 -3.4098 1.6417, 0.45 -3.4608 1.6417, 0.0625 -3.5078 1.6417, 0.0631 -3.5117 1.6417, 0.0656 -3.511 1.6621, 0.0797 -3.5519 1.6417, 0.0827 -3.5592 1.6417, 0.085 -3.5578 1.6621, 0.2297 -3.6545 1.6417, 0.2532 -3.6576 1.6417, 0.2532 -3.6549 1.6621, 0.2767 -3.6545 1.6417, 0.3041 -3.6509 1.6417, 0.3034 -3.6483 1.6621, 0.3224 -3.6433 1.6417, 0.3516 -3.6312 1.6417, 0.3503 -3.6289 1.6621, 0.3641 -3.6216 1.6417, 0.3924 -3.5999 1.6417, 0.3905 -3.5981 1.6621, 0.3996 -3.5906 1.6417, 0.4237 -3.5592 1.6417, 0.4213 -3.5578 1.6621, 0.4267 -3.5519 1.6417, 0.4433 -3.5117 1.6417, 0.4407 -3.511 1.6621, 0.4439 -3.5078 1.6417, 0.2174 -3.5945 1.7178, 0.1839 -3.5807 1.7178, 0.2124 -3.6129 1.7099, 0.1745 -3.5971 1.7099, 0.2082 -3.6286 1.6974, 0.1663 -3.6113 1.6974, 0.205 -3.6407 1.6811, 0.2532 -3.5992 1.7178, 0.2532 -3.6182 1.7099, 0.2532 -3.6345 1.6974, 0.2532 -3.6471 1.6811, 0.16 -3.6221 1.6811, 0.1561 -3.6289 1.6621, 0.2029 -3.6483 1.6621, 0.4331 -3.509 1.6811, 0.4211 -3.5057 1.6974, 0.4053 -3.5015 1.7099, 0.387 -3.4966 1.7178, 0.4145 -3.5539 1.6811, 0.4037 -3.5476 1.6974, 0.3896 -3.5395 1.7099, 0.3731 -3.53 1.7178, 0.3849 -3.5925 1.6811, 0.3761 -3.5836 1.6974, 0.3645 -3.5721 1.7099, 0.3511 -3.5587 1.7178, 0.3463 -3.6221 1.6811, 0.3401 -3.6113 1.6974, 0.3319 -3.5971 1.7099, 0.3224 -3.5807 1.7178, 0.3014 -3.6407 1.6811, 0.2982 -3.6286 1.6974, 0.294 -3.6129 1.7099, 0.289 -3.5945 1.7178, 0.2022 -3.6509 1.6417, 0.1068 -3.5906 1.6417, 0.114 -3.5999 1.6417, 0.1159 -3.5981 1.6621, 0.1215 -3.5925 1.6811, 0.1303 -3.5836 1.6974, 0.1418 -3.5721 1.7099, 0.1553 -3.5587 1.7178, 0.1422 -3.6216 1.6417, 0.1548 -3.6312 1.6417, 0.184 -3.6433 1.6417, 0.0919 -3.5539 1.6811, 0.1027 -3.5476 1.6974, 0.1168 -3.5395 1.7099, 0.1333 -3.53 1.7178, 0.0732 -3.509 1.6811, 0.0853 -3.5057 1.6974, 0.1011 -3.5015 1.7099, 0.1194 -3.4966 1.7178, 0.45 -3.4608 1.6024, 0.4443 -3.5079 1.6024, 0.4275 -3.5522 1.6024, 0.4005 -3.5913 1.6024, 0.365 -3.6228 1.6024, 0.323 -3.6448 1.6024, 0.2769 -3.6562 1.6024, 0.2295 -3.6562 1.6024, 0.1834 -3.6448 1.6024, 0.1414 -3.6228 1.6024, 0.1058 -3.5913 1.6024, 0.0789 -3.5522 1.6024, 0.0621 -3.5079 1.6024, 0.0563 -3.4608 1.6024, 0.0631 -3.4098 1.6024, 0.0827 -3.3623 1.6024, 0.114 -3.3216 1.6024, 0.1548 -3.2903 1.6024, 0.2022 -3.2706 1.6024, 0.2532 -3.2639 1.6024, 0.3041 -3.2706 1.6024, 0.3516 -3.2903 1.6024, 0.3924 -3.3216 1.6024, 0.4237 -3.3623 1.6024, 0.4433 -3.4098 1.6024
            ]
        }
        coordIndex [
            0,1,2,-1,0,2,3,-1,3,2,4,-1,3,4,5,-1,5,4,6,-1,5,6,7,-1,7,6,8,-1,7,8,9,-1,9,8,10,-1,9,10,11,-1,11,10,12,-1,11,12,13,-1,13,12,14,-1,13,14,15,-1,15,14,16,-1,15,16,17,-1,17,16,18,-1,17,18,19,-1,19,18,20,-1,19,20,21,-1,21,20,22,-1,21,22,23,-1,23,22,24,-1,23,24,25,-1,1,26,27,-1,26,28,29,-1,28,30,31,-1,30,32,33,-1,32,34,35,-1,34,36,37,-1,34,37,35,-1,35,37,38,-1,35,38,39,-1,39,38,40,-1,39,40,41,-1,41,40,42,-1,41,42,43,-1,43,42,44,-1,43,44,45,-1,45,44,46,-1,45,46,47,-1,47,46,48,-1,47,48,49,-1,49,48,50,-1,49,50,51,-1,51,50,52,-1,51,52,53,-1,53,52,54,-1,53,54,55,-1,55,54,56,-1,55,56,57,-1,57,56,58,-1,57,58,59,-1,32,35,33,-1,33,35,39,-1,33,39,60,-1,60,39,41,-1,60,41,61,-1,61,41,43,-1,61,43,62,-1,62,43,45,-1,62,45,63,-1,63,45,47,-1,63,47,64,-1,64,47,49,-1,64,49,65,-1,65,49,51,-1,65,51,66,-1,66,51,53,-1,66,53,67,-1,67,53,55,-1,67,55,68,-1,68,55,57,-1,68,57,69,-1,69,57,59,-1,69,59,70,-1,30,33,31,-1,31,33,60,-1,31,60,71,-1,71,60,61,-1,71,61,72,-1,72,61,62,-1,72,62,73,-1,73,62,63,-1,73,63,74,-1,74,63,64,-1,74,64,75,-1,75,64,65,-1,75,65,76,-1,76,65,66,-1,76,66,77,-1,77,66,67,-1,77,67,78,-1,78,67,68,-1,78,68,79,-1,79,68,69,-1,79,69,80,-1,80,69,70,-1,80,70,81,-1,28,31,29,-1,29,31,71,-1,29,71,82,-1,82,71,72,-1,82,72,83,-1,83,72,73,-1,83,73,84,-1,84,73,74,-1,84,74,85,-1,85,74,75,-1,85,75,86,-1,86,75,76,-1,86,76,87,-1,87,76,77,-1,87,77,88,-1,88,77,78,-1,88,78,89,-1,89,78,79,-1,89,79,90,-1,90,79,80,-1,90,80,91,-1,91,80,81,-1,91,81,92,-1,26,29,27,-1,27,29,82,-1,27,82,93,-1,93,82,83,-1,93,83,94,-1,94,83,84,-1,94,84,95,-1,95,84,85,-1,95,85,96,-1,96,85,86,-1,96,86,97,-1,97,86,87,-1,97,87,98,-1,98,87,88,-1,98,88,99,-1,99,88,89,-1,99,89,100,-1,100,89,90,-1,100,90,101,-1,101,90,91,-1,101,91,102,-1,102,91,92,-1,102,92,103,-1,1,27,2,-1,2,27,93,-1,2,93,4,-1,4,93,94,-1,4,94,6,-1,6,94,95,-1,6,95,8,-1,8,95,96,-1,8,96,10,-1,10,96,97,-1,10,97,12,-1,12,97,98,-1,12,98,14,-1,14,98,99,-1,14,99,16,-1,16,99,100,-1,16,100,18,-1,18,100,101,-1,18,101,20,-1,20,101,102,-1,20,102,22,-1,22,102,103,-1,22,103,24,-1,104,52,50,-1,105,106,54,-1,50,48,104,-1,104,48,46,-1,104,46,44,-1,44,42,104,-1,104,42,40,-1,104,40,107,-1,52,104,54,-1,54,104,108,-1,54,108,105,-1,40,38,37,-1,58,109,110,-1,110,109,111,-1,110,111,112,-1,37,36,40,-1,40,36,113,-1,40,113,107,-1,106,114,54,-1,54,114,109,-1,54,109,56,-1,56,109,58,-1,115,116,117,-1,118,119,120,-1,117,116,121,-1,122,123,124,-1,121,116,125,-1,125,116,126,-1,125,126,127,-1,120,128,118,-1,118,128,125,-1,118,125,129,-1,129,125,127,-1,130,131,132,-1,118,133,119,-1,119,133,134,-1,119,134,135,-1,135,134,136,-1,130,132,134,-1,134,132,137,-1,134,137,136,-1,122,124,117,-1,117,124,138,-1,117,138,115,-1,139,140,141,-1,142,143,144,-1,145,146,147,-1,148,149,150,-1,151,152,153,-1,154,155,156,-1,157,158,159,-1,160,161,162,-1,163,24,103,-1,105,108,164,-1,164,108,165,-1,164,165,166,-1,166,165,167,-1,166,167,168,-1,168,167,169,-1,168,169,170,-1,106,105,171,-1,171,105,164,-1,171,164,172,-1,172,164,166,-1,172,166,173,-1,173,166,168,-1,173,168,174,-1,174,168,170,-1,174,170,147,-1,175,176,177,-1,161,163,162,-1,162,163,103,-1,162,103,178,-1,178,103,92,-1,178,92,179,-1,179,92,81,-1,179,81,180,-1,180,81,70,-1,180,70,181,-1,181,70,59,-1,181,59,110,-1,110,59,58,-1,158,160,159,-1,159,160,162,-1,159,162,182,-1,182,162,178,-1,182,178,183,-1,183,178,179,-1,183,179,184,-1,184,179,180,-1,184,180,185,-1,185,180,181,-1,185,181,112,-1,112,181,110,-1,155,157,156,-1,156,157,159,-1,156,159,186,-1,186,159,182,-1,186,182,187,-1,187,182,183,-1,187,183,188,-1,188,183,184,-1,188,184,189,-1,189,184,185,-1,189,185,111,-1,111,185,112,-1,152,154,153,-1,153,154,156,-1,153,156,190,-1,190,156,186,-1,190,186,191,-1,191,186,187,-1,191,187,192,-1,192,187,188,-1,192,188,193,-1,193,188,189,-1,193,189,109,-1,109,189,111,-1,149,151,150,-1,150,151,153,-1,150,153,194,-1,194,153,190,-1,194,190,195,-1,195,190,191,-1,195,191,196,-1,196,191,192,-1,196,192,197,-1,197,192,193,-1,197,193,114,-1,114,193,109,-1,146,148,147,-1,147,148,150,-1,147,150,174,-1,174,150,194,-1,174,194,173,-1,173,194,195,-1,173,195,172,-1,172,195,196,-1,172,196,171,-1,171,196,197,-1,171,197,106,-1,106,197,114,-1,169,175,170,-1,170,175,177,-1,170,177,147,-1,147,177,198,-1,147,198,145,-1,199,200,201,-1,201,200,176,-1,201,176,202,-1,202,176,175,-1,202,175,203,-1,203,175,169,-1,203,169,204,-1,204,169,167,-1,204,167,205,-1,205,167,165,-1,205,165,104,-1,104,165,108,-1,200,206,176,-1,176,206,207,-1,176,207,177,-1,177,207,208,-1,177,208,198,-1,143,199,144,-1,144,199,201,-1,144,201,209,-1,209,201,202,-1,209,202,210,-1,210,202,203,-1,210,203,211,-1,211,203,204,-1,211,204,212,-1,212,204,205,-1,212,205,107,-1,107,205,104,-1,140,142,141,-1,141,142,144,-1,141,144,213,-1,213,144,209,-1,213,209,214,-1,214,209,210,-1,214,210,215,-1,215,210,211,-1,215,211,216,-1,216,211,212,-1,216,212,113,-1,113,212,107,-1,1,139,26,-1,26,139,141,-1,26,141,28,-1,28,141,213,-1,28,213,30,-1,30,213,214,-1,30,214,32,-1,32,214,215,-1,32,215,34,-1,34,215,216,-1,34,216,36,-1,36,216,113,-1,25,24,163,-1,25,163,217,-1,217,163,161,-1,217,161,218,-1,161,160,218,-1,218,160,158,-1,218,158,219,-1,158,157,219,-1,219,157,155,-1,219,155,220,-1,155,154,220,-1,220,154,152,-1,220,152,221,-1,152,151,221,-1,221,151,149,-1,221,149,222,-1,149,148,222,-1,222,148,146,-1,222,146,223,-1,146,145,223,-1,223,145,198,-1,223,198,224,-1,198,208,224,-1,224,208,207,-1,224,207,225,-1,207,206,225,-1,225,206,200,-1,225,200,226,-1,200,199,226,-1,226,199,143,-1,226,143,227,-1,143,142,227,-1,227,142,140,-1,227,140,228,-1,140,139,228,-1,228,139,1,-1,228,1,0,-1,229,230,231,-1,230,232,233,-1,232,234,235,-1,234,236,237,-1,236,238,239,-1,238,137,132,-1,238,132,239,-1,239,132,131,-1,239,131,240,-1,240,131,130,-1,240,130,241,-1,241,130,134,-1,241,134,242,-1,242,134,133,-1,242,133,243,-1,243,133,118,-1,243,118,244,-1,244,118,129,-1,244,129,245,-1,245,129,127,-1,245,127,246,-1,246,127,126,-1,246,126,247,-1,247,126,116,-1,247,116,248,-1,248,116,115,-1,248,115,249,-1,249,115,138,-1,249,138,250,-1,236,239,237,-1,237,239,240,-1,237,240,251,-1,251,240,241,-1,251,241,252,-1,252,241,242,-1,252,242,253,-1,253,242,243,-1,253,243,254,-1,254,243,244,-1,254,244,255,-1,255,244,245,-1,255,245,256,-1,256,245,246,-1,256,246,257,-1,257,246,247,-1,257,247,258,-1,258,247,248,-1,258,248,259,-1,259,248,249,-1,259,249,260,-1,260,249,250,-1,260,250,261,-1,234,237,235,-1,235,237,251,-1,235,251,262,-1,262,251,252,-1,262,252,263,-1,263,252,253,-1,263,253,264,-1,264,253,254,-1,264,254,265,-1,265,254,255,-1,265,255,266,-1,266,255,256,-1,266,256,267,-1,267,256,257,-1,267,257,268,-1,268,257,258,-1,268,258,269,-1,269,258,259,-1,269,259,270,-1,270,259,260,-1,270,260,271,-1,271,260,261,-1,271,261,272,-1,232,235,233,-1,233,235,262,-1,233,262,273,-1,273,262,263,-1,273,263,274,-1,274,263,264,-1,274,264,275,-1,275,264,265,-1,275,265,276,-1,276,265,266,-1,276,266,277,-1,277,266,267,-1,277,267,278,-1,278,267,268,-1,278,268,279,-1,279,268,269,-1,279,269,280,-1,280,269,270,-1,280,270,281,-1,281,270,271,-1,281,271,282,-1,282,271,272,-1,282,272,283,-1,230,233,231,-1,231,233,273,-1,231,273,284,-1,284,273,274,-1,284,274,285,-1,285,274,275,-1,285,275,286,-1,286,275,276,-1,286,276,287,-1,287,276,277,-1,287,277,288,-1,288,277,278,-1,288,278,289,-1,289,278,279,-1,289,279,290,-1,290,279,280,-1,290,280,291,-1,291,280,281,-1,291,281,292,-1,292,281,282,-1,292,282,293,-1,293,282,283,-1,293,283,294,-1,229,231,295,-1,295,231,284,-1,295,284,296,-1,296,284,285,-1,296,285,297,-1,297,285,286,-1,297,286,298,-1,298,286,287,-1,298,287,299,-1,299,287,288,-1,299,288,300,-1,300,288,289,-1,300,289,301,-1,301,289,290,-1,301,290,302,-1,302,290,291,-1,302,291,303,-1,303,291,292,-1,303,292,304,-1,304,292,293,-1,304,293,305,-1,305,293,294,-1,305,294,306,-1,307,308,309,-1,310,311,312,-1,313,314,315,-1,316,317,318,-1,319,320,321,-1,322,323,324,-1,325,326,327,-1,328,329,330,-1,331,306,294,-1,128,120,332,-1,332,120,333,-1,332,333,334,-1,334,333,335,-1,334,335,336,-1,336,335,337,-1,336,337,338,-1,125,128,339,-1,339,128,332,-1,339,332,340,-1,340,332,334,-1,340,334,341,-1,341,334,336,-1,341,336,342,-1,342,336,338,-1,342,338,315,-1,343,344,345,-1,329,331,330,-1,330,331,294,-1,330,294,346,-1,346,294,283,-1,346,283,347,-1,347,283,272,-1,347,272,348,-1,348,272,261,-1,348,261,349,-1,349,261,250,-1,349,250,124,-1,124,250,138,-1,326,328,327,-1,327,328,330,-1,327,330,350,-1,350,330,346,-1,350,346,351,-1,351,346,347,-1,351,347,352,-1,352,347,348,-1,352,348,353,-1,353,348,349,-1,353,349,123,-1,123,349,124,-1,323,325,324,-1,324,325,327,-1,324,327,354,-1,354,327,350,-1,354,350,355,-1,355,350,351,-1,355,351,356,-1,356,351,352,-1,356,352,357,-1,357,352,353,-1,357,353,122,-1,122,353,123,-1,320,322,321,-1,321,322,324,-1,321,324,358,-1,358,324,354,-1,358,354,359,-1,359,354,355,-1,359,355,360,-1,360,355,356,-1,360,356,361,-1,361,356,357,-1,361,357,117,-1,117,357,122,-1,317,319,318,-1,318,319,321,-1,318,321,362,-1,362,321,358,-1,362,358,363,-1,363,358,359,-1,363,359,364,-1,364,359,360,-1,364,360,365,-1,365,360,361,-1,365,361,121,-1,121,361,117,-1,314,316,315,-1,315,316,318,-1,315,318,342,-1,342,318,362,-1,342,362,341,-1,341,362,363,-1,341,363,340,-1,340,363,364,-1,340,364,339,-1,339,364,365,-1,339,365,125,-1,125,365,121,-1,337,343,338,-1,338,343,345,-1,338,345,315,-1,315,345,366,-1,315,366,313,-1,367,368,369,-1,369,368,344,-1,369,344,370,-1,370,344,343,-1,370,343,371,-1,371,343,337,-1,371,337,372,-1,372,337,335,-1,372,335,373,-1,373,335,333,-1,373,333,119,-1,119,333,120,-1,368,374,344,-1,344,374,375,-1,344,375,345,-1,345,375,376,-1,345,376,366,-1,311,367,312,-1,312,367,369,-1,312,369,377,-1,377,369,370,-1,377,370,378,-1,378,370,371,-1,378,371,379,-1,379,371,372,-1,379,372,380,-1,380,372,373,-1,380,373,135,-1,135,373,119,-1,308,310,309,-1,309,310,312,-1,309,312,381,-1,381,312,377,-1,381,377,382,-1,382,377,378,-1,382,378,383,-1,383,378,379,-1,383,379,384,-1,384,379,380,-1,384,380,136,-1,136,380,135,-1,229,307,230,-1,230,307,309,-1,230,309,232,-1,232,309,381,-1,232,381,234,-1,234,381,382,-1,234,382,236,-1,236,382,383,-1,236,383,238,-1,238,383,384,-1,238,384,137,-1,137,384,136,-1,385,306,331,-1,385,331,386,-1,386,331,329,-1,386,329,387,-1,329,328,387,-1,387,328,326,-1,387,326,388,-1,326,325,388,-1,388,325,323,-1,388,323,389,-1,323,322,389,-1,389,322,320,-1,389,320,390,-1,320,319,390,-1,390,319,317,-1,390,317,391,-1,317,316,391,-1,391,316,314,-1,391,314,392,-1,314,313,392,-1,392,313,366,-1,392,366,393,-1,366,376,393,-1,393,376,375,-1,393,375,394,-1,375,374,394,-1,394,374,368,-1,394,368,395,-1,368,367,395,-1,395,367,311,-1,395,311,396,-1,311,310,396,-1,396,310,308,-1,396,308,397,-1,308,307,397,-1,397,307,229,-1,397,229,398,-1,398,229,295,-1,398,295,399,-1,399,295,296,-1,399,296,400,-1,400,296,297,-1,400,297,401,-1,401,297,298,-1,401,298,402,-1,402,298,299,-1,402,299,403,-1,403,299,300,-1,403,300,404,-1,404,300,301,-1,404,301,405,-1,405,301,302,-1,405,302,406,-1,406,302,303,-1,406,303,407,-1,407,303,304,-1,407,304,408,-1,408,304,305,-1,408,305,409,-1,409,305,306,-1,409,306,385,-1,
        ]
    }
}
Shape{
    appearance Appearance {
        material  Material 	{
            diffuseColor 0.8117647058823529 0.8117647058823529 0.8117647058823529
            specularColor 0.8117647058823529 0.8117647058823529 0.8117647058823529
            ambientIntensity 0.8118
            transparency 0.0
            shininess 0.5
        }
    }
    geometry IndexedFaceSet {
        ccw TRUE
        solid FALSE
        coord DEF co Coordinate {
            point [
                0.6693 -3.6591 1.5236, 0.6693 -2.6673 1.5236, 0.6693 -3.6591 1.6024, 0.6693 -2.6673 1.6024, -1.0265 -2.6673 1.5236, -1.0429 -2.7189 1.5236, -1.6142 -2.6673 1.5236, -1.063 -2.8717 1.5236, -1.6142 -3.6591 1.5236, -1.5157 -3.8296 1.5236, -1.5565 -3.7983 1.5236, -0.89 -3.2893 1.5236, 0.0816 -2.6673 1.5236, 0.098 -2.7189 1.5236, 0.1181 -2.8717 1.5236, -1.0429 -3.0246 1.5236, -0.9839 -3.167 1.5236, -1.6075 -3.7101 1.5236, -1.5878 -3.7576 1.5236, -0.7677 -3.3832 1.5236, -1.4173 -3.856 1.5236, -1.4683 -3.8493 1.5236, -0.6253 -3.4422 1.5236, -0.4724 -3.4623 1.5236, 0.4724 -3.856 1.5236, 0.098 -3.0246 1.5236, 0.039 -3.167 1.5236, 0.6626 -3.7101 1.5236, 0.6429 -3.7576 1.5236, -0.3196 -3.4422 1.5236, -0.1772 -3.3832 1.5236, 0.5234 -3.8493 1.5236, -0.0549 -3.2893 1.5236, 0.5709 -3.8296 1.5236, 0.6116 -3.7983 1.5236
            ]
        }
        coordIndex [
            0,1,2,-1,2,1,3,-1,4,5,6,-1,6,5,7,-1,6,7,8,-1,9,10,11,-1,12,1,13,-1,13,1,14,-1,7,15,8,-1,8,15,16,-1,8,16,17,-1,17,16,11,-1,17,11,18,-1,18,11,10,-1,19,20,11,-1,11,20,21,-1,11,21,9,-1,19,22,20,-1,20,22,23,-1,20,23,24,-1,14,1,25,-1,25,1,0,-1,25,0,26,-1,26,0,27,-1,26,27,28,-1,23,29,24,-1,24,29,30,-1,24,30,31,-1,31,30,32,-1,31,32,33,-1,33,32,26,-1,33,26,34,-1,34,26,28,-1,
        ]
    }
}
Shape{
    appearance Appearance {
        material  Material 	{
            diffuseColor 0.2549019607843137 0.2549019607843137 0.2549019607843137
            specularColor 0.2549019607843137 0.2549019607843137 0.2549019607843137
            ambientIntensity 0.2549
            transparency 0.0
            shininess 0.5
        }
    }
    geometry IndexedFaceSet {
        ccw TRUE
        solid FALSE
        coord DEF co Coordinate {
            point [
                -1.063 -2.8717 1.5236, -1.063 -2.8717 1.6024, -1.0429 -3.0246 1.5236, -1.0429 -3.0246 1.6024, -0.9839 -3.167 1.5236, -0.9839 -3.167 1.6024, -0.89 -3.2893 1.5236, -0.89 -3.2893 1.6024, -0.7677 -3.3832 1.5236, -0.7677 -3.3832 1.6024, -0.6253 -3.4422 1.5236, -0.6253 -3.4422 1.6024, -0.4724 -3.4623 1.5236, -0.4724 -3.4623 1.6024, -0.3196 -3.4422 1.5236, -0.3196 -3.4422 1.6024, -0.1772 -3.3832 1.5236, -0.1772 -3.3832 1.6024, -0.0549 -3.2893 1.5236, -0.0549 -3.2893 1.6024, 0.039 -3.167 1.5236, 0.039 -3.167 1.6024, 0.098 -3.0246 1.5236, 0.098 -3.0246 1.6024, 0.1181 -2.8717 1.5236, 0.1181 -2.8717 1.6024
            ]
        }
        coordIndex [
            0,1,2,-1,2,1,3,-1,2,3,4,-1,4,3,5,-1,4,5,6,-1,6,5,7,-1,6,7,8,-1,8,7,9,-1,8,9,10,-1,10,9,11,-1,10,11,12,-1,12,11,13,-1,12,13,14,-1,14,13,15,-1,14,15,16,-1,16,15,17,-1,16,17,18,-1,18,17,19,-1,18,19,20,-1,20,19,21,-1,20,21,22,-1,22,21,23,-1,22,23,24,-1,24,23,25,-1,
        ]
    }
}
Shape{
    appearance Appearance {
        material  Material 	{
            diffuseColor 0.8117647058823529 0.8117647058823529 0.8117647058823529
            specularColor 0.8117647058823529 0.8117647058823529 0.8117647058823529
            ambientIntensity 0.8118
            transparency 0.0
            shininess 0.5
        }
    }
    geometry IndexedFaceSet {
        ccw TRUE
        solid FALSE
        coord DEF co Coordinate {
            point [
                -1.6142 -3.6591 1.6024, -1.6142 -2.6673 1.6024, -1.6142 -3.6591 1.5236, -1.6142 -2.6673 1.5236, -1.4173 -3.856 1.5236, -1.4173 -3.856 1.6024, -1.4683 -3.8493 1.6024, -1.4683 -3.8493 1.5236, -1.5157 -3.8296 1.6024, -1.5157 -3.8296 1.5236, -1.5565 -3.7983 1.6024, -1.5565 -3.7983 1.5236, -1.5878 -3.7576 1.6024, -1.5878 -3.7576 1.5236, -1.6075 -3.7101 1.6024, -1.6075 -3.7101 1.5236, 0.4724 -3.856 1.6024, 0.4724 -3.856 1.5236, 0.6693 -3.6591 1.5236, 0.6693 -3.6591 1.6024, 0.6626 -3.7101 1.6024, 0.6626 -3.7101 1.5236, 0.6429 -3.7576 1.6024, 0.6429 -3.7576 1.5236, 0.6116 -3.7983 1.6024, 0.6116 -3.7983 1.5236, 0.5709 -3.8296 1.6024, 0.5709 -3.8296 1.5236, 0.5234 -3.8493 1.6024, 0.5234 -3.8493 1.5236
            ]
        }
        coordIndex [
            0,1,2,-1,2,1,3,-1,4,5,6,-1,4,6,7,-1,7,6,8,-1,7,8,9,-1,9,8,10,-1,9,10,11,-1,11,10,12,-1,11,12,13,-1,13,12,14,-1,13,14,15,-1,15,14,0,-1,15,0,2,-1,5,4,16,-1,16,4,17,-1,18,19,20,-1,18,20,21,-1,21,20,22,-1,21,22,23,-1,23,22,24,-1,23,24,25,-1,25,24,26,-1,25,26,27,-1,27,26,28,-1,27,28,29,-1,29,28,16,-1,29,16,17,-1,
        ]
    }
}
Shape{
    appearance Appearance {
        material  Material 	{
            diffuseColor 0.2549019607843137 0.2549019607843137 0.2549019607843137
            specularColor 0.2549019607843137 0.2549019607843137 0.2549019607843137
            ambientIntensity 0.2549
            transparency 0.0
            shininess 0.5
        }
    }
    geometry IndexedFaceSet {
        ccw TRUE
        solid FALSE
        coord DEF co Coordinate {
            point [
                0.0606 -2.6673 1.5236, 0.0816 -2.6673 1.5236, 0.0219 -2.5863 1.5236, 0.039 -2.5765 1.5236, -0.0688 -2.4681 1.5236, -0.0549 -2.4542 1.5236, -0.187 -2.3774 1.5236, -0.1772 -2.3603 1.5236, -0.3247 -2.3203 1.5236, -0.3196 -2.3013 1.5236, -0.4724 -2.3009 1.5236, -0.4724 -2.2812 1.5236, -0.6202 -2.3203 1.5236, -0.6253 -2.3013 1.5236, -0.7579 -2.3774 1.5236, -0.7677 -2.3603 1.5236, -0.8761 -2.4681 1.5236, -0.89 -2.4542 1.5236, -0.9668 -2.5863 1.5236, -0.9839 -2.5765 1.5236, -1.0055 -2.6673 1.5236, -1.0265 -2.6673 1.5236, -1.6679 -3.4547 0.9843, -1.752 -3.4547 0.9843, -1.6679 -2.6673 0.9843, -1.752 -2.6673 0.9843, -1.6679 -3.4547 1.6275, -1.6679 -2.6673 1.6275, -1.4173 -3.4547 1.6275, -1.4173 -2.6673 1.6275, -1.4173 -2.6673 2.7559, -1.4173 -3.4547 1.811, -2.1653 -2.6673 2.7559, -2.1653 -3.4547 1.811, -2.1653 -3.8583 0.9843, -2.1653 -3.4547 0.9843, -2.1653 -3.8583 0.0787, -2.1653 -2.0768 0.9843, -2.1653 -2.3503 0.0787, -2.1653 -2.0472 0.9843, -2.1653 -2.0472 0.0787, -2.1653 -2.6673 3.3203, -2.1653 -2.0768 3.3203, -1.7716 -4.252 0.0787, -1.7716 -4.252 0.9843, -1.8735 -4.2386 0.9843, -1.8735 -4.2386 0.0787, -1.9685 -4.1992 0.9843, -1.9685 -4.1992 0.0787, -2.05 -4.1367 0.9843, -2.05 -4.1367 0.0787, -2.1126 -4.0551 0.9843, -2.1126 -4.0551 0.0787, -2.1519 -3.9602 0.9843, -2.1519 -3.9602 0.0787, 0.8268 -4.252 0.0787, 0.8268 -4.252 0.9843, 0.3686 -4.252 0.0787, 1.2205 -3.8583 0.0787, 1.2205 -3.8583 0.9843, 1.2071 -3.9602 0.9843, 1.2071 -3.9602 0.0787, 1.1677 -4.0551 0.9843, 1.1677 -4.0551 0.0787, 1.1052 -4.1367 0.9843, 1.1052 -4.1367 0.0787, 1.0236 -4.1992 0.9843, 1.0236 -4.1992 0.0787, 0.9287 -4.2386 0.9843, 0.9287 -4.2386 0.0787, -1.752 -3.937 0.6693, -1.752 -3.937 0.9843, 0.8071 -3.937 0.6693, 0.8071 -3.937 0.9843, -2.2308 -1.4434 0.2362, -2.2308 -1.4434 0.0787, -2.2308 -2.0472 0.2362, -2.2308 -2.0472 0.0787, -2.8346 -1.4434 0.2362, -2.8346 -1.4434 0.6966, -3.4646 -1.4434 0.6966, -3.4646 -1.4434 0.0787, -3.4646 -0.9546 0.6966, -2.8346 -0.9546 0.6966, -3.4646 -0.9546 2.6024, -2.8346 -0.9546 2.6024, -3.4646 -0.3011 2.6024, -3.2677 -0.3011 2.6024, -2.8346 -0.3011 2.6024, -2.8346 0.931 2.6024, -3.2677 0.931 2.6024, -3.2677 0.9206 2.7562, -2.8346 0.9206 2.7562, -3.2677 0.8724 2.9026, -2.8346 0.8724 2.9026, -3.2677 0.7893 3.0325, -2.8346 0.7893 3.0325, -3.2677 0.6767 3.1378, -2.8346 0.6767 3.1378, -3.2677 0.5414 3.2119, -2.8346 0.5414 3.2119, -3.2677 0.392 3.2501, -2.8346 0.392 3.2501, -3.2677 0.2379 3.2501, -2.8346 0.2379 3.2501, -3.2677 0.0885 3.2119, -2.8346 0.0885 3.2119, -3.2677 -0.0467 3.1378, -2.8346 -0.0467 3.1378, -3.2677 -0.1594 3.0325, -2.8346 -0.1594 3.0325, -3.2677 -0.2424 2.9026, -2.8346 -0.2424 2.9026, -3.2677 -0.2907 2.7562, -2.8346 -0.2907 2.7562, -3.2677 0.9027 2.4497, -3.2677 -0.1087 2.1891, -3.2677 -0.2073 2.309, -3.2677 -0.2728 2.4497, -3.2677 0.8372 2.309, -3.2677 0.7386 2.1891, -3.2677 0.161 2.0402, -3.2677 0.6132 2.0976, -3.2677 0.469 2.0402, -3.2677 0.315 2.0207, -3.2677 0.0167 2.0976, 1.8898 1.2598 0.0787, 1.8898 1.2598 1.378, 1.6142 1.2598 0.0787, 1.6142 1.2598 1.378, 1.8898 -0.6299 1.378, 1.6142 -0.1554 1.378, 1.6142 -0.6299 1.378, 1.6142 0.7853 1.378, 1.1417 0.7853 1.378, 1.1417 -0.1554 1.378, 1.6142 0.7853 0.0787, 1.1417 0.7853 0.0, 1.2623 0.7853 0.0, 1.2623 0.7853 0.0787, 1.157 1.0735 0.0, 1.157 1.0735 0.0787, 1.0043 1.3395 0.0, 1.0043 1.3395 0.0787, 0.8085 1.5757 0.0, 0.8085 1.5757 0.0787, 0.5755 1.7752 0.0, 0.5755 1.7752 0.0787, 0.3118 1.9322 0.0, 0.3118 1.9322 0.0787, 0.0254 2.042 0.0, 0.0254 2.042 0.0787, -0.2756 2.1015 0.0, -0.2756 2.1015 0.0787, -0.2756 2.6772 0.0, -0.2756 2.6772 0.0787, 0.266 2.6772 0.0, 0.266 2.6772 0.0787, 1.1417 -0.1554 0.0, 1.2623 -0.1554 0.0, 1.2623 -0.1554 0.0787, 1.6142 -0.1554 0.0787, -2.2072 -0.1554 0.0787, -2.2072 -0.1554 0.0, -2.0898 -0.469 0.0, -2.0898 -0.469 0.0787, -1.9163 -0.7554 0.0, -1.9163 -0.7554 0.0787, -1.6927 -1.0047 0.0, -1.6927 -1.0047 0.0787, -1.4268 -1.2081 0.0, -1.4268 -1.2081 0.0787, -1.1277 -1.3587 0.0, -1.1277 -1.3587 0.0787, -0.8058 -1.4512 0.0, -0.8058 -1.4512 0.0787, -0.4724 -1.4824 0.0, -0.4724 -1.4824 0.0787, -0.139 -1.4512 0.0, -0.139 -1.4512 0.0787, 0.1828 -1.3587 0.0, 0.1828 -1.3587 0.0787, 0.3686 -1.2652 0.0787, 0.4819 -1.2081 0.0, 0.4819 -1.2081 0.0787, 0.7479 -1.0047 0.0, 0.7479 -1.0047 0.0787, 0.9715 -0.7554 0.0, 0.9715 -0.7554 0.0787, 1.1449 -0.469 0.0, 1.1449 -0.469 0.0787, -2.0866 -0.1554 0.0, -2.5591 -0.1554 0.0787, -2.5591 -0.1554 1.8536, -2.0866 -0.1554 1.8536, -2.0866 0.315 1.7233, -2.0866 0.7853 0.0, -2.0866 0.104 1.748, -2.0866 -0.0956 1.8207, -2.0866 0.5259 1.748, -2.0866 0.7255 1.8207, -2.0866 0.7853 1.8536, 1.6142 -0.6299 0.0787, 1.8898 -0.6299 0.0787
            ]
        }
        coordIndex [
            0,1,2,-1,2,1,3,-1,2,3,4,-1,4,3,5,-1,4,5,6,-1,6,5,7,-1,6,7,8,-1,8,7,9,-1,8,9,10,-1,10,9,11,-1,10,11,12,-1,12,11,13,-1,12,13,14,-1,14,13,15,-1,14,15,16,-1,16,15,17,-1,16,17,18,-1,18,17,19,-1,18,19,20,-1,20,19,21,-1,22,23,24,-1,24,23,25,-1,22,24,26,-1,26,24,27,-1,26,27,28,-1,28,27,29,-1,29,30,28,-1,28,30,31,-1,30,32,31,-1,31,32,33,-1,34,35,36,-1,36,35,37,-1,36,37,38,-1,38,37,39,-1,38,39,40,-1,41,42,32,-1,32,42,37,-1,32,37,33,-1,33,37,35,-1,43,44,45,-1,43,45,46,-1,46,45,47,-1,46,47,48,-1,48,47,49,-1,48,49,50,-1,50,49,51,-1,50,51,52,-1,52,51,53,-1,52,53,54,-1,54,53,34,-1,54,34,36,-1,55,56,57,-1,57,56,44,-1,57,44,43,-1,58,59,60,-1,58,60,61,-1,61,60,62,-1,61,62,63,-1,63,62,64,-1,63,64,65,-1,65,64,66,-1,65,66,67,-1,67,66,68,-1,67,68,69,-1,69,68,56,-1,69,56,55,-1,70,71,72,-1,72,71,73,-1,74,75,76,-1,76,75,77,-1,75,74,78,-1,79,80,78,-1,78,80,81,-1,78,81,75,-1,80,79,82,-1,82,79,83,-1,82,83,84,-1,84,83,85,-1,86,84,87,-1,87,84,85,-1,87,85,88,-1,89,90,91,-1,89,91,92,-1,92,91,93,-1,92,93,94,-1,94,93,95,-1,94,95,96,-1,96,95,97,-1,96,97,98,-1,98,97,99,-1,98,99,100,-1,100,99,101,-1,100,101,102,-1,102,101,103,-1,102,103,104,-1,104,103,105,-1,104,105,106,-1,106,105,107,-1,106,107,108,-1,108,107,109,-1,108,109,110,-1,110,109,111,-1,110,111,112,-1,112,111,113,-1,112,113,114,-1,114,113,87,-1,114,87,88,-1,91,90,113,-1,113,90,115,-1,113,115,87,-1,116,117,115,-1,115,117,118,-1,115,118,87,-1,111,109,107,-1,103,101,113,-1,113,101,99,-1,113,99,97,-1,119,120,121,-1,120,122,121,-1,121,122,123,-1,121,123,124,-1,111,107,113,-1,113,107,105,-1,113,105,103,-1,97,95,113,-1,113,95,93,-1,113,93,91,-1,119,121,115,-1,115,121,125,-1,115,125,116,-1,126,127,128,-1,128,127,129,-1,127,130,131,-1,131,130,132,-1,129,127,133,-1,133,127,131,-1,133,131,134,-1,134,131,135,-1,128,129,136,-1,136,129,133,-1,137,138,139,-1,136,133,139,-1,139,133,134,-1,139,134,137,-1,139,138,140,-1,139,140,141,-1,141,140,142,-1,141,142,143,-1,143,142,144,-1,143,144,145,-1,145,144,146,-1,145,146,147,-1,147,146,148,-1,147,148,149,-1,149,148,150,-1,149,150,151,-1,151,150,152,-1,151,152,153,-1,154,155,152,-1,152,155,153,-1,156,157,154,-1,154,157,155,-1,137,134,158,-1,158,134,135,-1,159,158,160,-1,160,158,135,-1,160,135,161,-1,161,135,131,-1,162,163,164,-1,162,164,165,-1,165,164,166,-1,165,166,167,-1,167,166,168,-1,167,168,169,-1,169,168,170,-1,169,170,171,-1,171,170,172,-1,171,172,173,-1,173,172,174,-1,173,174,175,-1,175,174,176,-1,175,176,177,-1,177,176,178,-1,177,178,179,-1,179,178,180,-1,179,180,181,-1,181,180,182,-1,182,180,183,-1,182,183,184,-1,184,183,185,-1,184,185,186,-1,186,185,187,-1,186,187,188,-1,188,187,189,-1,188,189,190,-1,190,189,159,-1,190,159,160,-1,191,163,162,-1,192,193,162,-1,162,193,194,-1,162,194,191,-1,195,196,197,-1,197,196,191,-1,197,191,198,-1,198,191,194,-1,195,199,196,-1,196,199,200,-1,196,200,201,-1,161,131,202,-1,202,131,132,-1,202,132,203,-1,203,132,130,-1,
        ]
    }
}
Shape{
    appearance Appearance {
        material  Material 	{
            diffuseColor 1.0 1.0 1.0
            specularColor 0.5019607843137255 0.5019607843137255 0.5019607843137255
            ambientIntensity 1.0
            transparency 0.0
            shininess 0.5
        }
    }
    geometry IndexedFaceSet {
        ccw TRUE
        solid FALSE
        coord DEF co Coordinate {
            point [
                0.6703 -0.6693 4.527, 0.6701 -0.3366 4.5268, 0.938 -0.6693 4.3068, 0.7076 -0.3142 4.5007, 0.7091 -0.3128 4.4996, 0.7583 -0.2676 4.4629, 0.7605 -0.2646 4.4612, 0.7978 -0.214 4.4316, 0.7994 -0.2119 4.4304, 0.8142 -0.1829 4.4182, 0.8271 -0.1576 4.4075, 0.829 -0.1519 4.4059, 0.8499 -0.0878 4.388, 0.8499 -0.0875 4.3879, 0.8593 -0.0264 4.3798, 0.8613 -0.0135 4.3781, 0.8624 0.0197 4.3771, 0.8624 0.6102 4.3771, 0.938 1.2992 4.3068, 0.8585 0.6627 4.3805, 0.8571 0.6806 4.3817, 0.8473 0.7227 4.3902, 0.8411 0.7494 4.3956, 0.8276 0.7828 4.407, 0.8157 0.8123 4.417, 0.7984 0.8407 4.431, 0.7808 0.8696 4.4453, 0.7805 0.87 4.4456, 0.7579 0.8957 4.463, 0.7372 0.9192 4.4789, 0.6701 0.9666 4.5268, 0.6703 1.2992 4.527, 0.6869 0.9583 4.5154, 0.7049 0.9443 4.5024, 0.5858 -0.368 4.5818, 0.5954 -0.3669 4.5761, 0.6492 -0.3483 4.5412, 0.6529 -0.347 4.5388, -1.5871 -0.3506 4.5457, -1.5758 -0.3562 4.5533, -1.6151 -0.6693 4.527, -1.5227 -0.3704 4.5869, -1.522 -0.3704 4.5873, -1.4777 -0.374 4.6135, -1.3137 -0.6693 4.6981, -1.3137 -0.374 4.6981, -0.9873 -0.6693 4.8151, -0.9873 -0.374 4.8151, -0.6458 -0.6693 4.8744, -0.6458 -0.374 4.8744, -0.2991 -0.6693 4.8744, -0.2991 -0.374 4.8744, 0.0424 -0.6693 4.8151, 0.0424 -0.374 4.8151, 0.3688 -0.6693 4.6981, 0.3688 -0.374 4.6981, 0.5328 -0.374 4.6135, -1.6151 1.2992 4.527, -1.615 0.9666 4.5268, -1.8829 1.2992 4.3068, -1.6524 0.9441 4.5007, -1.6539 0.9427 4.4996, -1.7032 0.8975 4.4629, -1.7054 0.8945 4.4612, -1.7427 0.8439 4.4316, -1.7442 0.8418 4.4304, -1.759 0.8128 4.4182, -1.772 0.7875 4.4075, -1.7738 0.7818 4.4059, -1.7947 0.7177 4.388, -1.7948 0.7174 4.3879, -1.8042 0.6563 4.3798, -1.8061 0.6434 4.378, -1.8072 0.6102 4.3771, -1.802 -0.0507 4.3817, -1.8829 -0.6693 4.3068, -1.8033 -0.0328 4.3805, -1.8072 0.0197 4.3771, -1.7922 -0.0928 4.3902, -1.786 -0.1195 4.3956, -1.7725 -0.1529 4.407, -1.7606 -0.1824 4.417, -1.7433 -0.2107 4.431, -1.7257 -0.2397 4.4453, -1.7254 -0.2401 4.4456, -1.7028 -0.2658 4.463, -1.6821 -0.2893 4.4789, -1.6498 -0.3144 4.5024, -1.6318 -0.3284 4.5154, -1.615 -0.3367 4.5268, -1.5306 0.9979 4.5818, -1.5402 0.9968 4.5761, -1.594 0.9782 4.5412, -1.5978 0.9769 4.5388, 0.6423 0.9805 4.5457, 0.631 0.9861 4.5533, 0.5778 1.0003 4.5869, 0.5771 1.0003 4.5873, 0.5328 1.0039 4.6135, 0.3688 1.2992 4.6981, 0.3688 1.0039 4.6981, 0.0424 1.2992 4.8151, 0.0424 1.0039 4.8151, -0.2991 1.2992 4.8744, -0.2991 1.0039 4.8744, -0.6458 1.2992 4.8744, -0.6458 1.0039 4.8744, -0.9873 1.2992 4.8151, -0.9873 1.0039 4.8151, -1.3137 1.2992 4.6981, -1.3137 1.0039 4.6981, -1.4777 1.0039 4.6135, 1.4863 1.2992 3.3465, 1.4863 -0.6693 3.3465, 1.466 1.2992 3.4227, 1.466 -0.6693 3.4227, 1.3418 1.2992 3.7463, 1.3418 -0.6693 3.7463, 1.1641 1.2992 4.044, 1.1641 -0.6693 4.044, -2.109 1.2992 4.044, -2.109 -0.6693 4.044, -2.2867 1.2992 3.7463, -2.2867 -0.6693 3.7463, -2.4109 1.2992 3.4227, -2.4109 -0.6693 3.4227, -2.4312 1.2992 3.3465, -2.4312 -0.6693 3.3465, 0.6985 -0.6693 4.9721, 0.3846 -0.6693 5.1181, 1.8898 -0.6693 3.3465, 1.7964 -0.6693 3.6799, 1.6562 -0.6693 3.9965, 1.4722 -0.6693 4.2897, 1.248 -0.6693 4.5536, 0.9883 -0.6693 4.7826, -2.8346 -0.6693 3.3465, -2.7413 -0.6693 3.6799, -2.6011 -0.6693 3.9965, -2.4171 -0.6693 4.2897, -2.1929 -0.6693 4.5536, -1.9332 -0.6693 4.7826, -1.6434 -0.6693 4.9721, -1.3295 -0.6693 5.1181, 1.1229 0.0197 4.6722, 1.1229 0.6102 4.6722, 1.119 -0.0264 4.6757, 1.1174 -0.046 4.6771, 1.1062 -0.087 4.6868, 1.0969 -0.121 4.6949, 1.0818 -0.1508 4.7076, 1.0655 -0.1829 4.7213, 1.0599 -0.1939 4.726, 1.0445 -0.2123 4.7382, 0.9382 -0.3101 4.8191, 0.9882 -0.2752 4.7825, 0.996 -0.2698 4.7768, 1.0008 -0.2641 4.7729, 0.9078 -0.3312 4.8414, 0.8669 -0.3449 4.8683, 0.7988 -0.3678 4.9132, 0.7924 -0.3684 4.917, 0.7292 -0.374 4.9548, 0.6985 -0.374 4.9721, 0.3846 -0.374 5.1181, -1.3295 -0.374 5.1181, -1.6434 -0.374 4.9721, -1.6741 -0.374 4.9548, -1.7846 -0.3582 4.8872, -1.726 -0.3666 4.923, -1.8042 -0.3492 4.8738, -1.88 -0.3145 4.8217, -1.888 -0.3108 4.8163, -1.9908 -0.2098 4.7371, -1.9698 -0.24 4.7542, -1.9693 -0.2408 4.7546, -1.9422 -0.2641 4.7751, -1.9329 -0.2721 4.7822, -2.021 -0.1664 4.7124, -2.0266 -0.153 4.7077, -2.0512 -0.0933 4.6868, -2.0513 -0.093 4.6866, -2.0629 -0.0325 4.6765, -2.0662 -0.0151 4.6736, -2.0678 0.0197 4.6722, -2.0678 0.6102 4.6722, -2.0639 0.6563 4.6757, -2.0623 0.6759 4.6771, -2.0511 0.7169 4.6868, -2.0418 0.7509 4.6949, -2.0267 0.7807 4.7076, -2.0104 0.8128 4.7213, -2.0048 0.8239 4.726, -1.9893 0.8422 4.7382, -1.883 0.94 4.8191, -1.9331 0.9052 4.7825, -1.9409 0.8997 4.7768, -1.9457 0.894 4.7729, -1.8526 0.9611 4.8414, -1.8118 0.9749 4.8683, -1.7437 0.9977 4.9132, -1.7373 0.9983 4.917, -1.6741 1.0039 4.9548, -1.6434 1.0039 4.9721, -1.3295 1.0039 5.1181, 0.3846 1.0039 5.1181, 0.6985 1.0039 4.9721, 0.7292 1.0039 4.9548, 0.8398 0.9881 4.8872, 0.7811 0.9965 4.923, 0.8593 0.9791 4.8738, 0.9352 0.9444 4.8217, 0.9431 0.9407 4.8163, 1.046 0.8397 4.7371, 1.025 0.8699 4.7542, 1.0244 0.8707 4.7546, 0.9973 0.894 4.7751, 0.988 0.9021 4.7822, 1.0762 0.7963 4.7124, 1.0817 0.7829 4.7077, 1.1063 0.7232 4.6868, 1.1064 0.7229 4.6866, 1.118 0.6624 4.6765, 1.1214 0.645 4.6736
            ]
        }
        coordIndex [
            0,1,2,-1,2,1,3,-1,3,4,2,-1,2,4,5,-1,2,5,6,-1,6,7,2,-1,2,7,8,-1,2,8,9,-1,9,10,2,-1,2,10,11,-1,2,11,12,-1,12,13,2,-1,2,13,14,-1,2,14,15,-1,16,17,18,-1,18,17,19,-1,18,19,20,-1,20,21,18,-1,18,21,22,-1,18,22,23,-1,23,24,18,-1,18,24,25,-1,18,25,26,-1,26,27,18,-1,18,27,28,-1,18,28,29,-1,30,31,32,-1,32,31,18,-1,32,18,33,-1,33,18,29,-1,34,35,0,-1,35,36,0,-1,0,36,37,-1,0,37,1,-1,38,39,40,-1,40,39,41,-1,41,42,40,-1,40,42,43,-1,40,43,44,-1,44,43,45,-1,44,45,46,-1,46,45,47,-1,46,47,48,-1,48,47,49,-1,48,49,50,-1,50,49,51,-1,50,51,52,-1,52,51,53,-1,52,53,54,-1,54,53,55,-1,54,55,0,-1,0,55,56,-1,0,56,34,-1,57,58,59,-1,59,58,60,-1,59,60,61,-1,61,62,59,-1,59,62,63,-1,59,63,64,-1,64,65,59,-1,59,65,66,-1,59,66,67,-1,67,68,59,-1,59,68,69,-1,59,69,70,-1,70,71,59,-1,59,71,72,-1,59,72,73,-1,74,75,76,-1,76,75,77,-1,74,78,75,-1,75,78,79,-1,75,79,80,-1,80,81,75,-1,75,81,82,-1,75,82,83,-1,83,84,75,-1,75,84,85,-1,75,85,86,-1,86,87,75,-1,75,87,88,-1,75,88,40,-1,40,88,89,-1,40,89,38,-1,90,91,57,-1,91,92,57,-1,57,92,93,-1,57,93,58,-1,30,94,31,-1,31,94,95,-1,31,95,96,-1,96,97,31,-1,31,97,98,-1,31,98,99,-1,99,98,100,-1,99,100,101,-1,101,100,102,-1,101,102,103,-1,103,102,104,-1,103,104,105,-1,105,104,106,-1,105,106,107,-1,107,106,108,-1,107,108,109,-1,109,108,110,-1,109,110,57,-1,57,110,111,-1,57,111,90,-1,112,113,114,-1,114,113,115,-1,114,115,116,-1,116,115,117,-1,116,117,118,-1,118,117,119,-1,118,119,18,-1,18,119,2,-1,18,2,16,-1,16,2,15,-1,73,77,59,-1,59,77,75,-1,59,75,120,-1,120,75,121,-1,120,121,122,-1,122,121,123,-1,122,123,124,-1,124,123,125,-1,124,125,126,-1,126,125,127,-1,0,128,54,-1,54,128,129,-1,54,129,52,-1,113,130,115,-1,115,130,131,-1,115,131,117,-1,117,131,132,-1,117,132,119,-1,119,132,133,-1,119,133,2,-1,2,133,134,-1,2,134,0,-1,0,134,135,-1,0,135,128,-1,136,127,137,-1,137,127,125,-1,137,125,138,-1,138,125,123,-1,138,123,139,-1,139,123,121,-1,139,121,140,-1,140,121,75,-1,140,75,141,-1,141,75,40,-1,141,40,142,-1,142,40,44,-1,142,44,143,-1,44,46,143,-1,143,46,48,-1,143,48,129,-1,129,48,50,-1,129,50,52,-1,16,144,17,-1,17,144,145,-1,146,144,16,-1,16,15,146,-1,146,15,14,-1,146,14,147,-1,147,14,13,-1,147,13,148,-1,148,13,12,-1,148,12,149,-1,149,12,11,-1,149,11,150,-1,150,11,10,-1,150,10,151,-1,151,10,9,-1,151,9,152,-1,152,9,8,-1,152,8,153,-1,153,8,7,-1,153,7,6,-1,154,155,5,-1,5,155,156,-1,5,156,6,-1,6,156,157,-1,6,157,153,-1,5,4,154,-1,154,4,3,-1,154,3,158,-1,158,3,1,-1,158,1,159,-1,1,37,159,-1,159,37,36,-1,159,36,160,-1,160,36,35,-1,160,35,161,-1,35,34,161,-1,161,34,56,-1,161,56,162,-1,162,56,163,-1,163,56,55,-1,163,55,164,-1,55,53,164,-1,164,53,51,-1,164,51,165,-1,165,51,49,-1,49,47,165,-1,165,47,45,-1,165,45,166,-1,166,45,43,-1,166,43,167,-1,168,169,42,-1,42,169,167,-1,42,167,43,-1,42,41,168,-1,168,41,39,-1,168,39,170,-1,39,38,170,-1,170,38,89,-1,170,89,171,-1,89,88,171,-1,171,88,87,-1,171,87,172,-1,172,87,86,-1,173,174,84,-1,84,174,175,-1,84,175,85,-1,85,175,176,-1,85,176,86,-1,86,176,177,-1,86,177,172,-1,84,83,173,-1,173,83,82,-1,173,82,178,-1,178,82,81,-1,178,81,179,-1,179,81,80,-1,179,80,180,-1,80,79,180,-1,180,79,78,-1,180,78,181,-1,181,78,74,-1,181,74,182,-1,182,74,76,-1,182,76,183,-1,183,76,77,-1,183,77,184,-1,73,185,77,-1,77,185,184,-1,186,185,73,-1,73,72,186,-1,186,72,71,-1,186,71,187,-1,187,71,70,-1,187,70,188,-1,188,70,69,-1,188,69,189,-1,189,69,68,-1,189,68,190,-1,190,68,67,-1,190,67,191,-1,191,67,66,-1,191,66,192,-1,192,66,65,-1,192,65,193,-1,193,65,64,-1,193,64,63,-1,194,195,62,-1,62,195,196,-1,62,196,63,-1,63,196,197,-1,63,197,193,-1,62,61,194,-1,194,61,60,-1,194,60,198,-1,198,60,58,-1,198,58,199,-1,58,93,199,-1,199,93,92,-1,199,92,200,-1,200,92,91,-1,200,91,201,-1,91,90,201,-1,201,90,111,-1,201,111,202,-1,202,111,203,-1,203,111,110,-1,203,110,204,-1,104,205,106,-1,106,205,204,-1,106,204,108,-1,108,204,110,-1,104,102,205,-1,205,102,100,-1,205,100,206,-1,206,100,98,-1,206,98,207,-1,208,209,97,-1,97,209,207,-1,97,207,98,-1,97,96,208,-1,208,96,95,-1,208,95,210,-1,95,94,210,-1,210,94,30,-1,210,30,211,-1,30,32,211,-1,211,32,33,-1,211,33,212,-1,212,33,29,-1,213,214,27,-1,27,214,215,-1,27,215,28,-1,28,215,216,-1,28,216,29,-1,29,216,217,-1,29,217,212,-1,27,26,213,-1,213,26,25,-1,213,25,218,-1,218,25,24,-1,218,24,219,-1,219,24,23,-1,219,23,220,-1,23,22,220,-1,220,22,21,-1,220,21,221,-1,221,21,20,-1,221,20,222,-1,222,20,19,-1,222,19,223,-1,223,19,17,-1,223,17,145,-1,
        ]
    }
}
Shape{
    appearance Appearance {
        material  Material 	{
            diffuseColor 0.2549019607843137 0.2549019607843137 0.2549019607843137
            specularColor 0.2549019607843137 0.2549019607843137 0.2549019607843137
            ambientIntensity 0.2549
            transparency 0.0
            shininess 0.5
        }
    }
    geometry IndexedFaceSet {
        ccw TRUE
        solid FALSE
        coord DEF co Coordinate {
            point [
                0.266 2.9035 0.0, -1.2109 2.9035 0.0, 0.266 2.9035 1.378, -1.2109 2.9035 1.378
            ]
        }
        coordIndex [
            0,1,2,-1,2,1,3,-1,
        ]
    }
}
Shape{
    appearance Appearance {
        material  Material 	{
            diffuseColor 0.8117647058823529 0.8117647058823529 0.8117647058823529
            specularColor 0.8117647058823529 0.8117647058823529 0.8117647058823529
            ambientIntensity 0.8118
            transparency 0.0
            shininess 0.5
        }
    }
    geometry IndexedFaceSet {
        ccw TRUE
        solid FALSE
        coord DEF co Coordinate {
            point [
                0.7579 -2.1063 0.0787, 0.7579 -2.1063 -0.5512, 0.8563 -2.1063 0.0787, 0.8563 -2.1063 -0.5512, 0.8563 -2.0276 -0.7087, 0.7579 -2.0276 -0.7087, 0.7579 -1.7913 0.0787, 0.7579 -1.7913 -0.5512, 0.7579 -1.8701 -0.7087, 0.8563 -1.7913 -0.5512, 0.8563 -1.8701 -0.7087, 0.8563 -1.7913 0.0787, 0.7579 -3.7992 -0.7087, 0.7579 -3.6417 -0.7087, 0.8563 -3.7992 -0.7087, 0.8563 -3.6417 -0.7087, -1.8012 -2.0276 -0.7087, -1.8012 -1.8701 -0.7087, -1.7028 -2.0276 -0.7087, -1.7028 -1.8701 -0.7087, -1.8012 -3.7992 -0.7087, -1.8012 -3.6417 -0.7087, -1.7028 -3.7992 -0.7087, -1.7028 -3.6417 -0.7087, 0.7579 -3.563 -0.5512, 0.8563 -3.563 -0.5512, 0.8563 -3.878 -0.5512, 0.8563 -3.878 0.0787, 0.8563 -3.563 0.0787, 0.7579 -3.878 -0.5512, 0.7579 -3.878 0.0787, 0.7579 -3.563 0.0787, -1.8012 -1.7913 -0.5512, -1.7028 -1.7913 -0.5512, -1.7028 -2.1063 -0.5512, -1.7028 -2.1063 0.0787, -1.7028 -1.7913 0.0787, -1.8012 -2.1063 -0.5512, -1.8012 -2.1063 0.0787, -1.8012 -1.7913 0.0787, -1.8012 -3.563 -0.5512, -1.7028 -3.563 -0.5512, -1.7028 -3.878 -0.5512, -1.7028 -3.878 0.0787, -1.7028 -3.563 0.0787, -1.8012 -3.878 -0.5512, -1.8012 -3.878 0.0787, -1.8012 -3.563 0.0787
            ]
        }
        coordIndex [
            0,1,2,-1,2,1,3,-1,3,1,4,-1,4,1,5,-1,0,6,1,-1,1,6,7,-1,1,7,5,-1,5,7,8,-1,7,9,8,-1,8,9,10,-1,4,10,3,-1,3,10,9,-1,3,9,2,-1,2,9,11,-1,5,8,4,-1,4,8,10,-1,12,13,14,-1,14,13,15,-1,16,17,18,-1,18,17,19,-1,20,21,22,-1,22,21,23,-1,24,25,13,-1,13,25,15,-1,14,15,26,-1,26,15,25,-1,26,25,27,-1,27,25,28,-1,26,29,14,-1,14,29,12,-1,30,31,29,-1,29,31,24,-1,29,24,12,-1,12,24,13,-1,28,25,31,-1,31,25,24,-1,30,29,27,-1,27,29,26,-1,32,33,17,-1,17,33,19,-1,18,19,34,-1,34,19,33,-1,34,33,35,-1,35,33,36,-1,34,37,18,-1,18,37,16,-1,38,39,37,-1,37,39,32,-1,37,32,16,-1,16,32,17,-1,36,33,39,-1,39,33,32,-1,38,37,35,-1,35,37,34,-1,40,41,21,-1,21,41,23,-1,22,23,42,-1,42,23,41,-1,42,41,43,-1,43,41,44,-1,42,45,22,-1,22,45,20,-1,46,47,45,-1,45,47,40,-1,45,40,20,-1,20,40,21,-1,44,41,47,-1,47,41,40,-1,46,45,43,-1,43,45,42,-1,11,9,6,-1,6,9,7,-1,
        ]
    }
}
Shape{
    appearance Appearance {
        material  Material 	{
            diffuseColor 0.792156862745098 0.8196078431372549 0.9333333333333333
            specularColor 0.396078431372549 0.4117647058823529 0.4666666666666667
            ambientIntensity 0.8244
            transparency 0.0
            shininess 0.5
        }
    }
    geometry IndexedFaceSet {
        ccw TRUE
        solid FALSE
        coord DEF co Coordinate {
            point [
                -0.1174 -0.6693 0.0709, -0.1174 -0.6693 0.0787, -0.2355 -0.6693 0.0709, -0.2355 -0.6693 0.0787, -0.2355 -0.6492 0.0709, -0.2355 -0.6492 0.0787, -0.137 -0.6492 0.0709, -0.137 -0.6492 0.0787, -0.137 -0.5118 0.0709, -0.137 -0.5118 0.0787, -0.1174 -0.5118 0.0709, -0.1174 -0.5118 0.0787, -0.3897 -0.6291 0.0709, -0.3897 -0.6291 0.0787, -0.37 -0.6291 0.0709, -0.37 -0.6291 0.0787, -0.3864 -0.6458 0.0709, -0.3864 -0.6458 0.0787, -0.3733 -0.6592 0.0709, -0.3733 -0.6592 0.0787, -0.3601 -0.6659 0.0709, -0.3601 -0.6659 0.0787, -0.3437 -0.6693 0.0709, -0.3437 -0.6693 0.0787, -0.3142 -0.6693 0.0709, -0.3142 -0.6693 0.0787, -0.2978 -0.6659 0.0709, -0.2978 -0.6659 0.0787, -0.2847 -0.6592 0.0709, -0.2847 -0.6592 0.0787, -0.2716 -0.6458 0.0709, -0.2716 -0.6458 0.0787, -0.265 -0.6324 0.0709, -0.265 -0.6324 0.0787, -0.2617 -0.6157 0.0709, -0.2617 -0.6157 0.0787, -0.2617 -0.5654 0.0709, -0.2617 -0.5654 0.0787, -0.265 -0.5487 0.0709, -0.265 -0.5487 0.0787, -0.2716 -0.5353 0.0709, -0.2716 -0.5353 0.0787, -0.2847 -0.5219 0.0709, -0.2847 -0.5219 0.0787, -0.2978 -0.5152 0.0709, -0.2978 -0.5152 0.0787, -0.3142 -0.5118 0.0709, -0.3142 -0.5118 0.0787, -0.3437 -0.5118 0.0709, -0.3437 -0.5118 0.0787, -0.3601 -0.5152 0.0709, -0.3601 -0.5152 0.0787, -0.3733 -0.5219 0.0709, -0.3733 -0.5219 0.0787, -0.3864 -0.5353 0.0709, -0.3864 -0.5353 0.0787, -0.3897 -0.552 0.0709, -0.3897 -0.552 0.0787, -0.37 -0.552 0.0709, -0.37 -0.552 0.0787, -0.3667 -0.542 0.0709, -0.3667 -0.542 0.0787, -0.3569 -0.5353 0.0709, -0.3569 -0.5353 0.0787, -0.3437 -0.5319 0.0709, -0.3437 -0.5319 0.0787, -0.3142 -0.5319 0.0709, -0.3142 -0.5319 0.0787, -0.3011 -0.5353 0.0709, -0.3011 -0.5353 0.0787, -0.2912 -0.542 0.0709, -0.2912 -0.542 0.0787, -0.2847 -0.552 0.0709, -0.2847 -0.552 0.0787, -0.2814 -0.5654 0.0709, -0.2814 -0.5654 0.0787, -0.2814 -0.6157 0.0709, -0.2814 -0.6157 0.0787, -0.2847 -0.6291 0.0709, -0.2847 -0.6291 0.0787, -0.2912 -0.6391 0.0709, -0.2912 -0.6391 0.0787, -0.3011 -0.6458 0.0709, -0.3011 -0.6458 0.0787, -0.3142 -0.6492 0.0709, -0.3142 -0.6492 0.0787, -0.3437 -0.6492 0.0709, -0.3437 -0.6492 0.0787, -0.3569 -0.6458 0.0709, -0.3569 -0.6458 0.0787, -0.3667 -0.6391 0.0709, -0.3667 -0.6391 0.0787, -0.534 -0.6492 0.0709, -0.534 -0.6492 0.0787, -0.4356 -0.6492 0.0709, -0.4356 -0.6492 0.0787, -0.534 -0.6693 0.0709, -0.534 -0.6693 0.0787, -0.4159 -0.6693 0.0709, -0.4159 -0.6693 0.0787, -0.4159 -0.5118 0.0709, -0.4159 -0.5118 0.0787, -0.534 -0.5118 0.0709, -0.534 -0.5118 0.0787, -0.534 -0.5319 0.0709, -0.534 -0.5319 0.0787, -0.4356 -0.5319 0.0709, -0.4356 -0.5319 0.0787, -0.4356 -0.5755 0.0709, -0.4356 -0.5755 0.0787, -0.5209 -0.5755 0.0709, -0.5209 -0.5755 0.0787, -0.5209 -0.5956 0.0709, -0.5209 -0.5956 0.0787, -0.4356 -0.5956 0.0709, -0.4356 -0.5956 0.0787, -0.639 -0.5118 0.0709, -0.639 -0.5118 0.0787, -0.5603 -0.5118 0.0709, -0.5603 -0.5118 0.0787, -0.6554 -0.5152 0.0709, -0.6554 -0.5152 0.0787, -0.6685 -0.5219 0.0709, -0.6685 -0.5219 0.0787, -0.6817 -0.5353 0.0709, -0.6817 -0.5353 0.0787, -0.6882 -0.5487 0.0709, -0.6882 -0.5487 0.0787, -0.6915 -0.5654 0.0709, -0.6915 -0.5654 0.0787, -0.6915 -0.6157 0.0709, -0.6915 -0.6157 0.0787, -0.6882 -0.6324 0.0709, -0.6882 -0.6324 0.0787, -0.6817 -0.6458 0.0709, -0.6817 -0.6458 0.0787, -0.6685 -0.6592 0.0709, -0.6685 -0.6592 0.0787, -0.6554 -0.6659 0.0709, -0.6554 -0.6659 0.0787, -0.639 -0.6693 0.0709, -0.639 -0.6693 0.0787, -0.5603 -0.6693 0.0709, -0.5603 -0.6693 0.0787, -0.58 -0.5319 0.0709, -0.58 -0.5319 0.0787, -0.639 -0.5319 0.0709, -0.639 -0.5319 0.0787, -0.58 -0.6492 0.0709, -0.58 -0.6492 0.0787, -0.639 -0.6492 0.0709, -0.639 -0.6492 0.0787, -0.6521 -0.6458 0.0709, -0.6521 -0.6458 0.0787, -0.662 -0.6391 0.0709, -0.662 -0.6391 0.0787, -0.6685 -0.6291 0.0709, -0.6685 -0.6291 0.0787, -0.6718 -0.6157 0.0709, -0.6718 -0.6157 0.0787, -0.6718 -0.5654 0.0709, -0.6718 -0.5654 0.0787, -0.6685 -0.552 0.0709, -0.6685 -0.552 0.0787, -0.662 -0.542 0.0709, -0.662 -0.542 0.0787, -0.6521 -0.5353 0.0709, -0.6521 -0.5353 0.0787, -0.7965 -0.5118 0.0709, -0.7965 -0.5118 0.0787, -0.7702 -0.5118 0.0709, -0.7702 -0.5118 0.0787, -0.849 -0.6693 0.0709, -0.849 -0.6693 0.0787, -0.8293 -0.6693 0.0709, -0.8293 -0.6693 0.0787, -0.8162 -0.6291 0.0709, -0.8162 -0.6291 0.0787, -0.7506 -0.6291 0.0709, -0.7506 -0.6291 0.0787, -0.7374 -0.6693 0.0709, -0.7374 -0.6693 0.0787, -0.7177 -0.6693 0.0709, -0.7177 -0.6693 0.0787, -0.7834 -0.5252 0.0709, -0.7834 -0.5252 0.0787, -0.8129 -0.6157 0.0709, -0.8129 -0.6157 0.0787, -0.7538 -0.6157 0.0709, -0.7538 -0.6157 0.0787
            ]
        }
        coordIndex [
            0,1,2,-1,2,1,3,-1,2,3,4,-1,4,3,5,-1,4,5,6,-1,6,5,7,-1,6,7,8,-1,8,7,9,-1,8,9,10,-1,10,9,11,-1,12,13,14,-1,14,13,15,-1,16,17,12,-1,12,17,13,-1,18,19,16,-1,16,19,17,-1,20,21,18,-1,18,21,19,-1,22,23,20,-1,20,23,21,-1,24,25,22,-1,22,25,23,-1,26,27,24,-1,24,27,25,-1,28,29,26,-1,26,29,27,-1,30,31,28,-1,28,31,29,-1,32,33,30,-1,30,33,31,-1,34,35,32,-1,32,35,33,-1,36,37,34,-1,34,37,35,-1,38,39,36,-1,36,39,37,-1,40,41,38,-1,38,41,39,-1,42,43,40,-1,40,43,41,-1,44,45,42,-1,42,45,43,-1,46,47,44,-1,44,47,45,-1,48,49,46,-1,46,49,47,-1,50,51,48,-1,48,51,49,-1,52,53,50,-1,50,53,51,-1,54,55,52,-1,52,55,53,-1,56,57,54,-1,54,57,55,-1,58,59,56,-1,56,59,57,-1,60,61,58,-1,58,61,59,-1,62,63,60,-1,60,63,61,-1,64,65,62,-1,62,65,63,-1,66,67,64,-1,64,67,65,-1,68,69,66,-1,66,69,67,-1,70,71,68,-1,68,71,69,-1,72,73,70,-1,70,73,71,-1,74,75,72,-1,72,75,73,-1,76,77,74,-1,74,77,75,-1,78,79,76,-1,76,79,77,-1,80,81,78,-1,78,81,79,-1,82,83,80,-1,80,83,81,-1,84,85,82,-1,82,85,83,-1,86,87,84,-1,84,87,85,-1,88,89,86,-1,86,89,87,-1,90,91,88,-1,88,91,89,-1,14,15,90,-1,90,15,91,-1,92,93,94,-1,94,93,95,-1,96,97,92,-1,92,97,93,-1,98,99,96,-1,96,99,97,-1,100,101,98,-1,98,101,99,-1,102,103,100,-1,100,103,101,-1,104,105,102,-1,102,105,103,-1,106,107,104,-1,104,107,105,-1,108,109,106,-1,106,109,107,-1,110,111,108,-1,108,111,109,-1,112,113,110,-1,110,113,111,-1,114,115,112,-1,112,115,113,-1,94,95,114,-1,114,95,115,-1,116,117,118,-1,118,117,119,-1,120,121,116,-1,116,121,117,-1,122,123,120,-1,120,123,121,-1,124,125,122,-1,122,125,123,-1,126,127,124,-1,124,127,125,-1,128,129,126,-1,126,129,127,-1,130,131,128,-1,128,131,129,-1,132,133,130,-1,130,133,131,-1,134,135,132,-1,132,135,133,-1,136,137,134,-1,134,137,135,-1,138,139,136,-1,136,139,137,-1,140,141,138,-1,138,141,139,-1,142,143,140,-1,140,143,141,-1,118,119,142,-1,142,119,143,-1,144,145,146,-1,146,145,147,-1,148,149,144,-1,144,149,145,-1,150,151,148,-1,148,151,149,-1,152,153,150,-1,150,153,151,-1,154,155,152,-1,152,155,153,-1,156,157,154,-1,154,157,155,-1,158,159,156,-1,156,159,157,-1,160,161,158,-1,158,161,159,-1,162,163,160,-1,160,163,161,-1,164,165,162,-1,162,165,163,-1,166,167,164,-1,164,167,165,-1,146,147,166,-1,166,147,167,-1,168,169,170,-1,170,169,171,-1,172,173,168,-1,168,173,169,-1,174,175,172,-1,172,175,173,-1,176,177,174,-1,174,177,175,-1,178,179,176,-1,176,179,177,-1,180,181,178,-1,178,181,179,-1,182,183,180,-1,180,183,181,-1,170,171,182,-1,182,171,183,-1,184,185,186,-1,186,185,187,-1,188,189,184,-1,184,189,185,-1,186,187,188,-1,188,187,189,-1,
        ]
    }
}
Shape{
    appearance Appearance {
        material  Material 	{
            diffuseColor 0.8431372549019608 0.8156862745098039 0.7529411764705882
            specularColor 0.4235294117647059 0.40784313725490196 0.3764705882352941
            ambientIntensity 0.8167
            transparency 0.0
            shininess 0.5
        }
    }
    geometry IndexedFaceSet {
        ccw TRUE
        solid FALSE
        coord DEF co Coordinate {
            point [
                0.0197 -2.7161 2.4291, 0.0197 -3.3067 2.4291, 0.0165 -3.3067 2.3843, 0.0165 -2.7161 2.3843, 0.0069 -3.3067 2.3404, 0.0069 -2.7161 2.3404, -0.0088 -3.3067 2.2983, -0.0088 -2.7161 2.2983, -0.0303 -3.3067 2.2589, -0.0303 -2.7161 2.2589, -0.0572 -3.3067 2.2229, -0.0572 -2.7161 2.2229, -0.089 -3.3067 2.1911, -0.089 -2.7161 2.1911, -0.125 -3.3067 2.1642, -0.125 -2.7161 2.1642, -0.1644 -3.3067 2.1426, -0.1644 -2.7161 2.1426, -0.2065 -3.3067 2.1269, -0.2065 -2.7161 2.1269, -0.2504 -3.3067 2.1174, -0.2504 -2.7161 2.1174, -0.2953 -3.3067 2.1142, -0.2953 -2.7161 2.1142, -0.6496 -3.3067 2.1142, -0.7383 -3.3067 3.0384, -0.9646 -3.3067 2.7362, -0.6944 -3.3067 3.048, -0.6496 -3.3067 3.0512, -0.9646 -3.3067 2.4291, -0.6944 -3.3067 2.1174, -0.2504 -3.3067 3.048, -0.2953 -3.3067 3.0512, 0.0069 -3.3067 2.825, -0.8559 -3.3067 2.1911, -0.8199 -3.3067 2.1642, 0.0197 -3.3067 2.7362, 0.0165 -3.3067 2.781, -0.8559 -3.3067 2.9743, -0.8199 -3.3067 3.0012, -0.7804 -3.3067 3.0227, -0.8876 -3.3067 2.9425, -0.9146 -3.3067 2.9065, -0.9361 -3.3067 2.8671, -0.9518 -3.3067 2.825, -0.9614 -3.3067 2.781, -0.9518 -3.3067 2.3404, -0.9361 -3.3067 2.2983, -0.9614 -3.3067 2.3843, -0.9146 -3.3067 2.2589, -0.8876 -3.3067 2.2229, -0.7804 -3.3067 2.1426, -0.7383 -3.3067 2.1269, -0.2065 -3.3067 3.0384, -0.0088 -3.3067 2.8671, -0.0303 -3.3067 2.9065, -0.0572 -3.3067 2.9425, -0.089 -3.3067 2.9743, -0.1644 -3.3067 3.0227, -0.125 -3.3067 3.0012, -0.9646 -2.7161 2.7362, -0.9614 -2.7161 2.781, -0.9518 -2.7161 2.825, -0.9361 -2.7161 2.8671, -0.9146 -2.7161 2.9065, -0.8876 -2.7161 2.9425, -0.8559 -2.7161 2.9743, -0.8199 -2.7161 3.0012, -0.7804 -2.7161 3.0227, -0.7383 -2.7161 3.0384, -0.6944 -2.7161 3.048, -0.6496 -2.7161 3.0512, -0.9646 -2.7161 2.4291, -0.9614 -2.7161 2.3843, -0.9518 -2.7161 2.3404, -0.9361 -2.7161 2.2983, -0.9146 -2.7161 2.2589, -0.8876 -2.7161 2.2229, -0.8559 -2.7161 2.1911, -0.8199 -2.7161 2.1642, -0.7804 -2.7161 2.1426, -0.7383 -2.7161 2.1269, -0.6944 -2.7161 2.1174, -0.6496 -2.7161 2.1142
            ]
        }
        coordIndex [
            0,1,2,-1,0,2,3,-1,3,2,4,-1,3,4,5,-1,5,4,6,-1,5,6,7,-1,7,6,8,-1,7,8,9,-1,9,8,10,-1,9,10,11,-1,11,10,12,-1,11,12,13,-1,13,12,14,-1,13,14,15,-1,15,14,16,-1,15,16,17,-1,17,16,18,-1,17,18,19,-1,19,18,20,-1,19,20,21,-1,21,20,22,-1,21,22,23,-1,1,24,22,-1,25,26,27,-1,27,26,28,-1,28,26,24,-1,24,26,29,-1,24,29,30,-1,31,32,33,-1,22,20,1,-1,1,20,18,-1,1,18,2,-1,29,34,35,-1,14,12,4,-1,24,1,28,-1,28,1,36,-1,28,36,32,-1,32,36,37,-1,32,37,33,-1,38,25,39,-1,39,25,40,-1,38,41,25,-1,25,41,42,-1,25,42,43,-1,43,44,25,-1,25,44,45,-1,25,45,26,-1,46,47,48,-1,48,47,49,-1,48,49,29,-1,29,49,50,-1,29,50,34,-1,35,51,29,-1,29,51,52,-1,29,52,30,-1,2,18,4,-1,4,18,16,-1,4,16,14,-1,12,10,4,-1,4,10,8,-1,4,8,6,-1,31,33,53,-1,53,33,54,-1,53,54,55,-1,55,56,53,-1,53,56,57,-1,53,57,58,-1,58,57,59,-1,60,26,45,-1,60,45,61,-1,61,45,44,-1,61,44,62,-1,62,44,43,-1,62,43,63,-1,63,43,42,-1,63,42,64,-1,64,42,41,-1,64,41,65,-1,65,41,38,-1,65,38,66,-1,66,38,39,-1,66,39,67,-1,67,39,40,-1,67,40,68,-1,68,40,25,-1,68,25,69,-1,69,25,27,-1,69,27,70,-1,70,27,28,-1,70,28,71,-1,29,26,72,-1,72,26,60,-1,29,72,73,-1,29,73,48,-1,48,73,74,-1,48,74,46,-1,46,74,75,-1,46,75,47,-1,47,75,76,-1,47,76,49,-1,49,76,77,-1,49,77,50,-1,50,77,78,-1,50,78,34,-1,34,78,79,-1,34,79,35,-1,35,79,80,-1,35,80,51,-1,51,80,81,-1,51,81,52,-1,52,81,82,-1,52,82,30,-1,30,82,83,-1,30,83,24,-1,
        ]
    }
}
Shape{
    appearance Appearance {
        material  Material 	{
            diffuseColor 0.2549019607843137 0.2549019607843137 0.2549019607843137
            specularColor 0.2549019607843137 0.2549019607843137 0.2549019607843137
            ambientIntensity 0.2549
            transparency 0.0
            shininess 0.5
        }
    }
    geometry IndexedFaceSet {
        ccw TRUE
        solid FALSE
        coord DEF co Coordinate {
            point [
                -0.9614 -2.7161 2.3843, -0.9646 -2.7161 2.4291, -0.6496 -2.7161 2.1142, -0.2953 -2.7161 2.1142, -0.2953 -2.7161 3.0512, 0.0197 -2.7161 2.7362, 0.0197 -2.7161 2.4291, -0.2504 -2.7161 2.1174, -0.2065 -2.7161 2.1269, -0.9518 -2.7161 2.3404, -0.6944 -2.7161 2.1174, -0.7383 -2.7161 2.1269, -0.9646 -2.7161 2.7362, -0.6496 -2.7161 3.0512, -0.9614 -2.7161 2.781, -0.9518 -2.7161 2.825, -0.2504 -2.7161 3.048, -0.2065 -2.7161 3.0384, 0.0165 -2.7161 2.781, -0.1644 -2.7161 3.0227, -0.0303 -2.7161 2.9065, -0.0088 -2.7161 2.8671, -0.0572 -2.7161 2.9425, -0.089 -2.7161 2.9743, -0.125 -2.7161 3.0012, 0.0069 -2.7161 2.825, -0.089 -2.7161 2.1911, -0.125 -2.7161 2.1642, -0.1644 -2.7161 2.1426, -0.7804 -2.7161 2.1426, -0.8199 -2.7161 2.1642, -0.8559 -2.7161 2.1911, -0.9361 -2.7161 2.8671, -0.9146 -2.7161 2.9065, -0.6944 -2.7161 3.048, 0.0069 -2.7161 2.3404, -0.0088 -2.7161 2.2983, 0.0165 -2.7161 2.3843, -0.0303 -2.7161 2.2589, -0.0572 -2.7161 2.2229, -0.8876 -2.7161 2.2229, -0.9146 -2.7161 2.2589, -0.9361 -2.7161 2.2983, -0.8199 -2.7161 3.0012, -0.8559 -2.7161 2.9743, -0.8876 -2.7161 2.9425, -0.7804 -2.7161 3.0227, -0.7383 -2.7161 3.0384, -0.2953 -3.3067 2.1142, -0.6496 -3.3067 2.1142
            ]
        }
        coordIndex [
            0,1,2,-1,2,1,3,-1,4,5,3,-1,3,5,6,-1,3,6,7,-1,7,6,8,-1,0,2,9,-1,9,2,10,-1,9,10,11,-1,3,1,4,-1,4,1,12,-1,4,12,13,-1,13,12,14,-1,13,14,15,-1,4,16,5,-1,5,16,17,-1,5,17,18,-1,18,17,19,-1,20,21,22,-1,22,21,23,-1,19,24,18,-1,18,24,23,-1,18,23,25,-1,25,23,21,-1,26,27,6,-1,6,27,28,-1,6,28,8,-1,11,29,9,-1,9,29,30,-1,9,30,31,-1,15,32,13,-1,13,32,33,-1,13,33,34,-1,35,36,37,-1,37,36,38,-1,37,38,6,-1,6,38,39,-1,6,39,26,-1,31,40,9,-1,9,40,41,-1,9,41,42,-1,43,33,44,-1,44,33,45,-1,43,46,33,-1,33,46,47,-1,33,47,34,-1,48,49,3,-1,3,49,2,-1,
        ]
    }
}
Shape{
    appearance Appearance {
        material  Material 	{
            diffuseColor 0.8431372549019608 0.8156862745098039 0.7529411764705882
            specularColor 0.4235294117647059 0.40784313725490196 0.3764705882352941
            ambientIntensity 0.8167
            transparency 0.0
            shininess 0.5
        }
    }
    geometry IndexedFaceSet {
        ccw TRUE
        solid FALSE
        coord DEF co Coordinate {
            point [
                0.0197 -2.7161 2.4291, 0.0197 -2.7161 2.7362, 0.0197 -3.3067 2.4291, 0.0197 -3.3067 2.7362, 0.0165 -2.7161 2.781, 0.0165 -3.3067 2.781, 0.0069 -2.7161 2.825, 0.0069 -3.3067 2.825, -0.0088 -2.7161 2.8671, -0.0088 -3.3067 2.8671, -0.0303 -2.7161 2.9065, -0.0303 -3.3067 2.9065, -0.0572 -2.7161 2.9425, -0.0572 -3.3067 2.9425, -0.089 -2.7161 2.9743, -0.089 -3.3067 2.9743, -0.125 -2.7161 3.0012, -0.125 -3.3067 3.0012, -0.1644 -2.7161 3.0227, -0.1644 -3.3067 3.0227, -0.2065 -2.7161 3.0384, -0.2065 -3.3067 3.0384, -0.2504 -2.7161 3.048, -0.2504 -3.3067 3.048, -0.2953 -2.7161 3.0512, -0.2953 -3.3067 3.0512, -0.6496 -2.7161 3.0512, -0.6496 -3.3067 3.0512
            ]
        }
        coordIndex [
            0,1,2,-1,2,1,3,-1,3,1,4,-1,3,4,5,-1,5,4,6,-1,5,6,7,-1,7,6,8,-1,7,8,9,-1,9,8,10,-1,9,10,11,-1,11,10,12,-1,11,12,13,-1,13,12,14,-1,13,14,15,-1,15,14,16,-1,15,16,17,-1,17,16,18,-1,17,18,19,-1,19,18,20,-1,19,20,21,-1,21,20,22,-1,21,22,23,-1,23,22,24,-1,23,24,25,-1,24,26,25,-1,25,26,27,-1,
        ]
    }
}